policy_name,decision_count,mean_realized_latency_ms,mean_regret_ms,best_path_match_rate,success_rate_under_60ms,mean_decision_time_us
random,28,43.20267539348872,4.333291508454129,0.4642857142857143,0.9642857142857143,198.18007142857144
reactive_greedy,28,43.426592080707046,4.5572081956724615,0.32142857142857145,0.8928571428571429,221.3690357142857
predictive_greedy,28,41.57869947816961,2.7093155931350283,0.5,0.9285714285714286,190.9762142857143
predictive_graph_greedy,28,41.96604601589574,3.096662130861151,0.42857142857142855,0.9285714285714286,186.65332142857142
predictive_simple_fusion_greedy,28,41.771196596754486,2.9018127117199066,0.5,0.9285714285714286,181.5343571428572
predictive_consensus_greedy,28,41.92685439564558,3.0574705106109863,0.4642857142857143,0.9285714285714286,190.39135714285712
