policy_name,session_bin_index,chosen_relative_path,chosen_location,chosen_path_state,reactive_latency_ms,realized_next_latency_ms,retrospective_best_path_latency_ms,decision_gap_ms,retrospective_best_path_match,success_under_budget,decision_time_us,pred_forecast,pred_graph,pred_ensemble_mean,pred_ensemble_std,pred_disagreement,pred_simple_fusion,pred_consensus,pred_ensemble_uncertainty,pred_disagreement_aware,scenario_name
random,0,inside-out/active/bruhl/2025-03-02/ping-frntdeu1-2a0d:3341:b100:1e99::1-10ms-1h-2025-03-02-07-00-00.txt,bruhl,active,22.35437116564417,21.621100691016785,21.621100691016785,0.0,1,1,1330.459,22.639834452872492,24.030410766601562,23.332143990800127,0.6579667711109141,1.3905763137290705,23.126536162677667,23.543709056796388,25.125288670114493,24.982436289150474,in_distribution
random,1,inside-out/active/brisbane/2025-03-20/ping-sydyaus1-2406:2d40:4600:8118::1-10ms-1h-2025-03-20-08-00-00.txt,brisbane,active,35.85644411836635,32.10732538330494,21.99285535848114,10.114470024823799,0,1,296.541,32.01201180126009,34.07859802246094,32.96506496782746,0.8686928280148625,2.0665862212008506,32.73531697868039,33.355292845040644,36.17646247105966,36.12182934938178,in_distribution
random,2,inside-out/active/brisbane/2025-03-22/ping-sydyaus1-2406:2d40:4600:8118::1-10ms-1h-2025-03-22-14-00-00.txt,brisbane,active,34.015325670498086,32.15715284249767,20.917712833545107,11.239440008952567,0,1,279.583,38.11215248064673,39.215091705322266,36.662479537932946,1.3424227557000494,1.1029392246755378,38.49818120928316,38.82906297668582,39.597953725611305,40.868014020056705,in_distribution
random,3,inside-out/active/brisbane/2025-03-29/ping--2406:2d40:4600:8118::1-10ms-1h-2025-03-29-14-00-00.txt,brisbane,active,37.264363722697055,62.41384918679152,21.87104870775348,40.54280047903804,0,0,262.708,38.96413045259851,38.49993133544922,39.016989649358976,0.4519353939254119,0.46419911714929185,38.80166076159625,38.94092049674104,43.1157242765926,42.93280313710525,in_distribution
random,4,inside-out/active/brisbane/2025-03-30/ping--2406:2d40:4600:8118::1-10ms-1h-2025-03-30-02-00-00.txt,brisbane,active,25.304870129870128,36.39529208774957,27.56826171875,8.827030368999566,0,1,260.583,32.8155344368779,30.977359771728516,33.120383404252365,0.9540604895583263,1.8381746651493813,32.17217330407561,32.72362570362043,35.44770673651621,35.25449100129022,in_distribution
random,5,inside-out/active/brisbane/2025-03-31/ping--2406:2d40:4600:8118::1-10ms-1h-2025-03-31-02-00-00.txt,brisbane,active,34.113810982795194,33.901887705711516,20.876281257737062,13.025606447974454,0,1,257.625,36.5664488142138,37.06295394897461,36.713526357558976,0.4446771339795136,0.4965051347608096,36.74022561138008,36.889177151808326,39.25494234913926,39.14673580638006,in_distribution
random,6,inside-out/active/brisbane/2025-03-30/ping--2406:2d40:4600:8118::1-10ms-1h-2025-03-30-20-00-00.txt,brisbane,active,28.6844578313253,27.57585108988489,25.214902058021323,2.3609490318635658,0,1,265.458,32.18416267421071,30.34762191772461,32.42025606900016,0.6138759668684827,1.8365407564861016,31.541373409440574,32.0923356363864,34.660157315958934,34.79010028643686,in_distribution
random,7,inside-out/active/bruhl/2025-03-01/ping-frntdeu1-2a0d:3341:b100:1e99::1-10ms-1h-2025-03-01-19-00-00.txt,bruhl,active,25.90819385460904,33.370493827160495,23.1603478699269,10.210145957233596,0,1,257.208,24.809953988597044,25.440488815307617,24.900923471339425,0.27455262052822754,0.6305348267105728,25.030641177945746,25.21980162595892,26.680578688119816,26.856595860014195,in_distribution
random,8,inside-out/active/brisbane/2025-03-31/ping--2406:2d40:4600:8118::1-10ms-1h-2025-03-31-14-00-00.txt,brisbane,active,38.66540173342703,42.72222222222222,24.18876953125,18.533452690972222,0,1,253.208,39.153773544843716,38.70320510864258,39.412339441153904,0.8249483203126147,0.45056843620113796,38.996074592173315,39.13124512303366,42.725432691692774,42.050911351438636,in_distribution
random,9,inside-out/active/brisbane/2025-03-31/ping--2406:2d40:4600:8118::1-10ms-1h-2025-03-31-14-00-00.txt,brisbane,active,42.72222222222222,34.756639765223774,20.73554078240859,14.021098982815182,0,1,263.542,38.61265803599599,37.14974594116211,39.17582135851522,0.5512218858360066,1.4629120948338823,38.100638802804134,38.5395124312543,42.214010554056465,41.895741259835475,in_distribution
random,10,inside-out/active/brisbane/2025-03-31/ping--2406:2d40:4600:8118::1-10ms-1h-2025-03-31-02-00-00.txt,brisbane,active,29.088271453159575,37.63695441319108,21.42230124460249,16.214653168588587,0,1,252.291,34.344315054670005,35.24534225463867,34.38188768415292,0.6370995083057144,0.9010271999686665,34.659674574659036,34.929982734649634,36.988839207961476,37.14921234722577,in_distribution
random,11,inside-out/active/bruhl/2025-03-01/ping-frntdeu1-2a0d:3341:b100:1e99::1-10ms-1h-2025-03-01-18-00-00.txt,bruhl,active,22.088416893060018,23.344843945068664,20.387828947368423,2.9570149977002416,0,1,255.25,23.841095029935786,24.140857696533203,23.752266179421888,0.27107724114090326,0.2997626665974167,23.94601196324488,24.035940763224108,24.862204202967128,24.97254712257341,in_distribution
random,12,inside-out/active/bruhl/2025-03-02/ping-frntdeu1-2a0d:3341:b100:1e99::1-10ms-1h-2025-03-02-10-00-00.txt,bruhl,active,22.956370161497052,21.228443190561684,21.228443190561684,0.0,1,1,257.542,24.771564977239905,24.309961318969727,24.578563387768575,0.38225925649706266,0.46160365827017813,24.610003696845343,24.748484794326398,25.897014915839357,26.011043709159466,in_distribution
random,13,inside-out/active/bruhl/2025-03-01/ping-frntdeu1-2a0d:3341:b100:1e99::1-10ms-1h-2025-03-01-18-00-00.txt,bruhl,active,28.607970112079705,22.24049586776859,21.568996731204425,0.6714991365641652,0,1,295.959,27.4395198024813,25.051532745361328,26.522438050473127,0.6171953115574043,2.3879870571199717,26.603724332489307,27.3201204496253,34.72315760175985,36.251937045803956,in_distribution
random,14,inside-out/active/bruhl/2025-03-02/ping-frntdeu1-2a0d:3341:b100:1e99::1-10ms-1h-2025-03-02-03-00-00.txt,bruhl,active,23.74313676286073,25.049491441329696,25.049491441329696,0.0,1,1,255.792,24.375228899987633,24.714725494384766,24.313586572262555,0.29172711159664294,0.33949659439713287,24.49405270802663,24.59590168634577,25.607289041383535,25.70475848120898,in_distribution
random,15,inside-out/active/bruhl/2025-03-02/ping-frntdeu1-2a0d:3341:b100:1e99::1-10ms-1h-2025-03-02-04-00-00.txt,bruhl,active,23.252703712932966,22.43227928155831,20.97323392813493,1.4590453534233774,0,1,252.334,23.363583966728584,22.617128372192383,23.404188972377952,0.420289802925561,0.7464555945362008,23.102324508640912,23.326261187001773,24.759272920198185,24.739355579895935,in_distribution
random,16,inside-out/active/bruhl/2025-03-02/ping-frntdeu1-2a0d:3341:b100:1e99::1-10ms-1h-2025-03-02-07-00-00.txt,bruhl,active,23.569407407407407,23.944248653940285,20.537673956262424,3.4065746976778613,0,1,253.458,24.040779020849186,23.06610679626465,24.262219631566875,0.2875885693444429,0.9746722245845376,23.699643742244596,23.99204540961996,25.71211941650894,25.713589879845962,in_distribution
random,17,inside-out/active/bruhl/2025-03-02/ping-frntdeu1-2a0d:3341:b100:1e99::1-10ms-1h-2025-03-02-05-00-00.txt,bruhl,active,21.22907005734231,23.49381468703795,22.732245203089956,0.7615694839479943,0,1,252.125,22.3204690582661,22.21249771118164,22.383570825747636,0.3282694829512647,0.1079713470844581,22.282679086786537,22.315070490911875,23.647227678887713,23.386510905380735,in_distribution
random,18,inside-out/active/bruhl/2025-03-01/ping-frntdeu1-2a0d:3341:b100:1e99::1-10ms-1h-2025-03-01-23-00-00.txt,bruhl,active,23.261774074981624,23.833858077016227,20.900098015192356,2.9337600618238717,0,1,252.959,24.538711579471055,24.77980613708496,24.237298336772547,0.5482879436385536,0.24109455761390564,24.623094674635922,24.695423041920094,25.62599327709967,25.697011480279695,in_distribution
random,19,inside-out/active/bruhl/2025-03-02/ping-frntdeu1-2a0d:3341:b100:1e99::1-10ms-1h-2025-03-02-11-00-00.txt,bruhl,active,30.018466813617437,33.56108173076923,20.94179447852761,12.619287252241623,0,1,252.042,25.063603290001083,24.874435424804688,25.555159009956796,0.5025709128529979,0.18916786519639572,24.997394537182345,25.054144896741263,26.95705466891904,26.173696303661952,in_distribution
random,20,inside-out/active/bruhl/2025-03-02/ping-frntdeu1-2a0d:3341:b100:1e99::1-10ms-1h-2025-03-02-10-00-00.txt,bruhl,active,25.47538614848032,22.567924528301887,22.567924528301887,0.0,1,1,252.959,23.941928621729858,23.65106773376465,23.920572125327688,0.32935183499984494,0.29086088796520926,23.840127310942034,23.927385577331595,26.04736097029407,25.9525909900307,in_distribution
random,21,inside-out/active/bruhl/2025-03-02/ping-frntdeu1-2a0d:3341:b100:1e99::1-10ms-1h-2025-03-02-10-00-00.txt,bruhl,active,22.567924528301887,27.156,21.83513115959794,5.32086884040206,0,1,249.416,23.961511463685383,23.42216682434082,23.85039444210132,0.3461443815333366,0.5393446393445629,23.772740839914785,23.934544231718153,25.11962065992056,25.213834483059678,in_distribution
random,22,inside-out/active/bruhl/2025-03-02/ping-frntdeu1-2a0d:3341:b100:1e99::1-10ms-1h-2025-03-02-11-00-00.txt,bruhl,active,27.866138613861388,28.55621647976597,21.879531442663374,6.676685037102594,0,1,250.167,26.75199111627353,24.957874298095703,26.97622239321093,0.3330300878444562,1.7941168181778266,26.12405022991129,26.66228527536464,28.332449203113022,28.6657979284723,in_distribution
random,23,inside-out/active/brisbane/2025-03-21/ping-sydyaus1-2406:2d40:4600:8118::1-10ms-1h-2025-03-21-02-00-00.txt,brisbane,active,30.536685109453938,39.347776484284054,21.07638709677419,18.271389387509863,0,1,254.417,34.41467607764844,38.74289321899414,34.0933399175621,0.41575523996648095,4.328217141345704,35.92955207711943,37.228017219523146,36.38616560837246,39.641848194493214,in_distribution
random,24,inside-out/active/bruhl/2025-03-01/ping-frntdeu1-2a0d:3341:b100:1e99::1-10ms-1h-2025-03-01-10-00-00.txt,bruhl,active,22.32787377911345,21.302933201873305,21.302933201873305,0.0,1,1,250.333,23.997116479576107,22.70046615600586,23.628187926774412,0.29224765693064164,1.2966503235702476,23.54328886632652,23.932283963397595,26.740597773298482,27.473833229008807,in_distribution
random,25,inside-out/active/brisbane/2025-03-29/ping--2406:2d40:4600:8118::1-10ms-1h-2025-03-29-08-00-00.txt,brisbane,active,30.974090801045875,51.81156614544552,20.90941031941032,30.902155826035198,0,1,249.125,36.98963682766316,34.983184814453125,36.67675727411816,0.36223651555033004,2.006452013210037,36.28737862303965,36.889314227002664,39.278740919834675,40.222846492661446,in_distribution
random,26,inside-out/active/brisbane/2025-03-23/ping--2406:2d40:4600:8118::1-10ms-1h-2025-03-23-14-00-00.txt,brisbane,active,47.600307619498345,29.24097002193517,21.017214654767496,8.223755367167673,0,1,255.125,43.371070516906,44.62941360473633,43.45993660043606,1.1871528723644789,1.2583430878303261,43.81149059764662,44.18899352399571,46.93689622212778,46.9014228001971,in_distribution
random,27,inside-out/active/brisbane/2025-03-22/ping-sydyaus1-2406:2d40:4600:8118::1-10ms-1h-2025-03-22-20-00-00.txt,brisbane,active,28.25684717208183,35.104391072295,20.862968591691995,14.241422480603006,0,1,249.708,31.83615389185161,34.90020751953125,31.69756276670075,0.3982859401693058,3.064053627679641,32.90857266153948,33.82778874984337,33.80692337443672,35.94484026522033,in_distribution
random,28,inside-out/active/brisbane/2025-03-23/ping-sydyaus1-2406:2d40:4600:8118::1-10ms-1h-2025-03-23-02-00-00.txt,brisbane,active,45.51401776900296,50.689821514712975,21.53464133966508,29.155180175047896,0,1,252.208,40.98754577029922,43.56348419189453,41.05745781418329,0.6389139214493728,2.5759384215953105,41.88912421785758,42.661905744336174,45.238746236714974,46.62160256794036,in_distribution
random,29,inside-out/active/brisbane/2025-03-30/ping--2406:2d40:4600:8118::1-10ms-1h-2025-03-30-20-00-00.txt,brisbane,active,27.25682808716707,36.483214898309235,20.4912965798877,15.991918318421536,0,1,259.542,32.05831551299343,32.194908142089844,32.353454193324836,0.5479855579831697,0.13659262909641257,32.106122933177176,32.1471007219061,34.51493127211897,33.9112478951225,in_distribution
random,30,inside-out/active/bruhl/2025-03-02/ping-frntdeu1-2a0d:3341:b100:1e99::1-10ms-1h-2025-03-02-05-00-00.txt,bruhl,active,24.956040186228865,21.6326,21.29049887189772,0.34210112810227855,0,1,247.917,24.733810945274854,24.110754013061523,24.727099327801497,0.24995352317745076,0.6230569322133306,24.51574101900019,24.702658098664187,26.599985531650006,26.699607626236272,in_distribution
random,31,inside-out/active/brisbane/2025-03-30/ping--2406:2d40:4600:8118::1-10ms-1h-2025-03-30-02-00-00.txt,brisbane,active,35.18730158730159,33.898869376954536,25.085568760611206,8.81330061634333,0,1,246.416,34.55415115845881,34.63764190673828,35.11907758251862,0.6058912744694641,0.08349074827947334,34.583372920356624,34.608420144840466,37.02963980881482,36.07291299011251,in_distribution
random,32,inside-out/active/bruhl/2025-03-01/ping-frntdeu1-2a0d:3341:b100:1e99::1-10ms-1h-2025-03-01-16-00-00.txt,bruhl,active,22.28641276376737,25.91555944055944,19.962515754978572,5.9530436855808695,0,1,263.5,23.42073942231309,24.215579986572266,23.714574425222036,0.35393129595182926,0.7948405642591752,23.698933619803803,23.937385789081556,24.969584472884744,25.006431421206308,in_distribution
random,33,inside-out/active/bruhl/2025-03-02/ping-frntdeu1-2a0d:3341:b100:1e99::1-10ms-1h-2025-03-02-08-00-00.txt,bruhl,active,21.291404297851074,23.45291897332662,20.64453380246293,2.8083851708636907,0,1,250.667,23.24059673417105,23.22542953491211,23.06045372062735,0.2995452890523141,0.015167199258939945,23.23528821443042,23.2398383742081,24.15474901577705,24.117058302198036,in_distribution
random,34,inside-out/active/bruhl/2025-03-02/ping-frntdeu1-2a0d:3341:b100:1e99::1-10ms-1h-2025-03-02-10-00-00.txt,bruhl,active,24.548533007334964,22.929957805907172,22.929957805907172,0.0,1,1,251.792,24.436916885898427,24.372459411621094,24.272205106925,0.15785248466805232,0.06445747427733295,24.41435676990136,24.43369401218456,25.395143283344805,25.47047156224199,in_distribution
random,35,inside-out/active/bruhl/2025-03-02/ping-frntdeu1-2a0d:3341:b100:1e99::1-10ms-1h-2025-03-02-04-00-00.txt,bruhl,active,24.69245767060031,24.990523198420533,20.47603663190028,4.5144865665202545,0,1,248.041,23.514404877770176,23.48444938659668,23.74404159086626,0.2525062209014221,0.02995549117349583,23.50392045585945,23.5129071032115,25.1987264910941,24.79319008335002,in_distribution
random,36,inside-out/active/bruhl/2025-03-01/ping-frntdeu1-2a0d:3341:b100:1e99::1-10ms-1h-2025-03-01-00-00-00.txt,bruhl,active,27.30537914691943,25.450416871015204,20.86603063017826,4.584386240836945,0,1,273.5,24.717489951819516,24.73651885986328,24.91323474258205,0.45599127806519707,0.019028908043765114,24.724150069634835,24.729858742047963,26.374635128336756,25.85116856005815,in_distribution
random,37,inside-out/active/bruhl/2025-03-02/ping-frntdeu1-2a0d:3341:b100:1e99::1-10ms-1h-2025-03-02-05-00-00.txt,bruhl,active,21.675483870967746,21.14275018717245,21.082538898493457,0.0602112886789925,0,1,250.667,22.92614113286436,23.176776885986328,22.8492251384624,0.06499015031643537,0.2506357531219692,23.013863646457047,23.089054372393637,23.804816409572474,24.02096660607858,in_distribution
random,38,inside-out/active/bruhl/2025-03-02/ping-frntdeu1-2a0d:3341:b100:1e99::1-10ms-1h-2025-03-02-03-00-00.txt,bruhl,active,20.363096741601417,25.04346959122632,21.890744010088273,3.1527255811380464,0,1,249.792,23.001727037723867,22.147754669189453,22.853676567111798,0.3196573681975921,0.8539723685344143,22.70283670873682,22.959028419297145,23.92857201351879,24.221167023823153,in_distribution
random,39,inside-out/active/bruhl/2025-03-02/ping-frntdeu1-2a0d:3341:b100:1e99::1-10ms-1h-2025-03-02-08-00-00.txt,bruhl,active,24.093603782976604,24.8040239940015,21.85555555555555,2.94846843844595,0,1,247.458,24.301109690795784,24.65026092529297,24.21633351178719,0.23847251620386975,0.3491512344971852,24.423312622869798,24.528057993218955,25.725685188187793,25.89347040591637,in_distribution
random,40,inside-out/active/bruhl/2025-03-02/ping-frntdeu1-2a0d:3341:b100:1e99::1-10ms-1h-2025-03-02-01-00-00.txt,bruhl,active,23.689655172413794,21.241345427059713,21.241345427059713,0.0,1,1,251.292,23.89596572658502,23.353477478027344,23.8725530385654,0.1762342811193442,0.5424882485576745,23.70609483958983,23.868841314157134,25.60182094588019,25.73717763491125,in_distribution
random,41,inside-out/active/bruhl/2025-03-01/ping-frntdeu1-2a0d:3341:b100:1e99::1-10ms-1h-2025-03-01-22-00-00.txt,bruhl,active,24.54053789731051,25.861392563014725,25.861392563014725,0.0,1,1,260.75,25.873241439196136,25.95902442932129,25.514452962579572,0.30544749835290086,0.08578299012515345,25.90326548573994,25.929000382777485,26.97732127789658,27.171361373342332,in_distribution
random,42,inside-out/active/bruhl/2025-03-02/ping-frntdeu1-2a0d:3341:b100:1e99::1-10ms-1h-2025-03-02-11-00-00.txt,bruhl,active,23.930257406508012,21.86303293336737,21.144909875602945,0.7181230577644264,0,1,266.25,24.768294338036867,23.618900299072266,24.715908953142794,0.25300889222406175,1.1493940389646014,24.366006424399256,24.710824636088635,25.995294003817428,26.37515003707753,in_distribution
random,43,inside-out/active/bruhl/2025-03-01/ping-frntdeu1-2a0d:3341:b100:1e99::1-10ms-1h-2025-03-01-21-00-00.txt,bruhl,active,27.05807609475951,24.769090021956575,21.099264892268696,3.6698251296878794,0,1,249.5,27.37547885719232,25.34811782836914,27.329657445673288,0.49680170113152744,2.0273610288231794,26.665902497104206,27.27411080575116,28.962657767377525,29.548190366018343,in_distribution
random,44,inside-out/active/bruhl/2025-03-02/ping-frntdeu1-2a0d:3341:b100:1e99::1-10ms-1h-2025-03-02-09-00-00.txt,bruhl,active,23.385099177552007,23.2185686178062,22.39857142857143,0.819997189234769,0,1,249.375,24.9022179475769,23.84222412109375,24.789052818139478,0.2996985471554668,1.0599938264831508,24.5312201083078,24.849218256252744,26.040007668055456,26.405396109043696,in_distribution
random,45,inside-out/active/brisbane/2025-03-21/ping-sydyaus1-2406:2d40:4600:8118::1-10ms-1h-2025-03-21-08-00-00.txt,brisbane,active,37.90584209239795,48.63907522759943,21.101787463271304,27.537287764328124,0,1,248.0,39.24158671693658,39.786685943603516,38.93832682947598,0.8018201182525106,0.5450992266669346,39.43237144627001,39.59590121427009,42.343210103263985,42.4539293220354,in_distribution
random,46,inside-out/active/brisbane/2025-03-30/ping--2406:2d40:4600:8118::1-10ms-1h-2025-03-30-02-00-00.txt,brisbane,active,32.58885700621712,28.936185819070904,22.576217616580312,6.359968202490592,0,1,251.375,34.50524180312095,34.25642395019531,35.166236653778334,0.4933597207304559,0.24881785292564018,34.41815555459698,34.49280091047467,37.30613098134058,36.38708437395189,in_distribution
random,47,inside-out/active/brisbane/2025-03-22/ping-sydyaus1-2406:2d40:4600:8118::1-10ms-1h-2025-03-22-02-00-00.txt,brisbane,active,37.59326198005351,55.70135802469136,21.352409021014864,34.348949003676495,0,1,249.0,37.84893194121287,41.19961929321289,38.0596332721648,0.4749872458321924,3.3506873520000227,39.02167251441288,40.02687872001288,40.96586742412599,42.91194117279993,in_distribution
random,48,inside-out/active/bruhl/2025-03-01/ping-frntdeu1-2a0d:3341:b100:1e99::1-10ms-1h-2025-03-01-00-00-00.txt,bruhl,active,22.954475,22.63668212261721,21.65496575342466,0.9817163691925508,0,1,247.834,23.20930655508255,23.72065544128418,23.5307421672825,0.5036155214443262,0.5113488862016311,23.388278665253118,23.541683331113607,25.01026840210655,24.694632813474573,in_distribution
random,49,inside-out/active/bruhl/2025-03-01/ping-frntdeu1-2a0d:3341:b100:1e99::1-10ms-1h-2025-03-01-06-00-00.txt,bruhl,active,25.30204498977505,29.000200904068308,22.752465897166843,6.247735006901465,0,1,249.334,23.853538364061023,23.917837142944336,24.016008887498995,0.44940415695662694,0.06429877888331248,23.87604293667018,23.895332570335174,25.888837392756002,25.43753783576304,in_distribution
random,50,inside-out/active/bruhl/2025-03-01/ping-frntdeu1-2a0d:3341:b100:1e99::1-10ms-1h-2025-03-01-08-00-00.txt,bruhl,active,21.804290674603173,22.341340782122906,21.91474262868566,0.42659815343724716,0,1,249.625,24.67184841994549,25.831199645996094,24.828587774602184,0.4764619201901117,1.1593512260506031,25.0776213490632,25.42542671687838,26.276172690244334,26.631600314983004,in_distribution
random,51,inside-out/active/bruhl/2025-03-01/ping-frntdeu1-2a0d:3341:b100:1e99::1-10ms-1h-2025-03-01-02-00-00.txt,bruhl,active,20.572501897293193,22.256720901126407,20.069478908188582,2.1872419929378246,0,1,252.75,23.149945329278125,23.56783676147461,23.04269152625029,0.20692424769058584,0.41789143219648395,23.296207330546892,23.421574760205836,24.08018000921548,24.345659200622737,in_distribution
random,52,inside-out/active/bruhl/2025-03-01/ping-frntdeu1-2a0d:3341:b100:1e99::1-10ms-1h-2025-03-01-10-00-00.txt,bruhl,active,26.073634265196205,22.36214758519245,21.179303062302008,1.1828445228904414,0,1,248.083,23.781532163869997,24.103925704956055,23.961322893316595,0.3123676738362168,0.32239354108605767,23.894369903250116,23.991087965575932,25.161612146608682,24.989340817599462,in_distribution
random,53,inside-out/active/bruhl/2025-03-01/ping-frntdeu1-2a0d:3341:b100:1e99::1-10ms-1h-2025-03-01-07-00-00.txt,bruhl,active,26.740948942753995,35.57631318136769,20.62198079838302,14.954332382984667,0,1,248.875,24.661940876236258,25.314542770385742,24.68850951377154,0.4948336900464882,0.652601894149484,24.89035153918858,25.086132107433425,27.191648044799976,27.283405560341944,in_distribution
random,54,inside-out/active/brisbane/2025-03-30/ping--2406:2d40:4600:8118::1-10ms-1h-2025-03-30-20-00-00.txt,brisbane,active,38.096456413890856,33.973947750362846,22.08153328153328,11.892414468829568,0,1,247.375,35.99000993616664,34.93910217285156,36.29651870627899,0.4443348831803569,1.050907763315081,35.622192219006365,35.93746454800089,39.05218735505397,38.88533591604814,in_distribution
random,55,inside-out/active/bruhl/2025-03-02/ping-frntdeu1-2a0d:3341:b100:1e99::1-10ms-1h-2025-03-02-01-00-00.txt,bruhl,active,21.65060613876709,20.780806331931736,20.780806331931736,0.0,1,1,248.792,22.58210697047889,22.611621856689453,22.728474342514453,0.24005875191780168,0.029514886210563418,22.59243718065259,22.601291646515758,23.82633058307197,23.522055311755985,in_distribution
random,56,inside-out/active/bruhl/2025-03-01/ping-frntdeu1-2a0d:3341:b100:1e99::1-10ms-1h-2025-03-01-05-00-00.txt,bruhl,active,21.917866129843983,22.419876998769983,22.419876998769983,0.0,1,1,248.584,23.779831208813448,23.669048309326172,23.875189633210194,0.33259432825819923,0.11078289948727615,23.7410571939929,23.774292063839084,25.002356317306198,24.707404451485072,in_distribution
random,57,inside-out/active/bruhl/2025-03-02/ping-frntdeu1-2a0d:3341:b100:1e99::1-10ms-1h-2025-03-02-09-00-00.txt,bruhl,active,25.36848499285374,20.59482673267327,20.59482673267327,0.0,1,1,246.208,24.212487696866447,24.741186141967773,24.22180183778307,0.5085729170511244,0.5286984451013268,24.397532152651912,24.55614168618231,26.095383767056585,26.101163772177614,in_distribution
random,58,inside-out/active/bruhl/2025-03-02/ping-frntdeu1-2a0d:3341:b100:1e99::1-10ms-1h-2025-03-02-03-00-00.txt,bruhl,active,21.611631860126273,21.0371021135727,21.0371021135727,0.0,1,1,249.5,24.287617678102833,23.14447021484375,24.133241766951414,0.4400321112141701,1.1431474632590835,23.887516065962153,24.23046030493988,25.294578362249975,25.633346548457354,in_distribution
random,59,inside-out/active/brisbane/2025-03-23/ping-sydyaus1-2406:2d40:4600:8118::1-10ms-1h-2025-03-23-02-00-00.txt,brisbane,active,47.887217140105925,42.18,24.285714285714285,17.894285714285715,0,1,247.583,41.06022471664073,38.31080627441406,40.80413849974157,0.949710015141533,2.74941844222667,40.0979282618614,40.9227537945294,45.368939015470666,46.14998102001567,in_distribution
best_historical_path,0,inside-out/active/bruhl/2025-03-02/ping-frntdeu1-2a0d:3341:b100:1e99::1-10ms-1h-2025-03-02-07-00-00.txt,bruhl,active,22.35437116564417,21.621100691016785,21.621100691016785,0.0,1,1,292.042,22.639834452872492,24.030410766601562,23.332143990800127,0.6579667711109141,1.3905763137290705,23.126536162677667,23.543709056796388,25.125288670114493,24.982436289150474,in_distribution
best_historical_path,1,inside-out/active/bruhl/2025-03-02/ping-frntdeu1-2a0d:3341:b100:1e99::1-10ms-1h-2025-03-02-07-00-00.txt,bruhl,active,21.621100691016785,22.383109452736317,21.99285535848114,0.39025409425517665,0,1,358.792,21.80644724339254,23.558490753173828,22.317655298691804,0.710484142261171,1.7520435097812879,22.41966247181599,22.945275524750375,23.849080478567423,24.119041948908244,in_distribution
best_historical_path,2,inside-out/active/bruhl/2025-03-02/ping-frntdeu1-2a0d:3341:b100:1e99::1-10ms-1h-2025-03-02-05-00-00.txt,bruhl,active,23.981226811773436,23.07886676875957,20.917712833545107,2.1611539352144646,0,1,437.458,25.548310339071577,24.604900360107422,24.756960262458023,0.835841344094351,0.943409978964155,25.21811684643412,25.50113984012337,26.73868532831566,27.32768888739232,in_distribution
best_historical_path,3,inside-out/active/bruhl/2025-03-01/ping-frntdeu1-2a0d:3341:b100:1e99::1-10ms-1h-2025-03-01-04-00-00.txt,bruhl,active,22.299923136049195,22.88907130605244,21.87104870775348,1.018022598298959,0,1,285.292,22.160211083209106,23.302982330322266,22.57628534372353,0.3132643719621628,1.14277124711316,22.56018101969871,22.903012393832658,23.76464756071554,23.97070345656436,in_distribution
best_historical_path,4,inside-out/active/bruhl/2025-03-01/ping-frntdeu1-2a0d:3341:b100:1e99::1-10ms-1h-2025-03-01-15-00-00.txt,bruhl,active,23.06587478346944,27.56826171875,27.56826171875,0.0,1,1,266.833,24.607030972163557,26.212461471557617,24.650766629053095,0.4571477496314584,1.6054304993940605,25.168931646951478,25.650560796769696,26.175601001844427,26.99307740727684,in_distribution
best_historical_path,5,inside-out/active/bruhl/2025-03-02/ping-frntdeu1-2a0d:3341:b100:1e99::1-10ms-1h-2025-03-02-01-00-00.txt,bruhl,active,25.664444444444445,26.644427971336793,20.876281257737062,5.76814671359973,0,1,265.959,24.29733321192998,25.197954177856445,24.502179423421477,0.38149496783592385,0.9006209659264641,24.612550550004244,24.882736839782183,26.536905870479742,26.72140415755615,in_distribution
best_historical_path,6,inside-out/active/bruhl/2025-03-01/ping-frntdeu1-2a0d:3341:b100:1e99::1-10ms-1h-2025-03-01-16-00-00.txt,bruhl,active,24.88748717948718,25.214902058021323,25.214902058021323,0.0,1,1,252.625,24.56857732084063,24.365447998046875,24.544623626560604,0.345364297183644,0.20312932279375673,24.49748205786282,24.558420854700945,26.005239790380582,25.861578457030063,in_distribution
best_historical_path,7,inside-out/active/bruhl/2025-03-01/ping-frntdeu1-2a0d:3341:b100:1e99::1-10ms-1h-2025-03-01-11-00-00.txt,bruhl,active,21.5909332688588,28.606777587472475,23.1603478699269,5.446429717545577,0,1,254.834,23.48231747221962,22.979032516479492,23.289184287377296,0.5298941968622529,0.5032849557401278,23.306167737710574,23.457153224432613,24.649589500611427,24.67178026789012,in_distribution
best_historical_path,8,inside-out/active/bruhl/2025-03-02/ping-frntdeu1-2a0d:3341:b100:1e99::1-10ms-1h-2025-03-02-03-00-00.txt,bruhl,active,23.043459810284578,24.241065456282847,24.18876953125,0.052295925032847634,0,1,254.792,23.742803500575064,23.63355255126953,23.800825567935917,0.38192529263148367,0.10925094930553314,23.70456566831813,23.73734095310979,25.247173877267194,24.951870767620218,in_distribution
best_historical_path,9,inside-out/active/bruhl/2025-03-02/ping-frntdeu1-2a0d:3341:b100:1e99::1-10ms-1h-2025-03-02-05-00-00.txt,bruhl,active,22.17597612534195,24.731826218742107,20.73554078240859,3.9962854363335154,0,1,258.666,23.772354155925314,22.923925399780273,23.728303234209502,0.29308263296551945,0.8484287561450401,23.475404091274548,23.72993271811806,25.026951827194274,25.232983714451212,in_distribution
best_historical_path,10,inside-out/active/bruhl/2025-03-01/ping-frntdeu1-2a0d:3341:b100:1e99::1-10ms-1h-2025-03-01-06-00-00.txt,bruhl,active,24.750563449289565,21.57193813918683,21.42230124460249,0.14963689458434004,0,1,249.333,23.21307306401559,22.884035110473633,23.48845921520464,0.3310144707997085,0.3290379535419561,23.097909780275906,23.196621166338492,24.993262642513734,24.61768271731878,in_distribution
best_historical_path,11,inside-out/active/bruhl/2025-03-01/ping-frntdeu1-2a0d:3341:b100:1e99::1-10ms-1h-2025-03-01-04-00-00.txt,bruhl,active,23.807650137054573,23.205080213903745,20.387828947368423,2.8172512665353224,0,1,248.375,23.23610289667613,23.415868759155273,23.46498748504745,0.4255848234170883,0.17976586247914383,23.299020948543827,23.35295070728757,25.270267676798895,24.85701886772412,in_distribution
best_historical_path,12,inside-out/active/bruhl/2025-03-01/ping-frntdeu1-2a0d:3341:b100:1e99::1-10ms-1h-2025-03-01-04-00-00.txt,bruhl,active,23.205080213903745,24.9743935983996,21.228443190561684,3.745950407837917,0,1,251.458,24.268484190370145,22.924442291259766,24.210823015755125,0.17442327996602042,1.3440418991103797,23.798069525681512,24.201282095414626,25.529510055789444,26.06117262502962,in_distribution
best_historical_path,13,inside-out/active/bruhl/2025-03-02/ping-frntdeu1-2a0d:3341:b100:1e99::1-10ms-1h-2025-03-02-06-00-00.txt,bruhl,active,27.08160140562249,23.634319820940064,21.568996731204425,2.0653230897356387,0,1,257.916,25.0870272648599,24.844341278076172,25.169063148525986,0.42896453747784213,0.24268598678372655,25.002087169485595,25.074892965520714,27.200809792524595,26.906259199802804,in_distribution
best_historical_path,14,inside-out/active/bruhl/2025-03-01/ping-frntdeu1-2a0d:3341:b100:1e99::1-10ms-1h-2025-03-01-01-00-00.txt,bruhl,active,22.414789081885857,25.471818835370236,25.049491441329696,0.42232739404053987,0,1,253.417,24.04285856151546,23.19707489013672,23.936196076705095,0.2930252303738298,0.8457836713787401,23.7468342765329,24.000569377946523,25.090410557468438,25.35790677161886,in_distribution
best_historical_path,15,inside-out/active/bruhl/2025-03-02/ping-frntdeu1-2a0d:3341:b100:1e99::1-10ms-1h-2025-03-02-04-00-00.txt,bruhl,active,23.252703712932966,22.43227928155831,20.97323392813493,1.4590453534233774,0,1,248.167,23.363583966728584,22.617128372192383,23.404188972377952,0.420289802925561,0.7464555945362008,23.102324508640912,23.326261187001773,24.759272920198185,24.739355579895935,in_distribution
best_historical_path,16,inside-out/active/bruhl/2025-03-01/ping-frntdeu1-2a0d:3341:b100:1e99::1-10ms-1h-2025-03-01-01-00-00.txt,bruhl,active,20.97323392813493,24.56791686574295,20.537673956262424,4.030242909480528,0,1,255.958,23.21956348144704,22.888565063476562,23.406311500531462,0.5831164437029492,0.330998417970477,23.103714035157374,23.203013560548516,24.712123824523868,24.236987760748946,in_distribution
best_historical_path,17,inside-out/active/bruhl/2025-03-02/ping-frntdeu1-2a0d:3341:b100:1e99::1-10ms-1h-2025-03-02-05-00-00.txt,bruhl,active,21.22907005734231,23.49381468703795,22.732245203089956,0.7615694839479943,0,1,254.625,22.3204690582661,22.21249771118164,22.383570825747636,0.3282694829512647,0.1079713470844581,22.282679086786537,22.315070490911875,23.647227678887713,23.386510905380735,in_distribution
best_historical_path,18,inside-out/active/bruhl/2025-03-01/ping-frntdeu1-2a0d:3341:b100:1e99::1-10ms-1h-2025-03-01-04-00-00.txt,bruhl,active,19.37195544554455,21.47008588957055,20.900098015192356,0.5699878743781959,0,1,249.917,22.401339019173065,23.398569107055664,22.227503970733395,0.2770625621839558,0.997230087882599,22.750369549931975,23.049538576296754,23.01792210058752,23.73188279330117,in_distribution
best_historical_path,19,inside-out/active/bruhl/2025-03-01/ping-frntdeu1-2a0d:3341:b100:1e99::1-10ms-1h-2025-03-01-11-00-00.txt,bruhl,active,24.26618740704016,23.542348565356004,20.94179447852761,2.600554086828396,0,1,250.416,24.245250042005864,24.38475799560547,24.13053702261023,0.20207952173995,0.13950795359960466,24.294077825765726,24.335930211845607,25.552530272052238,25.62031461534261,in_distribution
best_historical_path,20,inside-out/active/bruhl/2025-03-02/ping-frntdeu1-2a0d:3341:b100:1e99::1-10ms-1h-2025-03-02-05-00-00.txt,bruhl,active,25.596773354150404,25.568180714112216,22.567924528301887,3.000256185810329,0,1,247.958,22.793679906745638,23.85782814025879,23.252710219311027,0.562185029569521,1.0641482335131514,23.16613178847524,23.485376258529186,25.254726565806855,25.172168656199187,in_distribution
best_historical_path,21,inside-out/active/bruhl/2025-03-01/ping-frntdeu1-2a0d:3341:b100:1e99::1-10ms-1h-2025-03-01-05-00-00.txt,bruhl,active,22.55219123505976,22.65705064548163,21.83513115959794,0.82191948588369,0,1,248.292,22.921129034533806,23.060667037963867,22.984261162335162,0.30712002213299183,0.1395380034300615,22.969967335734324,23.01182873676334,24.482715073692653,24.2938964318641,in_distribution
best_historical_path,22,inside-out/active/bruhl/2025-03-02/ping-frntdeu1-2a0d:3341:b100:1e99::1-10ms-1h-2025-03-02-11-00-00.txt,bruhl,active,27.866138613861388,28.55621647976597,21.879531442663374,6.676685037102594,0,1,248.417,26.75199111627353,24.957874298095703,26.97622239321093,0.3330300878444562,1.7941168181778266,26.12405022991129,26.66228527536464,28.332449203113022,28.6657979284723,in_distribution
best_historical_path,23,inside-out/active/bruhl/2025-03-02/ping-frntdeu1-2a0d:3341:b100:1e99::1-10ms-1h-2025-03-02-01-00-00.txt,bruhl,active,23.1512762193581,21.07638709677419,21.07638709677419,0.0,1,1,254.167,22.660641907537865,22.516389846801758,22.912480374537015,0.38040472842962614,0.14425206073610752,22.610153686280228,22.65342930450106,24.284390638237316,23.812162052247192,in_distribution
best_historical_path,24,inside-out/active/bruhl/2025-03-01/ping-frntdeu1-2a0d:3341:b100:1e99::1-10ms-1h-2025-03-01-10-00-00.txt,bruhl,active,22.32787377911345,21.302933201873305,21.302933201873305,0.0,1,1,248.333,23.997116479576107,22.70046615600586,23.628187926774412,0.29224765693064164,1.2966503235702476,23.54328886632652,23.932283963397595,26.740597773298482,27.473833229008807,in_distribution
best_historical_path,25,inside-out/active/bruhl/2025-03-01/ping-frntdeu1-2a0d:3341:b100:1e99::1-10ms-1h-2025-03-01-05-00-00.txt,bruhl,active,22.563471698113208,22.342750257997935,20.90941031941032,1.4333399385876149,0,1,251.0,23.492436203802754,23.31545639038086,23.310886929017254,0.15364429028011709,0.1769798134218945,23.430493269105092,23.48358721313166,24.54292781262964,24.6888847857449,in_distribution
best_historical_path,26,inside-out/active/bruhl/2025-03-01/ping-frntdeu1-2a0d:3341:b100:1e99::1-10ms-1h-2025-03-01-04-00-00.txt,bruhl,active,23.512874779541445,23.45261203268136,21.017214654767496,2.435397377913862,0,1,250.208,23.464448536272357,23.567617416381836,23.386050970419205,0.23219073284668207,0.10316888010947878,23.500557644310675,23.53150830834352,25.063060719468435,25.044691895768686,in_distribution
best_historical_path,27,inside-out/active/bruhl/2025-03-02/ping-frntdeu1-2a0d:3341:b100:1e99::1-10ms-1h-2025-03-02-11-00-00.txt,bruhl,active,23.99801020408163,20.862968591691995,20.862968591691995,0.0,1,1,388.417,25.032743017908615,25.133201599121094,24.91080242851568,0.4045299750067927,0.10045858121247875,25.067903521332983,25.098041095696725,26.389975379326557,26.28386242337376,in_distribution
best_historical_path,28,inside-out/active/bruhl/2025-03-01/ping-frntdeu1-2a0d:3341:b100:1e99::1-10ms-1h-2025-03-01-06-00-00.txt,bruhl,active,21.831869997574582,21.53464133966508,21.53464133966508,0.0,1,1,282.25,22.981139217331474,22.744813919067383,22.857775900675882,0.33705105421456216,0.23632529826409154,22.898425362939044,22.96932295241827,24.012130587909617,23.989051998123127,in_distribution
best_historical_path,29,inside-out/active/bruhl/2025-03-01/ping-frntdeu1-2a0d:3341:b100:1e99::1-10ms-1h-2025-03-01-04-00-00.txt,bruhl,active,22.393945218644884,20.4912965798877,20.4912965798877,0.0,1,1,265.416,24.111692481237696,24.273561477661133,23.942220223323325,0.2813066590154421,0.16186899642343633,24.168346629985898,24.216907328912928,25.049678063413243,25.12957207438361,in_distribution
best_historical_path,30,inside-out/active/bruhl/2025-03-02/ping-frntdeu1-2a0d:3341:b100:1e99::1-10ms-1h-2025-03-02-05-00-00.txt,bruhl,active,24.956040186228865,21.6326,21.29049887189772,0.34210112810227855,0,1,275.666,24.733810945274854,24.110754013061523,24.727099327801497,0.24995352317745076,0.6230569322133306,24.51574101900019,24.702658098664187,26.599985531650006,26.699607626236272,in_distribution
best_historical_path,31,inside-out/active/bruhl/2025-03-01/ping-frntdeu1-2a0d:3341:b100:1e99::1-10ms-1h-2025-03-01-03-00-00.txt,bruhl,active,25.462660944206007,25.085568760611206,25.085568760611206,0.0,1,1,264.458,23.637806700698093,22.596553802490234,24.02860310284139,0.4978700897835112,1.0412528982078584,23.273368186325342,23.5857440557877,25.971187908866224,25.675552743578827,in_distribution
best_historical_path,32,inside-out/active/bruhl/2025-03-01/ping-frntdeu1-2a0d:3341:b100:1e99::1-10ms-1h-2025-03-01-04-00-00.txt,bruhl,active,22.11757322175732,23.22061804697157,19.962515754978572,3.258102291992998,0,1,262.375,22.587491479138407,22.3936767578125,22.840293908464613,0.34855642100777434,0.19381472132590716,22.519656326674337,22.57780074307211,24.0740168052045,23.64701368471912,in_distribution
best_historical_path,33,inside-out/active/bruhl/2025-03-01/ping-frntdeu1-2a0d:3341:b100:1e99::1-10ms-1h-2025-03-01-02-00-00.txt,bruhl,active,21.813275862068966,20.64453380246293,20.64453380246293,0.0,1,1,252.417,22.66323868366726,22.900516510009766,22.533853031823178,0.2696191371211038,0.23727782634250616,22.746285922887136,22.81746927078989,23.818453005037306,23.92358267379744,in_distribution
best_historical_path,34,inside-out/active/bruhl/2025-03-02/ping-frntdeu1-2a0d:3341:b100:1e99::1-10ms-1h-2025-03-02-11-00-00.txt,bruhl,active,21.497691123653155,23.381447734750697,22.929957805907172,0.45148992884352523,0,1,328.083,23.10447129376189,23.39904022216797,23.00444108284485,0.29786200080080216,0.29456892840607907,23.207570418704016,23.29594109722584,24.108424956329994,24.205985362950994,in_distribution
best_historical_path,35,inside-out/active/bruhl/2025-03-02/ping-frntdeu1-2a0d:3341:b100:1e99::1-10ms-1h-2025-03-02-06-00-00.txt,bruhl,active,24.40665347514222,21.494468741960382,20.47603663190028,1.018432110060104,0,1,258.291,24.272651091619082,24.029949188232422,24.187284297570027,0.2029179945604156,0.24270190338665998,24.187705425433748,24.260515996449747,25.596316419999347,25.638710574652087,in_distribution
best_historical_path,36,inside-out/active/bruhl/2025-03-01/ping-frntdeu1-2a0d:3341:b100:1e99::1-10ms-1h-2025-03-01-05-00-00.txt,bruhl,active,20.47603663190028,20.86603063017826,20.86603063017826,0.0,1,1,261.708,22.799323263793667,22.45628547668457,22.74483843662505,0.23194868234715715,0.3430377871090968,22.679260038305483,22.78217137443821,23.651229061312595,23.68611938091994,in_distribution
best_historical_path,37,inside-out/active/bruhl/2025-03-02/ping-frntdeu1-2a0d:3341:b100:1e99::1-10ms-1h-2025-03-02-05-00-00.txt,bruhl,active,21.675483870967746,21.14275018717245,21.082538898493457,0.0602112886789925,0,1,249.375,22.92614113286436,23.176776885986328,22.8492251384624,0.06499015031643537,0.2506357531219692,23.013863646457047,23.089054372393637,23.804816409572474,24.02096660607858,in_distribution
best_historical_path,38,inside-out/active/bruhl/2025-03-01/ping-frntdeu1-2a0d:3341:b100:1e99::1-10ms-1h-2025-03-01-10-00-00.txt,bruhl,active,22.33787191124559,23.901005025125627,21.890744010088273,2.0102610150373543,0,1,250.917,23.745569748280104,23.196691513061523,23.627911266345723,0.14949400247488584,0.5488782352185808,23.5534623659536,23.718125836519174,24.69775144771027,24.95028463363685,in_distribution
best_historical_path,39,inside-out/active/bruhl/2025-03-02/ping-frntdeu1-2a0d:3341:b100:1e99::1-10ms-1h-2025-03-02-01-00-00.txt,bruhl,active,22.62457142857143,23.689655172413794,21.85555555555555,1.8340996168582429,0,1,268.5,23.63516272889956,23.36081314086914,23.59622493402504,0.20925134535902296,0.2743495880304181,23.539140373088912,23.621445249498038,24.791917161243617,24.797373761712556,in_distribution
best_historical_path,40,inside-out/active/bruhl/2025-03-01/ping-frntdeu1-2a0d:3341:b100:1e99::1-10ms-1h-2025-03-01-04-00-00.txt,bruhl,active,21.93523380845211,22.603270440251578,21.241345427059713,1.3619250131918648,0,1,258.291,23.379083884229658,22.26675033569336,23.248914687909114,0.23689137618864634,1.1123335485362986,22.989767142241952,23.323467206802842,24.40805763652706,24.861108397547454,in_distribution
best_historical_path,41,inside-out/active/bruhl/2025-03-01/ping-frntdeu1-2a0d:3341:b100:1e99::1-10ms-1h-2025-03-01-22-00-00.txt,bruhl,active,24.54053789731051,25.861392563014725,25.861392563014725,0.0,1,1,257.209,25.873241439196136,25.95902442932129,25.514452962579572,0.30544749835290086,0.08578299012515345,25.90326548573994,25.929000382777485,26.97732127789658,27.171361373342332,in_distribution
best_historical_path,42,inside-out/active/bruhl/2025-03-01/ping-frntdeu1-2a0d:3341:b100:1e99::1-10ms-1h-2025-03-01-11-00-00.txt,bruhl,active,23.930179090029043,21.144909875602945,21.144909875602945,0.0,1,1,256.125,24.373600837599042,23.62249183654785,24.184569462240454,0.47253844678514206,0.7511090010511907,24.110712687231125,24.33604538754648,25.784239771697553,25.95686636244032,in_distribution
best_historical_path,43,inside-out/active/bruhl/2025-03-02/ping-frntdeu1-2a0d:3341:b100:1e99::1-10ms-1h-2025-03-02-05-00-00.txt,bruhl,active,21.03521870286576,21.099264892268696,21.099264892268696,0.0,1,1,259.791,22.786356927210363,22.32449722290039,22.82027393959478,0.1622090298608455,0.4618597043099726,22.624706030701873,22.763263941994865,23.789256209255303,23.841519291414738,in_distribution
best_historical_path,44,inside-out/active/bruhl/2025-03-01/ping-frntdeu1-2a0d:3341:b100:1e99::1-10ms-1h-2025-03-01-11-00-00.txt,bruhl,active,22.196437346437342,23.91460763520679,22.39857142857143,1.5160362066353592,0,1,260.625,23.84625896437683,23.161640167236328,23.628124915803834,0.14591585843492838,0.6846187971405016,23.606642385377654,23.812028024519805,24.593234583750295,25.01001019721032,in_distribution
best_historical_path,45,inside-out/active/bruhl/2025-03-02/ping-frntdeu1-2a0d:3341:b100:1e99::1-10ms-1h-2025-03-02-06-00-00.txt,bruhl,active,22.632470588235293,21.61528989225244,21.101787463271304,0.5135024289811376,0,1,251.709,23.474062066045008,22.935026168823242,23.802367347465186,0.41446415168453576,0.5390358972217655,23.28539950201739,23.44711027118392,25.570655904321224,25.174068662887436,in_distribution
best_historical_path,46,inside-out/active/bruhl/2025-03-01/ping-frntdeu1-2a0d:3341:b100:1e99::1-10ms-1h-2025-03-01-10-00-00.txt,bruhl,active,23.226392961876833,22.576217616580312,22.576217616580312,0.0,1,1,249.292,25.21211196891636,24.83721351623535,25.110076480561375,0.29352866642735403,0.3748984526810091,25.08089751047801,25.19336704628231,26.381325776762576,26.4319190690035,in_distribution
best_historical_path,47,inside-out/active/bruhl/2025-03-02/ping-frntdeu1-2a0d:3341:b100:1e99::1-10ms-1h-2025-03-02-06-00-00.txt,bruhl,active,19.863144779466733,21.352409021014864,21.352409021014864,0.0,1,1,254.125,23.507833093374757,22.219301223754883,23.35392858526946,0.572019317950741,1.2885318696198738,23.0568469390078,23.443406499893765,24.49837725883357,24.80310661980475,in_distribution
best_historical_path,48,inside-out/active/bruhl/2025-03-02/ping-frntdeu1-2a0d:3341:b100:1e99::1-10ms-1h-2025-03-02-09-00-00.txt,bruhl,active,25.097167701863356,22.746979530703943,21.65496575342466,1.0920137772792842,0,1,258.125,24.138461626439494,24.215421676635742,24.514480254920944,0.4938961042093,0.07696005019624863,24.16539764400818,24.188485659067055,26.063207580309587,25.37448691131835,in_distribution
best_historical_path,49,inside-out/active/bruhl/2025-03-01/ping-frntdeu1-2a0d:3341:b100:1e99::1-10ms-1h-2025-03-01-06-00-00.txt,bruhl,active,25.30204498977505,29.000200904068308,22.752465897166843,6.247735006901465,0,1,250.625,23.853538364061023,23.917837142944336,24.016008887498995,0.44940415695662694,0.06429877888331248,23.87604293667018,23.895332570335174,25.888837392756002,25.43753783576304,in_distribution
best_historical_path,50,inside-out/active/bruhl/2025-03-01/ping-frntdeu1-2a0d:3341:b100:1e99::1-10ms-1h-2025-03-01-09-00-00.txt,bruhl,active,24.386828774062817,21.91474262868566,21.91474262868566,0.0,1,1,260.959,23.753268746992944,23.44748306274414,23.886311838965682,0.2732630210275242,0.3057856842488036,23.646243757505864,23.737979462780505,25.411402276615306,25.211015476783885,in_distribution
best_historical_path,51,inside-out/active/bruhl/2025-03-01/ping-frntdeu1-2a0d:3341:b100:1e99::1-10ms-1h-2025-03-01-05-00-00.txt,bruhl,active,25.495048309178745,22.45883685800604,20.069478908188582,2.389357949817459,0,1,266.792,24.11257247693993,24.850502014160156,24.268970259543934,0.22877399357402697,0.737929537220225,24.37084781496701,24.592226676133077,25.551906425382864,25.77737530051351,in_distribution
best_historical_path,52,inside-out/active/bruhl/2025-03-01/ping-frntdeu1-2a0d:3341:b100:1e99::1-10ms-1h-2025-03-01-11-00-00.txt,bruhl,active,21.314613320322028,21.179303062302008,21.179303062302008,0.0,1,1,253.75,23.747221604960032,23.67287826538086,23.57538009598131,0.491215955820843,0.07434333957917261,23.72120143610732,23.743504437981073,24.754246703375493,24.59113074829921,in_distribution
best_historical_path,53,inside-out/active/bruhl/2025-03-01/ping-frntdeu1-2a0d:3341:b100:1e99::1-10ms-1h-2025-03-01-11-00-00.txt,bruhl,active,21.179303062302008,20.62198079838302,20.62198079838302,0.0,1,1,257.458,22.59738867953456,23.805208206176758,22.556491661623713,0.4965759585385712,1.2078195266421972,23.02012551385933,23.382471371851988,24.526623563063627,25.100953257052193,in_distribution
best_historical_path,54,inside-out/active/bruhl/2025-03-01/ping-frntdeu1-2a0d:3341:b100:1e99::1-10ms-1h-2025-03-01-05-00-00.txt,bruhl,active,25.85693307655272,28.597628059550846,22.08153328153328,6.5160947780175675,0,1,255.584,24.996244200689944,24.835649490356445,24.889536655916494,0.3283310561709865,0.16059471033349837,24.940036052073218,24.988214465173268,26.617037954118715,26.549764826414,in_distribution
best_historical_path,55,inside-out/active/bruhl/2025-03-02/ping-frntdeu1-2a0d:3341:b100:1e99::1-10ms-1h-2025-03-02-01-00-00.txt,bruhl,active,21.65060613876709,20.780806331931736,20.780806331931736,0.0,1,1,254.75,22.58210697047889,22.611621856689453,22.728474342514453,0.24005875191780168,0.029514886210563418,22.59243718065259,22.601291646515758,23.82633058307197,23.522055311755985,in_distribution
best_historical_path,56,inside-out/active/bruhl/2025-03-02/ping-frntdeu1-2a0d:3341:b100:1e99::1-10ms-1h-2025-03-02-05-00-00.txt,bruhl,active,23.040902255639097,24.526233892535863,22.419876998769983,2.1063568937658808,0,1,251.667,24.827886041307465,23.274982452392578,24.29665432109639,0.3610572564314956,1.5529035889148872,24.284369785187252,24.75024086186172,28.821357848120307,29.78060324101946,in_distribution
best_historical_path,57,inside-out/active/bruhl/2025-03-02/ping-frntdeu1-2a0d:3341:b100:1e99::1-10ms-1h-2025-03-02-01-00-00.txt,bruhl,active,22.1087841191067,23.286052894211576,20.59482673267327,2.6912261615383066,0,1,267.209,23.33459092506382,22.71363639831543,23.261557745958306,0.3030889065225992,0.6209545267483918,23.117256840701884,23.303543198726402,24.41746150840946,24.542607544659802,in_distribution
best_historical_path,58,inside-out/active/bruhl/2025-03-01/ping-frntdeu1-2a0d:3341:b100:1e99::1-10ms-1h-2025-03-01-04-00-00.txt,bruhl,active,23.509030998291433,24.01265854265108,21.0371021135727,2.975556429078381,0,1,269.417,23.505086800812023,23.668073654174805,23.532906951796008,0.11236348682116229,0.1629868533627814,23.562132199489,23.611028255497835,24.85535026997506,24.86549764389729,in_distribution
best_historical_path,59,inside-out/active/brisbane/2025-03-21/ping-sydyaus1-2406:2d40:4600:8118::1-10ms-1h-2025-03-21-14-00-00.txt,brisbane,active,42.46602766318855,24.285714285714285,24.285714285714285,0.0,1,1,248.584,38.631482829013294,38.83983612060547,38.21121070960073,0.793120369953238,0.20835329159217508,38.704406481070556,38.766912468548206,42.56954579398706,42.55124260462883,in_distribution
highest_reply_availability,0,inside-out/active/brisbane/2025-03-20/ping-sydyaus1-2406:2d40:4600:8118::1-10ms-1h-2025-03-20-20-00-00.txt,brisbane,active,38.6064990512334,51.16257211538461,21.621100691016785,29.541471424367828,0,1,276.375,38.584297414031425,41.25372314453125,38.768967800920066,0.5598944000729028,2.6694257304998246,39.51859641970636,40.31942413885631,41.868298093382435,43.26577620431399,in_distribution
highest_reply_availability,1,inside-out/active/brisbane/2025-03-22/ping-sydyaus1-2406:2d40:4600:8118::1-10ms-1h-2025-03-22-20-00-00.txt,brisbane,active,42.37334123222749,34.16490129995185,21.99285535848114,12.17204594147071,0,1,259.292,39.120591814863474,35.75342559814453,40.111375242859964,1.346556419556324,3.3671662167189425,37.94208363901184,38.952233504027525,44.23194259365239,43.74646664851219,in_distribution
highest_reply_availability,2,inside-out/active/brisbane/2025-03-22/ping-sydyaus1-2406:2d40:4600:8118::1-10ms-1h-2025-03-22-14-00-00.txt,brisbane,active,34.015325670498086,32.15715284249767,20.917712833545107,11.239440008952567,0,1,260.375,38.11215248064673,39.215091705322266,36.662479537932946,1.3424227557000494,1.1029392246755378,38.49818120928316,38.82906297668582,39.597953725611305,40.868014020056705,in_distribution
highest_reply_availability,3,inside-out/active/brisbane/2025-03-23/ping--2406:2d40:4600:8118::1-10ms-1h-2025-03-23-14-00-00.txt,brisbane,active,33.19030805687204,39.99507191700071,21.87104870775348,18.124023209247227,0,1,266.875,34.3568836653194,35.04294204711914,34.64609898917271,0.36273362075854865,0.6860583817997394,34.59700409894931,34.802821613489236,36.758350517036085,36.711628763963674,in_distribution
highest_reply_availability,4,inside-out/active/brisbane/2025-03-30/ping--2406:2d40:4600:8118::1-10ms-1h-2025-03-30-14-00-00.txt,brisbane,active,41.31339347675225,40.03965598491989,27.56826171875,12.471394266169888,0,1,248.167,40.77707793628451,37.93388748168945,40.69664410195534,0.5858714260515242,2.84319045459506,39.78196127717624,40.63491841355476,43.55816150168553,44.478627471043836,in_distribution
highest_reply_availability,5,inside-out/active/brisbane/2025-03-31/ping--2406:2d40:4600:8118::1-10ms-1h-2025-03-31-02-00-00.txt,brisbane,active,34.113810982795194,33.901887705711516,20.876281257737062,13.025606447974454,0,1,247.875,36.5664488142138,37.06295394897461,36.713526357558976,0.4446771339795136,0.4965051347608096,36.74022561138008,36.889177151808326,39.25494234913926,39.14673580638006,in_distribution
highest_reply_availability,6,inside-out/active/brisbane/2025-03-29/ping--2406:2d40:4600:8118::1-10ms-1h-2025-03-29-20-00-00.txt,brisbane,active,33.02808138159451,30.811587263586304,25.214902058021323,5.596685205564981,0,1,251.208,33.82182252502844,33.631351470947266,34.180125084737305,0.8031241008675883,0.19047105408117204,33.755157656100025,33.81229897232438,36.60318113061005,35.72824746958702,in_distribution
highest_reply_availability,7,inside-out/active/brisbane/2025-03-29/ping--2406:2d40:4600:8118::1-10ms-1h-2025-03-29-14-00-00.txt,brisbane,active,35.1082931311739,49.21824656188605,23.1603478699269,26.05789869195915,0,1,253.167,39.40439006705856,38.750244140625,39.67179603445837,1.2854569880451898,0.6541459264335572,39.17543899280681,39.371682770736875,42.868243739389634,41.931110697851025,in_distribution
highest_reply_availability,8,inside-out/active/brisbane/2025-03-31/ping--2406:2d40:4600:8118::1-10ms-1h-2025-03-31-14-00-00.txt,brisbane,active,38.66540173342703,42.72222222222222,24.18876953125,18.533452690972222,0,1,253.375,39.153773544843716,38.70320510864258,39.412339441153904,0.8249483203126147,0.45056843620113796,38.996074592173315,39.13124512303366,42.725432691692774,42.050911351438636,in_distribution
highest_reply_availability,9,inside-out/active/brisbane/2025-03-31/ping--2406:2d40:4600:8118::1-10ms-1h-2025-03-31-08-00-00.txt,brisbane,active,38.85297717109909,34.88161244695898,20.73554078240859,14.14607166455039,0,1,254.208,40.76595806832938,41.454444885253906,40.62811872700433,0.7825638384143682,0.6884868169245237,41.006928454252964,41.213474499330324,45.022856502275744,45.09013807748341,in_distribution
highest_reply_availability,10,inside-out/active/brisbane/2025-03-29/ping--2406:2d40:4600:8118::1-10ms-1h-2025-03-29-02-00-00.txt,brisbane,active,26.94361605107159,35.19404344779257,21.42230124460249,13.771742203190083,0,1,251.375,35.23777765809973,36.56731414794922,35.08122218343249,0.9739086647998882,1.3295364898494881,35.703115429547054,36.1019763765019,37.36311532273286,37.786391666187306,in_distribution
highest_reply_availability,11,inside-out/active/brisbane/2025-03-23/ping-sydyaus1-2406:2d40:4600:8118::1-10ms-1h-2025-03-23-02-00-00.txt,brisbane,active,39.29045284780579,44.93895720609936,20.387828947368423,24.551128258730937,0,1,251.917,38.56836552222012,38.823856353759766,38.54870450605013,0.7363548724173723,0.255490831539646,38.65778731325899,38.734434562720885,41.90071731712552,41.55973030263721,in_distribution
highest_reply_availability,12,inside-out/active/brisbane/2025-03-31/ping--2406:2d40:4600:8118::1-10ms-1h-2025-03-31-20-00-00.txt,brisbane,active,39.08640454760777,51.984998772403635,21.228443190561684,30.75655558184195,0,1,249.25,37.54278986499685,36.181480407714844,37.59534289738084,0.4971034770458458,1.3613094572820046,37.06633155494815,37.47472439213275,40.98535582022366,41.17256443583218,in_distribution
highest_reply_availability,13,inside-out/active/brisbane/2025-03-20/ping-sydyaus1-2406:2d40:4600:8118::1-10ms-1h-2025-03-20-08-00-00.txt,brisbane,active,31.405626423690205,34.105410447761194,21.568996731204425,12.536413716556769,0,1,276.666,37.408592820213926,38.63844299316406,37.66457549623211,0.8745058153787718,1.2298501729501368,37.83904038074647,38.207995432631506,39.946601150189686,39.95712674235003,in_distribution
highest_reply_availability,14,inside-out/active/brisbane/2025-03-20/ping-sydyaus1-2406:2d40:4600:8118::1-10ms-1h-2025-03-20-08-00-00.txt,brisbane,active,34.105410447761194,44.56102923411452,25.049491441329696,19.511537792784825,0,1,270.042,39.394278271864096,37.05985641479492,38.77543161155874,0.8911942196256069,2.3344218570691737,38.57723062188988,39.277557179010635,41.42536966095013,42.42631049221741,in_distribution
highest_reply_availability,15,inside-out/active/brisbane/2025-03-22/ping-sydyaus1-2406:2d40:4600:8118::1-10ms-1h-2025-03-22-02-00-00.txt,brisbane,active,30.05960391314722,31.201189626457293,20.97323392813493,10.227955698322361,0,1,263.75,34.13635275289107,37.376827239990234,34.09263670963134,0.5711040153926027,3.2404744870991635,35.27051882337578,36.24266116950553,36.43921460636856,38.48495850340821,in_distribution
highest_reply_availability,16,inside-out/active/brisbane/2025-03-22/ping-sydyaus1-2406:2d40:4600:8118::1-10ms-1h-2025-03-22-20-00-00.txt,brisbane,active,29.47234696289293,25.03317025440313,20.537673956262424,4.495496298140708,0,1,255.25,34.01378111405302,34.58450698852539,33.63266598106658,0.5041408074024541,0.5707258744723731,34.21353517011835,34.38475293246006,35.1247226206428,35.55577655393168,in_distribution
highest_reply_availability,17,inside-out/active/bruhl/2025-03-01/ping-frntdeu1-2a0d:3341:b100:1e99::1-10ms-1h-2025-03-01-17-00-00.txt,bruhl,active,24.3369461648404,22.732245203089956,22.732245203089956,0.0,1,1,252.458,25.455935182614667,25.191326141357422,25.12794679986768,0.4127622046835603,0.2646090412572448,25.36332201817463,25.442704730551807,26.780804994822674,26.91829579262275,in_distribution
highest_reply_availability,18,inside-out/active/brisbane/2025-03-30/ping--2406:2d40:4600:8118::1-10ms-1h-2025-03-30-08-00-00.txt,brisbane,active,33.407552383145294,35.258222651533444,20.900098015192356,14.358124636341088,0,1,247.625,41.19712278783118,38.006858825683594,40.9358889799489,0.802237258755596,3.190263962147583,40.08053040107953,41.0376095897238,43.964878424320254,45.06005307110225,in_distribution
highest_reply_availability,19,inside-out/active/brisbane/2025-03-31/ping--2406:2d40:4600:8118::1-10ms-1h-2025-03-31-08-00-00.txt,brisbane,active,32.7686186540732,33.02380261248186,20.94179447852761,12.08200813395425,0,1,247.833,35.93464544260041,32.656761169433594,36.70340638900302,1.33396294170218,3.277884273166819,34.787385946992025,35.77075122894207,39.94499423561679,39.65080900586262,in_distribution
highest_reply_availability,20,inside-out/active/bruhl/2025-03-02/ping-frntdeu1-2a0d:3341:b100:1e99::1-10ms-1h-2025-03-02-04-00-00.txt,bruhl,active,26.7806657223796,23.090688556726292,22.567924528301887,0.5227640284244046,0,1,258.708,24.585143935489214,23.705322265625,24.634610198278786,0.40494573006996104,0.8798216698642136,24.27720635103674,24.541152851996003,26.44768623232206,26.490430423418914,in_distribution
highest_reply_availability,21,inside-out/active/bruhl/2025-03-02/ping-frntdeu1-2a0d:3341:b100:1e99::1-10ms-1h-2025-03-02-10-00-00.txt,bruhl,active,22.567924528301887,27.156,21.83513115959794,5.32086884040206,0,1,257.375,23.961511463685383,23.42216682434082,23.85039444210132,0.3461443815333366,0.5393446393445629,23.772740839914785,23.934544231718153,25.11962065992056,25.213834483059678,in_distribution
highest_reply_availability,22,inside-out/active/bruhl/2025-03-01/ping-frntdeu1-2a0d:3341:b100:1e99::1-10ms-1h-2025-03-01-16-00-00.txt,bruhl,active,23.76572412097369,24.56388081395349,21.879531442663374,2.6843493712901143,0,1,253.75,24.527570789588935,24.532907485961914,24.280781100946957,0.29417688083017873,0.005336696372978622,24.52943863331948,24.531039642231374,25.604135210233572,25.63429476053265,in_distribution
highest_reply_availability,23,inside-out/active/bruhl/2025-03-01/ping-frntdeu1-2a0d:3341:b100:1e99::1-10ms-1h-2025-03-01-21-00-00.txt,bruhl,active,27.438258823529413,22.46892641129032,21.07638709677419,1.392539314516128,0,1,251.041,25.323175494561838,25.747072219848633,25.254241419149587,0.48659618789694703,0.4238967252867951,25.471539348412215,25.598708365998252,26.677122582291883,26.69903206074652,in_distribution
highest_reply_availability,24,inside-out/active/brisbane/2025-03-31/ping--2406:2d40:4600:8118::1-10ms-1h-2025-03-31-02-00-00.txt,brisbane,active,32.763438024454565,32.179486564299424,21.302933201873305,10.876553362426119,0,1,260.75,34.45499106870102,35.26277542114258,34.78130120102539,0.2751112029881531,0.8077843524415584,34.737715592055565,34.98005089778803,36.6896882108662,36.76288294063188,in_distribution
highest_reply_availability,25,inside-out/active/brisbane/2025-03-22/ping-sydyaus1-2406:2d40:4600:8118::1-10ms-1h-2025-03-22-02-00-00.txt,brisbane,active,35.98589057043073,34.97131070249882,20.90941031941032,14.0619003830885,0,1,252.208,35.79672886578828,41.206207275390625,35.33105434576325,1.0878080986095127,5.409478409602343,37.6900463091491,39.3128898320298,38.71147952001721,42.41840677328686,in_distribution
highest_reply_availability,26,inside-out/active/brisbane/2025-03-23/ping-sydyaus1-2406:2d40:4600:8118::1-10ms-1h-2025-03-23-02-00-00.txt,brisbane,active,44.14228704784131,42.02249503968254,21.017214654767496,21.005280384915043,0,1,249.333,42.37677265633465,42.3853645324707,41.26318216485648,0.7125615749159865,0.008591876136051724,42.37977981298227,42.382357375823084,46.268793265714336,46.85440648310755,in_distribution
highest_reply_availability,27,inside-out/active/brisbane/2025-03-20/ping-sydyaus1-2406:2d40:4600:8118::1-10ms-1h-2025-03-20-20-00-00.txt,brisbane,active,44.19325575872714,42.484657730971755,20.862968591691995,21.62168913927976,0,1,261.542,41.64069114781887,44.48805236816406,41.2958878108452,0.6853613865779276,2.847361220345192,42.637267574939685,43.49147594104324,44.56513067378862,46.53143388608774,in_distribution
highest_reply_availability,28,inside-out/active/brisbane/2025-03-21/ping-sydyaus1-2406:2d40:4600:8118::1-10ms-1h-2025-03-21-08-00-00.txt,brisbane,active,39.73601120971509,35.012362570241876,21.53464133966508,13.477721230576797,0,1,251.75,37.502857767573005,38.61473083496094,38.2606063727883,1.6181002277263095,1.1118730673879327,37.89201334115879,38.22557526137517,42.80656433032617,41.66914535485708,in_distribution
highest_reply_availability,29,inside-out/active/brisbane/2025-03-20/ping-sydyaus1-2406:2d40:4600:8118::1-10ms-1h-2025-03-20-14-00-00.txt,brisbane,active,36.80177611591493,30.33840479483633,20.4912965798877,9.84710821494863,0,1,252.167,35.14485753548797,38.00112533569336,35.39080218787301,0.5301030795336519,2.856267800205387,36.144551265559855,37.00143160562147,37.84883109196927,39.347509980088034,in_distribution
highest_reply_availability,30,inside-out/active/brisbane/2025-03-31/ping--2406:2d40:4600:8118::1-10ms-1h-2025-03-31-14-00-00.txt,brisbane,active,42.9457963568426,36.4424890617404,21.29049887189772,15.151990189842682,0,1,255.208,40.88245001967971,36.0780143737793,41.04604733295397,0.44831716584874054,4.804435645900412,39.200897543614566,40.64222823738469,43.84775096799902,45.509911820993395,in_distribution
highest_reply_availability,31,inside-out/active/brisbane/2025-03-30/ping--2406:2d40:4600:8118::1-10ms-1h-2025-03-30-02-00-00.txt,brisbane,active,35.18730158730159,33.898869376954536,25.085568760611206,8.81330061634333,0,1,247.166,34.55415115845881,34.63764190673828,35.11907758251862,0.6058912744694641,0.08349074827947334,34.583372920356624,34.608420144840466,37.02963980881482,36.07291299011251,in_distribution
highest_reply_availability,32,inside-out/active/brisbane/2025-03-31/ping--2406:2d40:4600:8118::1-10ms-1h-2025-03-31-02-00-00.txt,brisbane,active,36.24143606870229,28.76348708041536,19.962515754978572,8.800971325436787,0,1,251.291,38.53602900124679,36.14693832397461,38.51452420694089,0.5761910347149309,2.389090677272179,37.69984726420152,38.41657446738318,40.46329267549386,41.12774499853604,in_distribution
highest_reply_availability,33,inside-out/active/brisbane/2025-03-21/ping-sydyaus1-2406:2d40:4600:8118::1-10ms-1h-2025-03-21-14-00-00.txt,brisbane,active,36.804715639810425,26.220093457943925,20.64453380246293,5.575559655480994,0,1,248.375,35.71156825830167,37.953704833984375,35.657691333724564,0.5417598397106951,2.242136575682707,36.496316059790615,37.16895703249543,37.74240781070083,39.07156728725695,in_distribution
highest_reply_availability,34,inside-out/active/brisbane/2025-03-31/ping--2406:2d40:4600:8118::1-10ms-1h-2025-03-31-02-00-00.txt,brisbane,active,39.49537251272559,27.146782407407407,22.929957805907172,4.216824601500235,0,1,251.5,38.884867299496364,37.975440979003906,38.722423099078405,0.6534739067977813,0.9094263204924573,38.566568087324,38.83939598347174,40.78275271832288,40.864333332864106,in_distribution
highest_reply_availability,35,inside-out/active/brisbane/2025-03-22/ping-sydyaus1-2406:2d40:4600:8118::1-10ms-1h-2025-03-22-14-00-00.txt,brisbane,active,36.59379194630873,45.01955990220049,20.47603663190028,24.543523270300213,0,1,248.292,38.68244742217212,37.19442367553711,38.21766284975813,1.2995665234754263,1.4880237466350081,38.16163911084986,38.608046234840366,40.53378555105515,40.69350591684832,in_distribution
highest_reply_availability,36,inside-out/active/brisbane/2025-03-23/ping--2406:2d40:4600:8118::1-10ms-1h-2025-03-23-14-00-00.txt,brisbane,active,33.723725212464586,35.460403321470935,20.86603063017826,14.594372691292676,0,1,256.875,33.20862825824588,35.22322082519531,33.54471051797538,0.8348929359237139,2.014592566949432,33.913735656678185,34.518113426763016,36.51054889529962,37.05924135883941,in_distribution
highest_reply_availability,37,inside-out/active/brisbane/2025-03-30/ping--2406:2d40:4600:8118::1-10ms-1h-2025-03-30-20-00-00.txt,brisbane,active,35.85570267131243,34.936991192573196,21.082538898493457,13.854452294079739,0,1,248.959,37.331770203524684,35.560176849365234,37.00371654515459,0.6682291498436761,1.7715933541594495,36.71171252956888,37.243190535816716,40.136780443280784,40.760879248639874,in_distribution
highest_reply_availability,38,inside-out/active/brisbane/2025-03-21/ping-sydyaus1-2406:2d40:4600:8118::1-10ms-1h-2025-03-21-20-00-00.txt,brisbane,active,35.2882796435915,39.894151904877454,21.890744010088273,18.00340789478918,0,1,250.125,36.11243035030839,39.50973892211914,35.732838379958075,0.501322473292456,3.397308571810754,37.30148835044215,38.32068092198538,38.51333157974659,41.064913123985626,in_distribution
highest_reply_availability,39,inside-out/active/brisbane/2025-03-22/ping-sydyaus1-2406:2d40:4600:8118::1-10ms-1h-2025-03-22-02-00-00.txt,brisbane,active,29.715043240782887,39.86346889952153,21.85555555555555,18.007913343965978,0,1,247.875,35.86011103979308,38.57923889160156,35.405401766949275,1.091427544100461,2.71912785180848,36.81180578792605,37.62754414346859,37.943587348744614,39.61907185236943,in_distribution
highest_reply_availability,40,inside-out/active/brisbane/2025-03-30/ping--2406:2d40:4600:8118::1-10ms-1h-2025-03-30-20-00-00.txt,brisbane,active,25.368930733019504,28.73500603136309,21.241345427059713,7.4936606043033755,0,1,250.042,35.161199618663886,33.23015594482422,34.85321137562179,0.8240981356734342,1.9310436738396675,34.48533433282,35.0646474349719,36.54934344730887,37.10822774182374,in_distribution
highest_reply_availability,41,inside-out/active/brisbane/2025-03-21/ping-sydyaus1-2406:2d40:4600:8118::1-10ms-1h-2025-03-21-08-00-00.txt,brisbane,active,44.747206572769954,43.0262681590855,25.861392563014725,17.16487559607077,0,1,250.042,40.717233341088104,37.12828063964844,40.41068252428855,0.6754500317335022,3.5889527014396663,39.46109989558422,40.537785706016116,43.49877067347241,44.91376268211968,in_distribution
highest_reply_availability,42,inside-out/active/brisbane/2025-03-20/ping-sydyaus1-2406:2d40:4600:8118::1-10ms-1h-2025-03-20-14-00-00.txt,brisbane,active,33.172908093278465,36.90296037296037,21.144909875602945,15.758050497357427,0,1,290.875,36.45884989337901,38.15970230102539,36.202128357744726,0.863590912777311,1.70085240764638,37.05414823605524,37.56440395834915,38.435649470637294,39.32031712742338,in_distribution
highest_reply_availability,43,inside-out/active/brisbane/2025-03-23/ping--2406:2d40:4600:8118::1-10ms-1h-2025-03-23-14-00-00.txt,brisbane,active,41.124432607688746,58.46088748787585,21.099264892268696,37.36162259560716,0,1,253.125,38.33460430708419,39.39607620239258,38.21088182288427,0.4875607440593799,1.0614718953083866,38.70611947044213,39.02456103903465,40.960357118386284,41.51451296602296,in_distribution
highest_reply_availability,44,inside-out/active/brisbane/2025-03-22/ping-sydyaus1-2406:2d40:4600:8118::1-10ms-1h-2025-03-22-08-00-00.txt,brisbane,active,27.99819862526665,25.704377766847024,22.39857142857143,3.3058063382755947,0,1,254.0,33.61799859731036,35.48714065551758,33.30541232423813,0.5859570100651257,1.869142058207217,34.272198317682886,34.832940935145054,35.66274159650728,36.93771665568608,in_distribution
highest_reply_availability,45,inside-out/active/bruhl/2025-03-01/ping-frntdeu1-2a0d:3341:b100:1e99::1-10ms-1h-2025-03-01-13-00-00.txt,bruhl,active,26.52635310801229,21.850785468826707,21.101787463271304,0.7489980055554035,0,1,251.875,25.54097625054601,24.962194442749023,25.669483123615926,0.3245553725746726,0.578781807796986,25.338402617817067,25.51203716015616,27.037352623697966,26.925881034705686,in_distribution
highest_reply_availability,46,inside-out/active/brisbane/2025-03-30/ping--2406:2d40:4600:8118::1-10ms-1h-2025-03-30-02-00-00.txt,brisbane,active,32.58885700621712,28.936185819070904,22.576217616580312,6.359968202490592,0,1,254.167,34.50524180312095,34.25642395019531,35.166236653778334,0.4933597207304559,0.24881785292564018,34.41815555459698,34.49280091047467,37.30613098134058,36.38708437395189,in_distribution
highest_reply_availability,47,inside-out/active/brisbane/2025-03-29/ping--2406:2d40:4600:8118::1-10ms-1h-2025-03-29-14-00-00.txt,brisbane,active,41.214877161055504,33.18772447724477,21.352409021014864,11.835315456229907,0,1,250.833,38.85993716549092,39.92756271362305,39.47464864323313,0.40727958772411277,1.0676255481321277,39.23360610733717,39.553893771776806,41.76828805456877,41.64883604713257,in_distribution
highest_reply_availability,48,inside-out/active/bruhl/2025-03-01/ping-frntdeu1-2a0d:3341:b100:1e99::1-10ms-1h-2025-03-01-14-00-00.txt,bruhl,active,25.117144906743185,21.65496575342466,21.65496575342466,0.0,1,1,251.458,25.74149464018774,27.115203857421875,25.76615313393186,0.6719562873829081,1.3737092172341363,26.222292866219686,26.634405631389928,27.400482822267712,27.902139025912014,in_distribution
highest_reply_availability,49,inside-out/active/brisbane/2025-03-29/ping--2406:2d40:4600:8118::1-10ms-1h-2025-03-29-02-00-00.txt,brisbane,active,27.973393160320157,35.63712515489467,22.752465897166843,12.884659257727826,0,1,252.5,32.37933556014195,31.197898864746094,32.24404002894046,0.49069956987172236,1.1814366953958597,31.965832716753404,32.320263725372165,34.367735263110006,34.666652629835845,in_distribution
highest_reply_availability,50,inside-out/active/brisbane/2025-03-30/ping--2406:2d40:4600:8118::1-10ms-1h-2025-03-30-08-00-00.txt,brisbane,active,40.41308812992596,37.77811661380824,21.91474262868566,15.863373985122578,0,1,249.458,40.039340002937024,37.58122253417969,39.64427165842504,0.9954177611547197,2.4581174687573366,39.17899888887196,39.91643412949916,43.41824204102042,44.17289992560717,in_distribution
highest_reply_availability,51,inside-out/active/brisbane/2025-03-21/ping-sydyaus1-2406:2d40:4600:8118::1-10ms-1h-2025-03-21-02-00-00.txt,brisbane,active,38.65080683436165,36.2029893924783,20.069478908188582,16.13351048428972,0,1,252.833,35.43100615569438,35.9708366394043,36.002867806851704,0.4714708710474485,0.5398304837099204,35.61994682499285,35.78189597010583,37.737984389750686,37.217392448090216,in_distribution
highest_reply_availability,52,inside-out/active/bruhl/2025-03-01/ping-frntdeu1-2a0d:3341:b100:1e99::1-10ms-1h-2025-03-01-09-00-00.txt,bruhl,active,26.06695095948827,24.50820537428023,21.179303062302008,3.328902311978222,0,1,254.75,25.25554286599254,23.74721336364746,25.07838484191724,0.4849427534728532,1.5083295023450773,24.72762754017176,25.180126390875284,26.704662542991418,27.196861778017357,in_distribution
highest_reply_availability,53,inside-out/active/brisbane/2025-03-29/ping--2406:2d40:4600:8118::1-10ms-1h-2025-03-29-02-00-00.txt,brisbane,active,35.825831936796746,40.0937575904785,20.62198079838302,19.471776792095483,0,1,263.25,33.663318486634125,33.13367462158203,34.01350592388752,0.7558487461730293,0.529643865052094,33.47794313386589,33.63683629338152,37.04496797041209,36.36623371280236,in_distribution
highest_reply_availability,54,inside-out/active/bruhl/2025-03-01/ping-frntdeu1-2a0d:3341:b100:1e99::1-10ms-1h-2025-03-01-00-00-00.txt,bruhl,active,27.50608409678177,24.577353753452172,22.08153328153328,2.4958204719188934,0,1,250.542,24.795369841144748,24.662757873535156,25.001258976214135,0.28272236861983996,0.13261196760959137,24.748955652481392,24.78873924276427,26.435169272867896,26.076913746757942,in_distribution
highest_reply_availability,55,inside-out/active/brisbane/2025-03-21/ping-sydyaus1-2406:2d40:4600:8118::1-10ms-1h-2025-03-21-14-00-00.txt,brisbane,active,43.48751455858374,34.3423936553713,20.780806331931736,13.561587323439568,0,1,247.75,36.628136389738756,37.97039031982422,37.06078731368173,0.7724939623845111,1.3422539300854623,37.09792526526867,37.50060144429431,39.53892321285299,39.53359226468574,in_distribution
highest_reply_availability,56,inside-out/active/brisbane/2025-03-29/ping--2406:2d40:4600:8118::1-10ms-1h-2025-03-29-14-00-00.txt,brisbane,active,39.119510473052486,40.66148744670773,22.419876998769983,18.24161044793775,0,1,249.0,35.462748675264265,36.11184310913086,36.34770148241193,0.8967703601227142,0.649094433866594,35.689931727117575,35.88466005727755,39.495104207336354,38.4243944554966,in_distribution
highest_reply_availability,57,inside-out/active/brisbane/2025-03-20/ping-sydyaus1-2406:2d40:4600:8118::1-10ms-1h-2025-03-20-14-00-00.txt,brisbane,active,42.349687427645286,37.92474526928675,20.59482673267327,17.329918536613484,0,1,249.084,38.98307591826233,40.76852798461914,38.39490084477925,1.743016267094619,1.785452066356811,39.607984141487215,40.143619761394255,41.27311366926954,41.893115592199266,in_distribution
highest_reply_availability,58,inside-out/active/bruhl/2025-03-01/ping-frntdeu1-2a0d:3341:b100:1e99::1-10ms-1h-2025-03-01-19-00-00.txt,bruhl,active,26.58515294117647,25.73585220500596,21.0371021135727,4.698750091433258,0,1,250.209,25.420474357415515,25.86759376525879,25.664358705325498,0.6993330801265027,0.44711940784327453,25.576966150160658,25.71110197251364,27.4917467340335,27.058702131911097,in_distribution
highest_reply_availability,59,inside-out/active/brisbane/2025-03-23/ping-sydyaus1-2406:2d40:4600:8118::1-10ms-1h-2025-03-23-02-00-00.txt,brisbane,active,47.887217140105925,42.18,24.285714285714285,17.894285714285715,0,1,249.042,41.06022471664073,38.31080627441406,40.80413849974157,0.949710015141533,2.74941844222667,40.0979282618614,40.9227537945294,45.368939015470666,46.14998102001567,in_distribution
reactive_greedy,0,inside-out/active/bruhl/2025-03-02/ping-frntdeu1-2a0d:3341:b100:1e99::1-10ms-1h-2025-03-02-07-00-00.txt,bruhl,active,22.35437116564417,21.621100691016785,21.621100691016785,0.0,1,1,286.125,22.639834452872492,24.030410766601562,23.332143990800127,0.6579667711109141,1.3905763137290705,23.126536162677667,23.543709056796388,25.125288670114493,24.982436289150474,in_distribution
reactive_greedy,1,inside-out/active/bruhl/2025-03-02/ping-frntdeu1-2a0d:3341:b100:1e99::1-10ms-1h-2025-03-02-07-00-00.txt,bruhl,active,21.621100691016785,22.383109452736317,21.99285535848114,0.39025409425517665,0,1,252.375,21.80644724339254,23.558490753173828,22.317655298691804,0.710484142261171,1.7520435097812879,22.41966247181599,22.945275524750375,23.849080478567423,24.119041948908244,in_distribution
reactive_greedy,2,inside-out/active/bruhl/2025-03-02/ping-frntdeu1-2a0d:3341:b100:1e99::1-10ms-1h-2025-03-02-09-00-00.txt,bruhl,active,21.38468625498008,20.917712833545107,20.917712833545107,0.0,1,1,264.958,23.96196663415776,23.25639533996582,23.28044073850228,0.7577666647879702,0.705571294191941,23.715016681190583,23.926688069448165,24.718112753348134,25.14882073279901,in_distribution
reactive_greedy,3,inside-out/active/bruhl/2025-03-02/ping-frntdeu1-2a0d:3341:b100:1e99::1-10ms-1h-2025-03-02-09-00-00.txt,bruhl,active,20.917712833545107,24.32526150627615,21.87104870775348,2.4542127985226685,0,1,253.0,21.21073939083817,24.244060516357422,21.905449690971988,0.6136250718087757,3.033321125519251,22.27240178476991,23.18239812242569,23.900670069732087,25.020731809881127,in_distribution
reactive_greedy,4,inside-out/active/bruhl/2025-03-01/ping-frntdeu1-2a0d:3341:b100:1e99::1-10ms-1h-2025-03-01-15-00-00.txt,bruhl,active,23.06587478346944,27.56826171875,27.56826171875,0.0,1,1,249.417,24.607030972163557,26.212461471557617,24.650766629053095,0.4571477496314584,1.6054304993940605,25.168931646951478,25.650560796769696,26.175601001844427,26.99307740727684,in_distribution
reactive_greedy,5,inside-out/active/bruhl/2025-03-01/ping-frntdeu1-2a0d:3341:b100:1e99::1-10ms-1h-2025-03-01-01-00-00.txt,bruhl,active,20.92266046055855,30.919635826771653,20.876281257737062,10.043354569034591,0,1,255.917,22.540807698315803,23.706310272216797,22.916771836518976,0.48059896066854585,1.1655025739009943,22.94873359918115,23.29838437135145,24.23143293334344,24.369146505064602,in_distribution
reactive_greedy,6,inside-out/active/bruhl/2025-03-01/ping-frntdeu1-2a0d:3341:b100:1e99::1-10ms-1h-2025-03-01-15-00-00.txt,bruhl,active,23.4781512605042,25.65002405002405,25.214902058021323,0.4351219920027276,0,1,252.25,23.982498893497905,23.575092315673828,24.038394980760067,0.45511393536333833,0.4074065778240765,23.839906591259478,23.9621285646067,25.431662898724078,25.217764319960242,in_distribution
reactive_greedy,7,inside-out/active/bruhl/2025-03-02/ping-frntdeu1-2a0d:3341:b100:1e99::1-10ms-1h-2025-03-02-02-00-00.txt,bruhl,active,20.7472049689441,23.526065533382607,23.1603478699269,0.3657176634557082,0,1,252.417,22.46566831582004,22.83785057067871,22.559382127722515,0.3377835548890475,0.3721822548586715,22.595932105020573,22.707586781478174,23.657252419600532,23.589337632675274,in_distribution
reactive_greedy,8,inside-out/active/bruhl/2025-03-01/ping-frntdeu1-2a0d:3341:b100:1e99::1-10ms-1h-2025-03-01-08-00-00.txt,bruhl,active,22.304320522481788,24.18876953125,24.18876953125,0.0,1,1,249.375,23.670656065837647,24.184785842895508,23.57427981999823,0.2975238403533828,0.5141297770578603,23.8506014878079,24.00484042092526,24.786551589933936,25.04538228830171,in_distribution
reactive_greedy,9,inside-out/active/bruhl/2025-03-01/ping-frntdeu1-2a0d:3341:b100:1e99::1-10ms-1h-2025-03-01-02-00-00.txt,bruhl,active,20.726799007444168,22.534695451040864,20.73554078240859,1.7991546686322728,0,1,252.959,23.614126250860863,22.4804630279541,23.382003363350705,0.4674958662963896,1.1336632229067618,23.217344122843496,23.557443089715523,24.539664573397722,24.931314011493633,in_distribution
reactive_greedy,10,inside-out/active/bruhl/2025-03-02/ping-frntdeu1-2a0d:3341:b100:1e99::1-10ms-1h-2025-03-02-11-00-00.txt,bruhl,active,21.314161108260645,23.78927536231884,21.42230124460249,2.3669741177163495,0,1,250.958,23.665071504779917,23.492055892944336,23.65032099111114,0.34316009709912243,0.17301561183558078,23.604516040637463,23.656420724188138,24.772820802109912,24.60805826828036,in_distribution
reactive_greedy,11,inside-out/active/bruhl/2025-03-01/ping-frntdeu1-2a0d:3341:b100:1e99::1-10ms-1h-2025-03-01-09-00-00.txt,bruhl,active,21.01039603960396,20.387828947368423,20.387828947368423,0.0,1,1,256.209,23.500789119006186,24.486385345458984,23.48715435038655,0.40706545048762416,0.9855962264527989,23.845747798264664,24.141426666200505,24.445075215415187,24.892608066008698,in_distribution
reactive_greedy,12,inside-out/active/bruhl/2025-03-02/ping-frntdeu1-2a0d:3341:b100:1e99::1-10ms-1h-2025-03-02-10-00-00.txt,bruhl,active,22.956370161497052,21.228443190561684,21.228443190561684,0.0,1,1,247.375,24.771564977239905,24.309961318969727,24.578563387768575,0.38225925649706266,0.46160365827017813,24.610003696845343,24.748484794326398,25.897014915839357,26.011043709159466,in_distribution
reactive_greedy,13,inside-out/active/bruhl/2025-03-02/ping-frntdeu1-2a0d:3341:b100:1e99::1-10ms-1h-2025-03-02-04-00-00.txt,bruhl,active,21.420887155739702,21.568996731204425,21.568996731204425,0.0,1,1,249.916,23.254076751887624,22.292390823364258,23.167328058409517,0.2145142406037828,0.9616859285233659,22.917486676904446,23.205992455461455,24.200490185290946,24.559111866151728,in_distribution
reactive_greedy,14,inside-out/active/bruhl/2025-03-01/ping-frntdeu1-2a0d:3341:b100:1e99::1-10ms-1h-2025-03-01-01-00-00.txt,bruhl,active,22.414789081885857,25.471818835370236,25.049491441329696,0.42232739404053987,0,1,247.5,24.04285856151546,23.19707489013672,23.936196076705095,0.2930252303738298,0.8457836713787401,23.7468342765329,24.000569377946523,25.090410557468438,25.35790677161886,in_distribution
reactive_greedy,15,inside-out/active/bruhl/2025-03-01/ping-frntdeu1-2a0d:3341:b100:1e99::1-10ms-1h-2025-03-01-16-00-00.txt,bruhl,active,21.567251461988302,25.35020366598778,20.97323392813493,4.37696973785285,0,1,248.584,22.962723226777598,23.114797592163086,22.933306319650256,0.21254780143054258,0.1520743653854879,23.015949254662516,23.06157156427816,23.994286350806966,23.978348180900518,in_distribution
reactive_greedy,16,inside-out/active/bruhl/2025-03-01/ping-frntdeu1-2a0d:3341:b100:1e99::1-10ms-1h-2025-03-01-01-00-00.txt,bruhl,active,20.97323392813493,24.56791686574295,20.537673956262424,4.030242909480528,0,1,249.125,23.21956348144704,22.888565063476562,23.406311500531462,0.5831164437029492,0.330998417970477,23.103714035157374,23.203013560548516,24.712123824523868,24.236987760748946,in_distribution
reactive_greedy,17,inside-out/active/bruhl/2025-03-02/ping-frntdeu1-2a0d:3341:b100:1e99::1-10ms-1h-2025-03-02-05-00-00.txt,bruhl,active,21.22907005734231,23.49381468703795,22.732245203089956,0.7615694839479943,0,1,248.291,22.3204690582661,22.21249771118164,22.383570825747636,0.3282694829512647,0.1079713470844581,22.282679086786537,22.315070490911875,23.647227678887713,23.386510905380735,in_distribution
reactive_greedy,18,inside-out/active/bruhl/2025-03-01/ping-frntdeu1-2a0d:3341:b100:1e99::1-10ms-1h-2025-03-01-04-00-00.txt,bruhl,active,19.37195544554455,21.47008588957055,20.900098015192356,0.5699878743781959,0,1,247.291,22.401339019173065,23.398569107055664,22.227503970733395,0.2770625621839558,0.997230087882599,22.750369549931975,23.049538576296754,23.01792210058752,23.73188279330117,in_distribution
reactive_greedy,19,inside-out/active/bruhl/2025-03-01/ping-frntdeu1-2a0d:3341:b100:1e99::1-10ms-1h-2025-03-01-06-00-00.txt,bruhl,active,20.900098015192356,20.94179447852761,20.94179447852761,0.0,1,1,250.708,23.049060081406424,23.15058708190918,22.86705849976243,0.33147942117435175,0.10152700050275598,23.08459453158239,23.115052631733217,23.929164217733174,23.938701483873473,in_distribution
reactive_greedy,20,inside-out/active/bruhl/2025-03-01/ping-frntdeu1-2a0d:3341:b100:1e99::1-10ms-1h-2025-03-01-16-00-00.txt,bruhl,active,23.47966815255077,23.243678743349378,22.567924528301887,0.6757542150474904,0,1,249.417,24.787956726032462,23.935941696166992,24.515782250648176,0.23289076201363673,0.8520150298654698,24.489751465579552,24.745355974539194,25.986959218344193,26.46787238565771,in_distribution
reactive_greedy,21,inside-out/active/bruhl/2025-03-02/ping-frntdeu1-2a0d:3341:b100:1e99::1-10ms-1h-2025-03-02-00-00-00.txt,bruhl,active,21.84493226292022,23.756999749561732,21.83513115959794,1.9218685899637933,0,1,248.541,23.165532564432397,23.892629623413086,23.207107777505932,0.341142502701155,0.7270970589806893,23.42001653507564,23.638145652769847,24.32529816765841,24.573188871794525,in_distribution
reactive_greedy,22,inside-out/active/bruhl/2025-03-01/ping-frntdeu1-2a0d:3341:b100:1e99::1-10ms-1h-2025-03-01-16-00-00.txt,bruhl,active,23.76572412097369,24.56388081395349,21.879531442663374,2.6843493712901143,0,1,239.5,24.527570789588935,24.532907485961914,24.280781100946957,0.29417688083017873,0.005336696372978622,24.52943863331948,24.531039642231374,25.604135210233572,25.63429476053265,in_distribution
reactive_greedy,23,inside-out/active/bruhl/2025-03-01/ping-frntdeu1-2a0d:3341:b100:1e99::1-10ms-1h-2025-03-01-10-00-00.txt,bruhl,active,21.848869223205508,22.32787377911345,21.07638709677419,1.2514866823392587,0,1,251.25,23.761573585762562,23.082740783691406,23.608192708457413,0.2567507746685812,0.678832802071156,23.523982105037657,23.727631945659002,24.81337620236109,25.079668759596824,in_distribution
reactive_greedy,24,inside-out/active/bruhl/2025-03-01/ping-frntdeu1-2a0d:3341:b100:1e99::1-10ms-1h-2025-03-01-10-00-00.txt,bruhl,active,22.32787377911345,21.302933201873305,21.302933201873305,0.0,1,1,250.125,23.997116479576107,22.70046615600586,23.628187926774412,0.29224765693064164,1.2966503235702476,23.54328886632652,23.932283963397595,26.740597773298482,27.473833229008807,in_distribution
reactive_greedy,25,inside-out/active/bruhl/2025-03-01/ping-frntdeu1-2a0d:3341:b100:1e99::1-10ms-1h-2025-03-01-02-00-00.txt,bruhl,active,20.604673379808933,20.90941031941032,20.90941031941032,0.0,1,1,250.875,22.445284134980284,22.294445037841797,22.488798023741918,0.24737628568539044,0.15083909713848698,22.392490450981814,22.43774218012336,23.576956388713526,23.415787879400167,in_distribution
reactive_greedy,26,inside-out/active/bruhl/2025-03-01/ping-frntdeu1-2a0d:3341:b100:1e99::1-10ms-1h-2025-03-01-06-00-00.txt,bruhl,active,20.34140703517588,21.017214654767496,21.017214654767496,0.0,1,1,248.667,22.4943716621965,22.49459457397461,22.372329418392706,0.23911950574810606,0.00022291177810984664,22.494449681318837,22.49451655485227,23.37511988565957,23.317989683985864,in_distribution
reactive_greedy,27,inside-out/active/bruhl/2025-03-01/ping-frntdeu1-2a0d:3341:b100:1e99::1-10ms-1h-2025-03-01-19-00-00.txt,bruhl,active,22.103092522179978,23.029657794676805,20.862968591691995,2.1666892029848093,0,1,250.208,25.703125030857336,25.14836311340332,25.57048384332474,0.39615907326043615,0.5547619174540159,25.50895835974843,25.675386934984633,26.87355883393898,26.958723579380557,in_distribution
reactive_greedy,28,inside-out/active/bruhl/2025-03-01/ping-frntdeu1-2a0d:3341:b100:1e99::1-10ms-1h-2025-03-01-06-00-00.txt,bruhl,active,21.831869997574582,21.53464133966508,21.53464133966508,0.0,1,1,267.958,22.981139217331474,22.744813919067383,22.857775900675882,0.33705105421456216,0.23632529826409154,22.898425362939044,22.96932295241827,24.012130587909617,23.989051998123127,in_distribution
reactive_greedy,29,inside-out/active/bruhl/2025-03-02/ping-frntdeu1-2a0d:3341:b100:1e99::1-10ms-1h-2025-03-02-04-00-00.txt,bruhl,active,20.735983159980183,22.66416426889877,20.4912965798877,2.1728676890110705,0,1,373.167,22.97446474545177,23.41508674621582,22.903013097291893,0.1356015542575363,0.44062200076405134,23.128682445719186,23.2608690459484,24.007360600722556,24.307577583762313,in_distribution
reactive_greedy,30,inside-out/active/bruhl/2025-03-01/ping-frntdeu1-2a0d:3341:b100:1e99::1-10ms-1h-2025-03-01-22-00-00.txt,bruhl,active,22.445358704037027,24.60744208969936,21.29049887189772,3.31694321780164,0,1,290.125,24.733314507390787,24.616199493408203,24.57240436524026,0.45216589070566215,0.11711501398258406,24.69232425249688,24.727458756691657,26.075313955121246,25.949801435534688,in_distribution
reactive_greedy,31,inside-out/active/bruhl/2025-03-01/ping-frntdeu1-2a0d:3341:b100:1e99::1-10ms-1h-2025-03-01-03-00-00.txt,bruhl,active,25.462660944206007,25.085568760611206,25.085568760611206,0.0,1,1,277.166,23.637806700698093,22.596553802490234,24.02860310284139,0.4978700897835112,1.0412528982078584,23.273368186325342,23.5857440557877,25.971187908866224,25.675552743578827,in_distribution
reactive_greedy,32,inside-out/active/bruhl/2025-03-01/ping-frntdeu1-2a0d:3341:b100:1e99::1-10ms-1h-2025-03-01-06-00-00.txt,bruhl,active,20.748861949529935,19.962515754978572,19.962515754978572,0.0,1,1,272.667,22.504389907170662,22.375062942504883,22.79634810221895,0.358336729378519,0.1293269646657791,22.45912546953764,22.497923558937373,23.906783143125775,23.4042695351432,in_distribution
reactive_greedy,33,inside-out/active/bruhl/2025-03-02/ping-frntdeu1-2a0d:3341:b100:1e99::1-10ms-1h-2025-03-02-08-00-00.txt,bruhl,active,21.291404297851074,23.45291897332662,20.64453380246293,2.8083851708636907,0,1,429.708,23.24059673417105,23.22542953491211,23.06045372062735,0.2995452890523141,0.015167199258939945,23.23528821443042,23.2398383742081,24.15474901577705,24.117058302198036,in_distribution
reactive_greedy,34,inside-out/active/bruhl/2025-03-02/ping-frntdeu1-2a0d:3341:b100:1e99::1-10ms-1h-2025-03-02-11-00-00.txt,bruhl,active,21.497691123653155,23.381447734750697,22.929957805907172,0.45148992884352523,0,1,368.042,23.10447129376189,23.39904022216797,23.00444108284485,0.29786200080080216,0.29456892840607907,23.207570418704016,23.29594109722584,24.108424956329994,24.205985362950994,in_distribution
reactive_greedy,35,inside-out/active/bruhl/2025-03-01/ping-frntdeu1-2a0d:3341:b100:1e99::1-10ms-1h-2025-03-01-02-00-00.txt,bruhl,active,23.2448424796748,23.209002735637903,20.47603663190028,2.732966103737624,0,1,277.041,22.489183894628695,22.963302612304688,22.582022116474185,0.21509903051428533,0.47411871767599223,22.655125445815294,22.797361061118092,23.81418891597897,23.91561545950476,in_distribution
reactive_greedy,36,inside-out/active/bruhl/2025-03-01/ping-frntdeu1-2a0d:3341:b100:1e99::1-10ms-1h-2025-03-01-11-00-00.txt,bruhl,active,20.164751826656587,21.917024832855777,20.86603063017826,1.0509942026775185,0,1,467.708,22.700482555779672,22.22637176513672,22.565952927741673,0.2808624563741236,0.47411079064295336,22.534543779054637,22.676777016247524,23.441434785803843,23.578667427350577,in_distribution
reactive_greedy,37,inside-out/active/bruhl/2025-03-02/ping-frntdeu1-2a0d:3341:b100:1e99::1-10ms-1h-2025-03-02-01-00-00.txt,bruhl,active,21.215519839276745,24.35088801184016,21.082538898493457,3.2683491133467015,0,1,397.375,23.159660705693568,23.196800231933594,23.115016777130716,0.38258687489725046,0.03713952624002559,23.17265953987758,23.183801397749587,24.36495677611363,24.150515193183562,in_distribution
reactive_greedy,38,inside-out/active/bruhl/2025-03-02/ping-frntdeu1-2a0d:3341:b100:1e99::1-10ms-1h-2025-03-02-03-00-00.txt,bruhl,active,20.363096741601417,25.04346959122632,21.890744010088273,3.1527255811380464,0,1,288.083,23.001727037723867,22.147754669189453,22.853676567111798,0.3196573681975921,0.8539723685344143,22.70283670873682,22.959028419297145,23.92857201351879,24.221167023823153,in_distribution
reactive_greedy,39,inside-out/active/bruhl/2025-03-01/ping-frntdeu1-2a0d:3341:b100:1e99::1-10ms-1h-2025-03-01-05-00-00.txt,bruhl,active,21.578173076923076,21.964537389100126,21.85555555555555,0.10898183354457558,0,1,272.5,23.053136449093472,23.087793350219727,22.894375010948224,0.2610260658632755,0.034656901126254525,23.065266364487663,23.07566343482554,23.8928980172063,23.881882581798777,in_distribution
reactive_greedy,40,inside-out/active/bruhl/2025-03-01/ping-frntdeu1-2a0d:3341:b100:1e99::1-10ms-1h-2025-03-01-04-00-00.txt,bruhl,active,21.93523380845211,22.603270440251578,21.241345427059713,1.3619250131918648,0,1,273.25,23.379083884229658,22.26675033569336,23.248914687909114,0.23689137618864634,1.1123335485362986,22.989767142241952,23.323467206802842,24.40805763652706,24.861108397547454,in_distribution
reactive_greedy,41,inside-out/active/bruhl/2025-03-01/ping-frntdeu1-2a0d:3341:b100:1e99::1-10ms-1h-2025-03-01-22-00-00.txt,bruhl,active,24.54053789731051,25.861392563014725,25.861392563014725,0.0,1,1,268.958,25.873241439196136,25.95902442932129,25.514452962579572,0.30544749835290086,0.08578299012515345,25.90326548573994,25.929000382777485,26.97732127789658,27.171361373342332,in_distribution
reactive_greedy,42,inside-out/active/bruhl/2025-03-01/ping-frntdeu1-2a0d:3341:b100:1e99::1-10ms-1h-2025-03-01-11-00-00.txt,bruhl,active,23.930179090029043,21.144909875602945,21.144909875602945,0.0,1,1,408.042,24.373600837599042,23.62249183654785,24.184569462240454,0.47253844678514206,0.7511090010511907,24.110712687231125,24.33604538754648,25.784239771697553,25.95686636244032,in_distribution
reactive_greedy,43,inside-out/active/bruhl/2025-03-02/ping-frntdeu1-2a0d:3341:b100:1e99::1-10ms-1h-2025-03-02-05-00-00.txt,bruhl,active,21.03521870286576,21.099264892268696,21.099264892268696,0.0,1,1,374.875,22.786356927210363,22.32449722290039,22.82027393959478,0.1622090298608455,0.4618597043099726,22.624706030701873,22.763263941994865,23.789256209255303,23.841519291414738,in_distribution
reactive_greedy,44,inside-out/active/bruhl/2025-03-01/ping-frntdeu1-2a0d:3341:b100:1e99::1-10ms-1h-2025-03-01-11-00-00.txt,bruhl,active,22.196437346437342,23.91460763520679,22.39857142857143,1.5160362066353592,0,1,448.834,23.84625896437683,23.161640167236328,23.628124915803834,0.14591585843492838,0.6846187971405016,23.606642385377654,23.812028024519805,24.593234583750295,25.01001019721032,in_distribution
reactive_greedy,45,inside-out/active/bruhl/2025-03-01/ping-frntdeu1-2a0d:3341:b100:1e99::1-10ms-1h-2025-03-01-03-00-00.txt,bruhl,active,20.902184164805163,22.055450358239508,21.101787463271304,0.953662894968204,0,1,419.833,23.432082722165433,23.390710830688477,23.256308368317942,0.25716408209872593,0.04137189147695608,23.417602560148495,23.430014127591583,24.394818789670897,24.39633743310897,in_distribution
reactive_greedy,46,inside-out/active/bruhl/2025-03-02/ping-frntdeu1-2a0d:3341:b100:1e99::1-10ms-1h-2025-03-02-03-00-00.txt,bruhl,active,21.59167714357556,23.607438218742352,22.576217616580312,1.0312206021620405,0,1,505.792,23.308860979637757,23.124980926513672,23.267402260261587,0.12210368514253635,0.18388005312408495,23.244502961044326,23.299666976981552,24.334380339912205,24.367007319337308,in_distribution
reactive_greedy,47,inside-out/active/bruhl/2025-03-02/ping-frntdeu1-2a0d:3341:b100:1e99::1-10ms-1h-2025-03-02-06-00-00.txt,bruhl,active,19.863144779466733,21.352409021014864,21.352409021014864,0.0,1,1,290.792,23.507833093374757,22.219301223754883,23.35392858526946,0.572019317950741,1.2885318696198738,23.0568469390078,23.443406499893765,24.49837725883357,24.80310661980475,in_distribution
reactive_greedy,48,inside-out/active/bruhl/2025-03-01/ping-frntdeu1-2a0d:3341:b100:1e99::1-10ms-1h-2025-03-01-21-00-00.txt,bruhl,active,22.041002799694574,23.970701412566974,21.65496575342466,2.315735659142316,0,1,360.375,24.148008961613414,26.157390594482422,24.280579883772198,0.39947046457210433,2.009381632869008,24.851292533117565,25.454107022978267,25.44888231869779,26.523744772761685,in_distribution
reactive_greedy,49,inside-out/active/bruhl/2025-03-01/ping-frntdeu1-2a0d:3341:b100:1e99::1-10ms-1h-2025-03-01-06-00-00.txt,bruhl,active,25.30204498977505,29.000200904068308,22.752465897166843,6.247735006901465,0,1,288.208,23.853538364061023,23.917837142944336,24.016008887498995,0.44940415695662694,0.06429877888331248,23.87604293667018,23.895332570335174,25.888837392756002,25.43753783576304,in_distribution
reactive_greedy,50,inside-out/active/bruhl/2025-03-01/ping-frntdeu1-2a0d:3341:b100:1e99::1-10ms-1h-2025-03-01-08-00-00.txt,bruhl,active,21.804290674603173,22.341340782122906,21.91474262868566,0.42659815343724716,0,1,354.417,24.67184841994549,25.831199645996094,24.828587774602184,0.4764619201901117,1.1593512260506031,25.0776213490632,25.42542671687838,26.276172690244334,26.631600314983004,in_distribution
reactive_greedy,51,inside-out/active/bruhl/2025-03-01/ping-frntdeu1-2a0d:3341:b100:1e99::1-10ms-1h-2025-03-01-02-00-00.txt,bruhl,active,20.572501897293193,22.256720901126407,20.069478908188582,2.1872419929378246,0,1,293.75,23.149945329278125,23.56783676147461,23.04269152625029,0.20692424769058584,0.41789143219648395,23.296207330546892,23.421574760205836,24.08018000921548,24.345659200622737,in_distribution
reactive_greedy,52,inside-out/active/bruhl/2025-03-01/ping-frntdeu1-2a0d:3341:b100:1e99::1-10ms-1h-2025-03-01-11-00-00.txt,bruhl,active,21.314613320322028,21.179303062302008,21.179303062302008,0.0,1,1,284.75,23.747221604960032,23.67287826538086,23.57538009598131,0.491215955820843,0.07434333957917261,23.72120143610732,23.743504437981073,24.754246703375493,24.59113074829921,in_distribution
reactive_greedy,53,inside-out/active/bruhl/2025-03-01/ping-frntdeu1-2a0d:3341:b100:1e99::1-10ms-1h-2025-03-01-11-00-00.txt,bruhl,active,21.179303062302008,20.62198079838302,20.62198079838302,0.0,1,1,276.208,22.59738867953456,23.805208206176758,22.556491661623713,0.4965759585385712,1.2078195266421972,23.02012551385933,23.382471371851988,24.526623563063627,25.100953257052193,in_distribution
reactive_greedy,54,inside-out/active/bruhl/2025-03-01/ping-frntdeu1-2a0d:3341:b100:1e99::1-10ms-1h-2025-03-01-12-00-00.txt,bruhl,active,22.779284082254375,26.541634038110153,22.08153328153328,4.460100756576875,0,1,274.292,24.31859259175235,25.136899948120117,24.125047297275962,0.40069165702073417,0.8183073563677681,24.60500016648107,24.8504923733914,25.449132896646205,25.955889965632867,in_distribution
reactive_greedy,55,inside-out/active/bruhl/2025-03-02/ping-frntdeu1-2a0d:3341:b100:1e99::1-10ms-1h-2025-03-02-01-00-00.txt,bruhl,active,21.65060613876709,20.780806331931736,20.780806331931736,0.0,1,1,339.792,22.58210697047889,22.611621856689453,22.728474342514453,0.24005875191780168,0.029514886210563418,22.59243718065259,22.601291646515758,23.82633058307197,23.522055311755985,in_distribution
reactive_greedy,56,inside-out/active/bruhl/2025-03-02/ping-frntdeu1-2a0d:3341:b100:1e99::1-10ms-1h-2025-03-02-06-00-00.txt,bruhl,active,21.53169469598965,23.502222222222223,22.419876998769983,1.08234522345224,0,1,288.959,22.98984310542164,23.00802993774414,22.947862421698485,0.2755754059341642,0.018186832322498958,22.996208496734518,23.001664546431268,24.05528347740971,23.90422273092412,in_distribution
reactive_greedy,57,inside-out/active/bruhl/2025-03-02/ping-frntdeu1-2a0d:3341:b100:1e99::1-10ms-1h-2025-03-02-01-00-00.txt,bruhl,active,22.1087841191067,23.286052894211576,20.59482673267327,2.6912261615383066,0,1,276.75,23.33459092506382,22.71363639831543,23.261557745958306,0.3030889065225992,0.6209545267483918,23.117256840701884,23.303543198726402,24.41746150840946,24.542607544659802,in_distribution
reactive_greedy,58,inside-out/active/bruhl/2025-03-02/ping-frntdeu1-2a0d:3341:b100:1e99::1-10ms-1h-2025-03-02-03-00-00.txt,bruhl,active,21.611631860126273,21.0371021135727,21.0371021135727,0.0,1,1,263.25,24.287617678102833,23.14447021484375,24.133241766951414,0.4400321112141701,1.1431474632590835,23.887516065962153,24.23046030493988,25.294578362249975,25.633346548457354,in_distribution
reactive_greedy,59,inside-out/active/brisbane/2025-03-22/ping-sydyaus1-2406:2d40:4600:8118::1-10ms-1h-2025-03-22-14-00-00.txt,brisbane,active,33.68682516097078,28.775,24.285714285714285,4.489285714285714,0,1,265.5,36.3512515039165,34.265872955322266,36.30432026600666,0.5514632813607901,2.0853785485942353,35.62136901190852,36.24698257648679,38.223895791225694,38.79564991498234,in_distribution
predictive_greedy,0,inside-out/active/bruhl/2025-03-02/ping-frntdeu1-2a0d:3341:b100:1e99::1-10ms-1h-2025-03-02-07-00-00.txt,bruhl,active,22.35437116564417,21.621100691016785,21.621100691016785,0.0,1,1,287.583,22.639834452872492,24.030410766601562,23.332143990800127,0.6579667711109141,1.3905763137290705,23.126536162677667,23.543709056796388,25.125288670114493,24.982436289150474,in_distribution
predictive_greedy,1,inside-out/active/bruhl/2025-03-01/ping-frntdeu1-2a0d:3341:b100:1e99::1-10ms-1h-2025-03-01-12-00-00.txt,bruhl,active,22.28159860557769,21.99285535848114,21.99285535848114,0.0,1,1,264.542,20.89858252897011,24.278945922851562,22.181304035027853,1.7018857192728913,3.380363393881453,22.08170971682862,23.095818734993056,26.038576573372012,26.01471332327069,in_distribution
predictive_greedy,2,inside-out/active/bruhl/2025-03-02/ping-frntdeu1-2a0d:3341:b100:1e99::1-10ms-1h-2025-03-02-01-00-00.txt,bruhl,active,21.83260422027792,22.613771712158808,20.917712833545107,1.6960588786137016,0,1,257.791,23.205702419964837,22.372634887695312,22.742152616199117,0.7931395384976233,0.8330675322695242,22.914128783670503,23.16404904335136,24.03909992695937,24.282675466373156,in_distribution
predictive_greedy,3,inside-out/active/bruhl/2025-03-02/ping-frntdeu1-2a0d:3341:b100:1e99::1-10ms-1h-2025-03-02-09-00-00.txt,bruhl,active,20.917712833545107,24.32526150627615,21.87104870775348,2.4542127985226685,0,1,257.041,21.21073939083817,24.244060516357422,21.905449690971988,0.6136250718087757,3.033321125519251,22.27240178476991,23.18239812242569,23.900670069732087,25.020731809881127,in_distribution
predictive_greedy,4,inside-out/active/bruhl/2025-03-01/ping-frntdeu1-2a0d:3341:b100:1e99::1-10ms-1h-2025-03-01-15-00-00.txt,bruhl,active,23.06587478346944,27.56826171875,27.56826171875,0.0,1,1,252.917,24.607030972163557,26.212461471557617,24.650766629053095,0.4571477496314584,1.6054304993940605,25.168931646951478,25.650560796769696,26.175601001844427,26.99307740727684,in_distribution
predictive_greedy,5,inside-out/active/bruhl/2025-03-01/ping-frntdeu1-2a0d:3341:b100:1e99::1-10ms-1h-2025-03-01-01-00-00.txt,bruhl,active,20.92266046055855,30.919635826771653,20.876281257737062,10.043354569034591,0,1,251.334,22.540807698315803,23.706310272216797,22.916771836518976,0.48059896066854585,1.1655025739009943,22.94873359918115,23.29838437135145,24.23143293334344,24.369146505064602,in_distribution
predictive_greedy,6,inside-out/active/bruhl/2025-03-01/ping-frntdeu1-2a0d:3341:b100:1e99::1-10ms-1h-2025-03-01-15-00-00.txt,bruhl,active,23.4781512605042,25.65002405002405,25.214902058021323,0.4351219920027276,0,1,250.584,23.982498893497905,23.575092315673828,24.038394980760067,0.45511393536333833,0.4074065778240765,23.839906591259478,23.9621285646067,25.431662898724078,25.217764319960242,in_distribution
predictive_greedy,7,inside-out/active/bruhl/2025-03-02/ping-frntdeu1-2a0d:3341:b100:1e99::1-10ms-1h-2025-03-02-02-00-00.txt,bruhl,active,20.7472049689441,23.526065533382607,23.1603478699269,0.3657176634557082,0,1,254.167,22.46566831582004,22.83785057067871,22.559382127722515,0.3377835548890475,0.3721822548586715,22.595932105020573,22.707586781478174,23.657252419600532,23.589337632675274,in_distribution
predictive_greedy,8,inside-out/active/bruhl/2025-03-01/ping-frntdeu1-2a0d:3341:b100:1e99::1-10ms-1h-2025-03-01-08-00-00.txt,bruhl,active,22.304320522481788,24.18876953125,24.18876953125,0.0,1,1,252.125,23.670656065837647,24.184785842895508,23.57427981999823,0.2975238403533828,0.5141297770578603,23.8506014878079,24.00484042092526,24.786551589933936,25.04538228830171,in_distribution
predictive_greedy,9,inside-out/active/bruhl/2025-03-02/ping-frntdeu1-2a0d:3341:b100:1e99::1-10ms-1h-2025-03-02-02-00-00.txt,bruhl,active,21.56456494325347,22.518263923733063,20.73554078240859,1.782723141324471,0,1,254.916,22.39204825703473,22.877758026123047,22.574978356741763,0.3627859223324601,0.48570976908831653,22.56204667621564,22.707759606942137,23.920117894728204,23.82938068008806,in_distribution
predictive_greedy,10,inside-out/active/bruhl/2025-03-02/ping-frntdeu1-2a0d:3341:b100:1e99::1-10ms-1h-2025-03-02-00-00-00.txt,bruhl,active,21.488742236024844,21.42230124460249,21.42230124460249,0.0,1,1,252.875,22.425170959873867,22.797687530517578,22.63992405836227,0.43370936520234826,0.372516570643711,22.555551759599165,22.66730673079228,23.855791487000467,23.595143792593085,in_distribution
predictive_greedy,11,inside-out/active/bruhl/2025-03-02/ping-frntdeu1-2a0d:3341:b100:1e99::1-10ms-1h-2025-03-02-00-00-00.txt,bruhl,active,21.42230124460249,21.726165413533835,20.387828947368423,1.338336466165412,0,1,254.5,22.989127913730954,22.806392669677734,22.96664421871707,0.42599225814616665,0.1827352440532195,22.925170578312326,22.979991151528292,24.20521277568442,23.990433136912625,in_distribution
predictive_greedy,12,inside-out/active/bruhl/2025-03-01/ping-frntdeu1-2a0d:3341:b100:1e99::1-10ms-1h-2025-03-01-04-00-00.txt,bruhl,active,23.205080213903745,24.9743935983996,21.228443190561684,3.745950407837917,0,1,250.167,24.268484190370145,22.924442291259766,24.210823015755125,0.17442327996602042,1.3440418991103797,23.798069525681512,24.201282095414626,25.529510055789444,26.06117262502962,in_distribution
predictive_greedy,13,inside-out/active/bruhl/2025-03-02/ping-frntdeu1-2a0d:3341:b100:1e99::1-10ms-1h-2025-03-02-04-00-00.txt,bruhl,active,21.420887155739702,21.568996731204425,21.568996731204425,0.0,1,1,259.333,23.254076751887624,22.292390823364258,23.167328058409517,0.2145142406037828,0.9616859285233659,22.917486676904446,23.205992455461455,24.200490185290946,24.559111866151728,in_distribution
predictive_greedy,14,inside-out/active/bruhl/2025-03-01/ping-frntdeu1-2a0d:3341:b100:1e99::1-10ms-1h-2025-03-01-01-00-00.txt,bruhl,active,22.414789081885857,25.471818835370236,25.049491441329696,0.42232739404053987,0,1,252.208,24.04285856151546,23.19707489013672,23.936196076705095,0.2930252303738298,0.8457836713787401,23.7468342765329,24.000569377946523,25.090410557468438,25.35790677161886,in_distribution
predictive_greedy,15,inside-out/active/bruhl/2025-03-01/ping-frntdeu1-2a0d:3341:b100:1e99::1-10ms-1h-2025-03-01-16-00-00.txt,bruhl,active,21.567251461988302,25.35020366598778,20.97323392813493,4.37696973785285,0,1,252.167,22.962723226777598,23.114797592163086,22.933306319650256,0.21254780143054258,0.1520743653854879,23.015949254662516,23.06157156427816,23.994286350806966,23.978348180900518,in_distribution
predictive_greedy,16,inside-out/active/bruhl/2025-03-01/ping-frntdeu1-2a0d:3341:b100:1e99::1-10ms-1h-2025-03-01-01-00-00.txt,bruhl,active,20.97323392813493,24.56791686574295,20.537673956262424,4.030242909480528,0,1,262.208,23.21956348144704,22.888565063476562,23.406311500531462,0.5831164437029492,0.330998417970477,23.103714035157374,23.203013560548516,24.712123824523868,24.236987760748946,in_distribution
predictive_greedy,17,inside-out/active/bruhl/2025-03-02/ping-frntdeu1-2a0d:3341:b100:1e99::1-10ms-1h-2025-03-02-05-00-00.txt,bruhl,active,21.22907005734231,23.49381468703795,22.732245203089956,0.7615694839479943,0,1,253.5,22.3204690582661,22.21249771118164,22.383570825747636,0.3282694829512647,0.1079713470844581,22.282679086786537,22.315070490911875,23.647227678887713,23.386510905380735,in_distribution
predictive_greedy,18,inside-out/active/bruhl/2025-03-01/ping-frntdeu1-2a0d:3341:b100:1e99::1-10ms-1h-2025-03-01-03-00-00.txt,bruhl,active,19.529397233201585,24.284345047923324,20.900098015192356,3.3842470327309684,0,1,249.375,22.114822318615552,22.959941864013672,22.047158950206903,0.3016827519973436,0.84511954539812,22.410614159504895,22.664150023124332,22.986710199119226,23.461951162578462,in_distribution
predictive_greedy,19,inside-out/active/bruhl/2025-03-01/ping-frntdeu1-2a0d:3341:b100:1e99::1-10ms-1h-2025-03-01-06-00-00.txt,bruhl,active,20.900098015192356,20.94179447852761,20.94179447852761,0.0,1,1,251.417,23.049060081406424,23.15058708190918,22.86705849976243,0.33147942117435175,0.10152700050275598,23.08459453158239,23.115052631733217,23.929164217733174,23.938701483873473,in_distribution
predictive_greedy,20,inside-out/active/bruhl/2025-03-02/ping-frntdeu1-2a0d:3341:b100:1e99::1-10ms-1h-2025-03-02-05-00-00.txt,bruhl,active,25.596773354150404,25.568180714112216,22.567924528301887,3.000256185810329,0,1,248.5,22.793679906745638,23.85782814025879,23.252710219311027,0.562185029569521,1.0641482335131514,23.16613178847524,23.485376258529186,25.254726565806855,25.172168656199187,in_distribution
predictive_greedy,21,inside-out/active/bruhl/2025-03-01/ping-frntdeu1-2a0d:3341:b100:1e99::1-10ms-1h-2025-03-01-05-00-00.txt,bruhl,active,22.55219123505976,22.65705064548163,21.83513115959794,0.82191948588369,0,1,253.083,22.921129034533806,23.060667037963867,22.984261162335162,0.30712002213299183,0.1395380034300615,22.969967335734324,23.01182873676334,24.482715073692653,24.2938964318641,in_distribution
predictive_greedy,22,inside-out/active/bruhl/2025-03-01/ping-frntdeu1-2a0d:3341:b100:1e99::1-10ms-1h-2025-03-01-16-00-00.txt,bruhl,active,23.76572412097369,24.56388081395349,21.879531442663374,2.6843493712901143,0,1,205.334,24.527570789588935,24.532907485961914,24.280781100946957,0.29417688083017873,0.005336696372978622,24.52943863331948,24.531039642231374,25.604135210233572,25.63429476053265,in_distribution
predictive_greedy,23,inside-out/active/bruhl/2025-03-02/ping-frntdeu1-2a0d:3341:b100:1e99::1-10ms-1h-2025-03-02-01-00-00.txt,bruhl,active,23.1512762193581,21.07638709677419,21.07638709677419,0.0,1,1,254.125,22.660641907537865,22.516389846801758,22.912480374537015,0.38040472842962614,0.14425206073610752,22.610153686280228,22.65342930450106,24.284390638237316,23.812162052247192,in_distribution
predictive_greedy,24,inside-out/active/bruhl/2025-03-01/ping-frntdeu1-2a0d:3341:b100:1e99::1-10ms-1h-2025-03-01-10-00-00.txt,bruhl,active,22.32787377911345,21.302933201873305,21.302933201873305,0.0,1,1,249.125,23.997116479576107,22.70046615600586,23.628187926774412,0.29224765693064164,1.2966503235702476,23.54328886632652,23.932283963397595,26.740597773298482,27.473833229008807,in_distribution
predictive_greedy,25,inside-out/active/bruhl/2025-03-01/ping-frntdeu1-2a0d:3341:b100:1e99::1-10ms-1h-2025-03-01-02-00-00.txt,bruhl,active,20.604673379808933,20.90941031941032,20.90941031941032,0.0,1,1,248.542,22.445284134980284,22.294445037841797,22.488798023741918,0.24737628568539044,0.15083909713848698,22.392490450981814,22.43774218012336,23.576956388713526,23.415787879400167,in_distribution
predictive_greedy,26,inside-out/active/bruhl/2025-03-01/ping-frntdeu1-2a0d:3341:b100:1e99::1-10ms-1h-2025-03-01-06-00-00.txt,bruhl,active,20.34140703517588,21.017214654767496,21.017214654767496,0.0,1,1,253.541,22.4943716621965,22.49459457397461,22.372329418392706,0.23911950574810606,0.00022291177810984664,22.494449681318837,22.49451655485227,23.37511988565957,23.317989683985864,in_distribution
predictive_greedy,27,inside-out/active/bruhl/2025-03-02/ping-frntdeu1-2a0d:3341:b100:1e99::1-10ms-1h-2025-03-02-08-00-00.txt,bruhl,active,22.79749498997996,22.81778904175718,20.862968591691995,1.954820450065185,0,1,277.417,24.025976140156672,23.46576690673828,23.92714441340014,0.3027014118369986,0.5602092334183908,23.829902908460234,23.997965678485752,25.43661209173785,25.56051191465491,in_distribution
predictive_greedy,28,inside-out/active/bruhl/2025-03-01/ping-frntdeu1-2a0d:3341:b100:1e99::1-10ms-1h-2025-03-01-06-00-00.txt,bruhl,active,21.831869997574582,21.53464133966508,21.53464133966508,0.0,1,1,319.833,22.981139217331474,22.744813919067383,22.857775900675882,0.33705105421456216,0.23632529826409154,22.898425362939044,22.96932295241827,24.012130587909617,23.989051998123127,in_distribution
predictive_greedy,29,inside-out/active/bruhl/2025-03-02/ping-frntdeu1-2a0d:3341:b100:1e99::1-10ms-1h-2025-03-02-04-00-00.txt,bruhl,active,20.735983159980183,22.66416426889877,20.4912965798877,2.1728676890110705,0,1,251.792,22.97446474545177,23.41508674621582,22.903013097291893,0.1356015542575363,0.44062200076405134,23.128682445719186,23.2608690459484,24.007360600722556,24.307577583762313,in_distribution
predictive_greedy,30,inside-out/active/bruhl/2025-03-01/ping-frntdeu1-2a0d:3341:b100:1e99::1-10ms-1h-2025-03-01-11-00-00.txt,bruhl,active,22.556084243369735,25.71597038603913,21.29049887189772,4.42547151414141,0,1,247.875,23.50735227358291,23.200000762939453,23.51175090384386,0.3189883947031883,0.307351510643457,23.3997792448577,23.49198469805074,24.749876751432186,24.6445450049334,in_distribution
predictive_greedy,31,inside-out/active/bruhl/2025-03-01/ping-frntdeu1-2a0d:3341:b100:1e99::1-10ms-1h-2025-03-01-03-00-00.txt,bruhl,active,25.462660944206007,25.085568760611206,25.085568760611206,0.0,1,1,250.833,23.637806700698093,22.596553802490234,24.02860310284139,0.4978700897835112,1.0412528982078584,23.273368186325342,23.5857440557877,25.971187908866224,25.675552743578827,in_distribution
predictive_greedy,32,inside-out/active/bruhl/2025-03-01/ping-frntdeu1-2a0d:3341:b100:1e99::1-10ms-1h-2025-03-01-02-00-00.txt,bruhl,active,21.059639007269993,21.813275862068966,19.962515754978572,1.8507601070903945,0,1,249.333,21.826486082759402,22.24777603149414,22.28696820515937,0.2957443769479302,0.4212899487347386,21.97393756481656,22.10032454943698,23.371723279033134,23.005400335473272,in_distribution
predictive_greedy,33,inside-out/active/bruhl/2025-03-01/ping-frntdeu1-2a0d:3341:b100:1e99::1-10ms-1h-2025-03-01-02-00-00.txt,bruhl,active,21.813275862068966,20.64453380246293,20.64453380246293,0.0,1,1,251.875,22.66323868366726,22.900516510009766,22.533853031823178,0.2696191371211038,0.23727782634250616,22.746285922887136,22.81746927078989,23.818453005037306,23.92358267379744,in_distribution
predictive_greedy,34,inside-out/active/bruhl/2025-03-02/ping-frntdeu1-2a0d:3341:b100:1e99::1-10ms-1h-2025-03-02-11-00-00.txt,bruhl,active,21.497691123653155,23.381447734750697,22.929957805907172,0.45148992884352523,0,1,248.834,23.10447129376189,23.39904022216797,23.00444108284485,0.29786200080080216,0.29456892840607907,23.207570418704016,23.29594109722584,24.108424956329994,24.205985362950994,in_distribution
predictive_greedy,35,inside-out/active/bruhl/2025-03-01/ping-frntdeu1-2a0d:3341:b100:1e99::1-10ms-1h-2025-03-01-02-00-00.txt,bruhl,active,23.2448424796748,23.209002735637903,20.47603663190028,2.732966103737624,0,1,251.416,22.489183894628695,22.963302612304688,22.582022116474185,0.21509903051428533,0.47411871767599223,22.655125445815294,22.797361061118092,23.81418891597897,23.91561545950476,in_distribution
predictive_greedy,36,inside-out/active/bruhl/2025-03-01/ping-frntdeu1-2a0d:3341:b100:1e99::1-10ms-1h-2025-03-01-11-00-00.txt,bruhl,active,20.164751826656587,21.917024832855777,20.86603063017826,1.0509942026775185,0,1,265.708,22.700482555779672,22.22637176513672,22.565952927741673,0.2808624563741236,0.47411079064295336,22.534543779054637,22.676777016247524,23.441434785803843,23.578667427350577,in_distribution
predictive_greedy,37,inside-out/active/bruhl/2025-03-02/ping-frntdeu1-2a0d:3341:b100:1e99::1-10ms-1h-2025-03-02-05-00-00.txt,bruhl,active,21.675483870967746,21.14275018717245,21.082538898493457,0.0602112886789925,0,1,252.125,22.92614113286436,23.176776885986328,22.8492251384624,0.06499015031643537,0.2506357531219692,23.013863646457047,23.089054372393637,23.804816409572474,24.02096660607858,in_distribution
predictive_greedy,38,inside-out/active/bruhl/2025-03-02/ping-frntdeu1-2a0d:3341:b100:1e99::1-10ms-1h-2025-03-02-03-00-00.txt,bruhl,active,20.363096741601417,25.04346959122632,21.890744010088273,3.1527255811380464,0,1,250.542,23.001727037723867,22.147754669189453,22.853676567111798,0.3196573681975921,0.8539723685344143,22.70283670873682,22.959028419297145,23.92857201351879,24.221167023823153,in_distribution
predictive_greedy,39,inside-out/active/bruhl/2025-03-01/ping-frntdeu1-2a0d:3341:b100:1e99::1-10ms-1h-2025-03-01-05-00-00.txt,bruhl,active,21.578173076923076,21.964537389100126,21.85555555555555,0.10898183354457558,0,1,258.959,23.053136449093472,23.087793350219727,22.894375010948224,0.2610260658632755,0.034656901126254525,23.065266364487663,23.07566343482554,23.8928980172063,23.881882581798777,in_distribution
predictive_greedy,40,inside-out/active/bruhl/2025-03-01/ping-frntdeu1-2a0d:3341:b100:1e99::1-10ms-1h-2025-03-01-04-00-00.txt,bruhl,active,21.93523380845211,22.603270440251578,21.241345427059713,1.3619250131918648,0,1,252.875,23.379083884229658,22.26675033569336,23.248914687909114,0.23689137618864634,1.1123335485362986,22.989767142241952,23.323467206802842,24.40805763652706,24.861108397547454,in_distribution
predictive_greedy,41,inside-out/active/bruhl/2025-03-01/ping-frntdeu1-2a0d:3341:b100:1e99::1-10ms-1h-2025-03-01-22-00-00.txt,bruhl,active,24.54053789731051,25.861392563014725,25.861392563014725,0.0,1,1,248.25,25.873241439196136,25.95902442932129,25.514452962579572,0.30544749835290086,0.08578299012515345,25.90326548573994,25.929000382777485,26.97732127789658,27.171361373342332,in_distribution
predictive_greedy,42,inside-out/active/bruhl/2025-03-01/ping-frntdeu1-2a0d:3341:b100:1e99::1-10ms-1h-2025-03-01-11-00-00.txt,bruhl,active,23.930179090029043,21.144909875602945,21.144909875602945,0.0,1,1,256.875,24.373600837599042,23.62249183654785,24.184569462240454,0.47253844678514206,0.7511090010511907,24.110712687231125,24.33604538754648,25.784239771697553,25.95686636244032,in_distribution
predictive_greedy,43,inside-out/active/bruhl/2025-03-02/ping-frntdeu1-2a0d:3341:b100:1e99::1-10ms-1h-2025-03-02-05-00-00.txt,bruhl,active,21.03521870286576,21.099264892268696,21.099264892268696,0.0,1,1,251.25,22.786356927210363,22.32449722290039,22.82027393959478,0.1622090298608455,0.4618597043099726,22.624706030701873,22.763263941994865,23.789256209255303,23.841519291414738,in_distribution
predictive_greedy,44,inside-out/active/bruhl/2025-03-01/ping-frntdeu1-2a0d:3341:b100:1e99::1-10ms-1h-2025-03-01-11-00-00.txt,bruhl,active,22.196437346437342,23.91460763520679,22.39857142857143,1.5160362066353592,0,1,249.167,23.84625896437683,23.161640167236328,23.628124915803834,0.14591585843492838,0.6846187971405016,23.606642385377654,23.812028024519805,24.593234583750295,25.01001019721032,in_distribution
predictive_greedy,45,inside-out/active/bruhl/2025-03-01/ping-frntdeu1-2a0d:3341:b100:1e99::1-10ms-1h-2025-03-01-03-00-00.txt,bruhl,active,20.902184164805163,22.055450358239508,21.101787463271304,0.953662894968204,0,1,252.584,23.432082722165433,23.390710830688477,23.256308368317942,0.25716408209872593,0.04137189147695608,23.417602560148495,23.430014127591583,24.394818789670897,24.39633743310897,in_distribution
predictive_greedy,46,inside-out/active/bruhl/2025-03-02/ping-frntdeu1-2a0d:3341:b100:1e99::1-10ms-1h-2025-03-02-03-00-00.txt,bruhl,active,21.59167714357556,23.607438218742352,22.576217616580312,1.0312206021620405,0,1,257.416,23.308860979637757,23.124980926513672,23.267402260261587,0.12210368514253635,0.18388005312408495,23.244502961044326,23.299666976981552,24.334380339912205,24.367007319337308,in_distribution
predictive_greedy,47,inside-out/active/bruhl/2025-03-02/ping-frntdeu1-2a0d:3341:b100:1e99::1-10ms-1h-2025-03-02-06-00-00.txt,bruhl,active,19.863144779466733,21.352409021014864,21.352409021014864,0.0,1,1,249.042,23.507833093374757,22.219301223754883,23.35392858526946,0.572019317950741,1.2885318696198738,23.0568469390078,23.443406499893765,24.49837725883357,24.80310661980475,in_distribution
predictive_greedy,48,inside-out/active/bruhl/2025-03-01/ping-frntdeu1-2a0d:3341:b100:1e99::1-10ms-1h-2025-03-01-00-00-00.txt,bruhl,active,22.954475,22.63668212261721,21.65496575342466,0.9817163691925508,0,1,248.791,23.20930655508255,23.72065544128418,23.5307421672825,0.5036155214443262,0.5113488862016311,23.388278665253118,23.541683331113607,25.01026840210655,24.694632813474573,in_distribution
predictive_greedy,49,inside-out/active/bruhl/2025-03-01/ping-frntdeu1-2a0d:3341:b100:1e99::1-10ms-1h-2025-03-01-06-00-00.txt,bruhl,active,25.30204498977505,29.000200904068308,22.752465897166843,6.247735006901465,0,1,246.25,23.853538364061023,23.917837142944336,24.016008887498995,0.44940415695662694,0.06429877888331248,23.87604293667018,23.895332570335174,25.888837392756002,25.43753783576304,in_distribution
predictive_greedy,50,inside-out/active/bruhl/2025-03-01/ping-frntdeu1-2a0d:3341:b100:1e99::1-10ms-1h-2025-03-01-23-00-00.txt,bruhl,active,23.824331410592553,22.80475140827823,21.91474262868566,0.89000877959257,0,1,250.667,23.692364119488957,24.84595489501953,23.605064687311838,0.35003862610571956,1.1535907755305743,24.09612089092466,24.442198123583832,25.0670164619745,25.75698000622026,in_distribution
predictive_greedy,51,inside-out/active/bruhl/2025-03-01/ping-frntdeu1-2a0d:3341:b100:1e99::1-10ms-1h-2025-03-01-02-00-00.txt,bruhl,active,20.572501897293193,22.256720901126407,20.069478908188582,2.1872419929378246,0,1,249.209,23.149945329278125,23.56783676147461,23.04269152625029,0.20692424769058584,0.41789143219648395,23.296207330546892,23.421574760205836,24.08018000921548,24.345659200622737,in_distribution
predictive_greedy,52,inside-out/active/bruhl/2025-03-01/ping-frntdeu1-2a0d:3341:b100:1e99::1-10ms-1h-2025-03-01-14-00-00.txt,bruhl,active,24.525943877551025,24.55156674068591,21.179303062302008,3.372263678383902,0,1,250.125,23.600041248844718,24.554479598999023,23.71258693660171,0.4729805084466954,0.9544383501543052,23.934094671398725,24.220426176445017,25.178577929003108,25.427125622526823,in_distribution
predictive_greedy,53,inside-out/active/bruhl/2025-03-01/ping-frntdeu1-2a0d:3341:b100:1e99::1-10ms-1h-2025-03-01-11-00-00.txt,bruhl,active,21.179303062302008,20.62198079838302,20.62198079838302,0.0,1,1,253.292,22.59738867953456,23.805208206176758,22.556491661623713,0.4965759585385712,1.2078195266421972,23.02012551385933,23.382471371851988,24.526623563063627,25.100953257052193,in_distribution
predictive_greedy,54,inside-out/active/bruhl/2025-03-01/ping-frntdeu1-2a0d:3341:b100:1e99::1-10ms-1h-2025-03-01-12-00-00.txt,bruhl,active,22.779284082254375,26.541634038110153,22.08153328153328,4.460100756576875,0,1,251.834,24.31859259175235,25.136899948120117,24.125047297275962,0.40069165702073417,0.8183073563677681,24.60500016648107,24.8504923733914,25.449132896646205,25.955889965632867,in_distribution
predictive_greedy,55,inside-out/active/bruhl/2025-03-02/ping-frntdeu1-2a0d:3341:b100:1e99::1-10ms-1h-2025-03-02-01-00-00.txt,bruhl,active,21.65060613876709,20.780806331931736,20.780806331931736,0.0,1,1,250.917,22.58210697047889,22.611621856689453,22.728474342514453,0.24005875191780168,0.029514886210563418,22.59243718065259,22.601291646515758,23.82633058307197,23.522055311755985,in_distribution
predictive_greedy,56,inside-out/active/bruhl/2025-03-01/ping-frntdeu1-2a0d:3341:b100:1e99::1-10ms-1h-2025-03-01-01-00-00.txt,bruhl,active,24.036412350089307,23.080142017629775,22.419876998769983,0.6602650188597927,0,1,247.875,22.967112321150125,23.811933517456055,23.289473383316775,0.5769105225779664,0.8448211963059293,23.2627997398572,23.51624609874898,25.508028511200884,25.386600454330207,in_distribution
predictive_greedy,57,inside-out/active/bruhl/2025-03-02/ping-frntdeu1-2a0d:3341:b100:1e99::1-10ms-1h-2025-03-02-01-00-00.txt,bruhl,active,22.1087841191067,23.286052894211576,20.59482673267327,2.6912261615383066,0,1,253.667,23.33459092506382,22.71363639831543,23.261557745958306,0.3030889065225992,0.6209545267483918,23.117256840701884,23.303543198726402,24.41746150840946,24.542607544659802,in_distribution
predictive_greedy,58,inside-out/active/bruhl/2025-03-01/ping-frntdeu1-2a0d:3341:b100:1e99::1-10ms-1h-2025-03-01-04-00-00.txt,bruhl,active,23.509030998291433,24.01265854265108,21.0371021135727,2.975556429078381,0,1,249.0,23.505086800812023,23.668073654174805,23.532906951796008,0.11236348682116229,0.1629868533627814,23.562132199489,23.611028255497835,24.85535026997506,24.86549764389729,in_distribution
predictive_greedy,59,inside-out/active/brisbane/2025-03-22/ping-sydyaus1-2406:2d40:4600:8118::1-10ms-1h-2025-03-22-14-00-00.txt,brisbane,active,33.68682516097078,28.775,24.285714285714285,4.489285714285714,0,1,247.958,36.3512515039165,34.265872955322266,36.30432026600666,0.5514632813607901,2.0853785485942353,35.62136901190852,36.24698257648679,38.223895791225694,38.79564991498234,in_distribution
predictive_graph_greedy,0,inside-out/active/bruhl/2025-03-02/ping-frntdeu1-2a0d:3341:b100:1e99::1-10ms-1h-2025-03-02-07-00-00.txt,bruhl,active,22.35437116564417,21.621100691016785,21.621100691016785,0.0,1,1,267.0,22.639834452872492,24.030410766601562,23.332143990800127,0.6579667711109141,1.3905763137290705,23.126536162677667,23.543709056796388,25.125288670114493,24.982436289150474,in_distribution
predictive_graph_greedy,1,inside-out/active/bruhl/2025-03-02/ping-frntdeu1-2a0d:3341:b100:1e99::1-10ms-1h-2025-03-02-07-00-00.txt,bruhl,active,21.621100691016785,22.383109452736317,21.99285535848114,0.39025409425517665,0,1,254.916,21.80644724339254,23.558490753173828,22.317655298691804,0.710484142261171,1.7520435097812879,22.41966247181599,22.945275524750375,23.849080478567423,24.119041948908244,in_distribution
predictive_graph_greedy,2,inside-out/active/bruhl/2025-03-02/ping-frntdeu1-2a0d:3341:b100:1e99::1-10ms-1h-2025-03-02-01-00-00.txt,bruhl,active,21.83260422027792,22.613771712158808,20.917712833545107,1.6960588786137016,0,1,253.916,23.205702419964837,22.372634887695312,22.742152616199117,0.7931395384976233,0.8330675322695242,22.914128783670503,23.16404904335136,24.03909992695937,24.282675466373156,in_distribution
predictive_graph_greedy,3,inside-out/active/bruhl/2025-03-01/ping-frntdeu1-2a0d:3341:b100:1e99::1-10ms-1h-2025-03-01-04-00-00.txt,bruhl,active,22.299923136049195,22.88907130605244,21.87104870775348,1.018022598298959,0,1,251.333,22.160211083209106,23.302982330322266,22.57628534372353,0.3132643719621628,1.14277124711316,22.56018101969871,22.903012393832658,23.76464756071554,23.97070345656436,in_distribution
predictive_graph_greedy,4,inside-out/active/bruhl/2025-03-01/ping-frntdeu1-2a0d:3341:b100:1e99::1-10ms-1h-2025-03-01-15-00-00.txt,bruhl,active,23.06587478346944,27.56826171875,27.56826171875,0.0,1,1,260.208,24.607030972163557,26.212461471557617,24.650766629053095,0.4571477496314584,1.6054304993940605,25.168931646951478,25.650560796769696,26.175601001844427,26.99307740727684,in_distribution
predictive_graph_greedy,5,inside-out/active/bruhl/2025-03-01/ping-frntdeu1-2a0d:3341:b100:1e99::1-10ms-1h-2025-03-01-09-00-00.txt,bruhl,active,23.732981595092024,20.876281257737062,20.876281257737062,0.0,1,1,254.917,22.843711259631164,22.97686004638672,23.293363810754865,0.3687067279384074,0.1331487867555552,22.89031333499561,22.93025797102228,24.554537879942025,23.928216872931184,in_distribution
predictive_graph_greedy,6,inside-out/active/bruhl/2025-03-01/ping-frntdeu1-2a0d:3341:b100:1e99::1-10ms-1h-2025-03-01-15-00-00.txt,bruhl,active,23.4781512605042,25.65002405002405,25.214902058021323,0.4351219920027276,0,1,249.0,23.982498893497905,23.575092315673828,24.038394980760067,0.45511393536333833,0.4074065778240765,23.839906591259478,23.9621285646067,25.431662898724078,25.217764319960242,in_distribution
predictive_graph_greedy,7,inside-out/active/bruhl/2025-03-02/ping-frntdeu1-2a0d:3341:b100:1e99::1-10ms-1h-2025-03-02-02-00-00.txt,bruhl,active,20.7472049689441,23.526065533382607,23.1603478699269,0.3657176634557082,0,1,252.791,22.46566831582004,22.83785057067871,22.559382127722515,0.3377835548890475,0.3721822548586715,22.595932105020573,22.707586781478174,23.657252419600532,23.589337632675274,in_distribution
predictive_graph_greedy,8,inside-out/active/bruhl/2025-03-02/ping-frntdeu1-2a0d:3341:b100:1e99::1-10ms-1h-2025-03-02-03-00-00.txt,bruhl,active,23.043459810284578,24.241065456282847,24.18876953125,0.052295925032847634,0,1,253.625,23.742803500575064,23.63355255126953,23.800825567935917,0.38192529263148367,0.10925094930553314,23.70456566831813,23.73734095310979,25.247173877267194,24.951870767620218,in_distribution
predictive_graph_greedy,9,inside-out/active/bruhl/2025-03-01/ping-frntdeu1-2a0d:3341:b100:1e99::1-10ms-1h-2025-03-01-02-00-00.txt,bruhl,active,20.726799007444168,22.534695451040864,20.73554078240859,1.7991546686322728,0,1,252.333,23.614126250860863,22.4804630279541,23.382003363350705,0.4674958662963896,1.1336632229067618,23.217344122843496,23.557443089715523,24.539664573397722,24.931314011493633,in_distribution
predictive_graph_greedy,10,inside-out/active/bruhl/2025-03-02/ping-frntdeu1-2a0d:3341:b100:1e99::1-10ms-1h-2025-03-02-00-00-00.txt,bruhl,active,21.488742236024844,21.42230124460249,21.42230124460249,0.0,1,1,250.208,22.425170959873867,22.797687530517578,22.63992405836227,0.43370936520234826,0.372516570643711,22.555551759599165,22.66730673079228,23.855791487000467,23.595143792593085,in_distribution
predictive_graph_greedy,11,inside-out/active/bruhl/2025-03-02/ping-frntdeu1-2a0d:3341:b100:1e99::1-10ms-1h-2025-03-02-00-00-00.txt,bruhl,active,21.42230124460249,21.726165413533835,20.387828947368423,1.338336466165412,0,1,249.208,22.989127913730954,22.806392669677734,22.96664421871707,0.42599225814616665,0.1827352440532195,22.925170578312326,22.979991151528292,24.20521277568442,23.990433136912625,in_distribution
predictive_graph_greedy,12,inside-out/active/bruhl/2025-03-01/ping-frntdeu1-2a0d:3341:b100:1e99::1-10ms-1h-2025-03-01-04-00-00.txt,bruhl,active,23.205080213903745,24.9743935983996,21.228443190561684,3.745950407837917,0,1,251.709,24.268484190370145,22.924442291259766,24.210823015755125,0.17442327996602042,1.3440418991103797,23.798069525681512,24.201282095414626,25.529510055789444,26.06117262502962,in_distribution
predictive_graph_greedy,13,inside-out/active/bruhl/2025-03-02/ping-frntdeu1-2a0d:3341:b100:1e99::1-10ms-1h-2025-03-02-04-00-00.txt,bruhl,active,21.420887155739702,21.568996731204425,21.568996731204425,0.0,1,1,256.625,23.254076751887624,22.292390823364258,23.167328058409517,0.2145142406037828,0.9616859285233659,22.917486676904446,23.205992455461455,24.200490185290946,24.559111866151728,in_distribution
predictive_graph_greedy,14,inside-out/active/bruhl/2025-03-01/ping-frntdeu1-2a0d:3341:b100:1e99::1-10ms-1h-2025-03-01-01-00-00.txt,bruhl,active,22.414789081885857,25.471818835370236,25.049491441329696,0.42232739404053987,0,1,260.292,24.04285856151546,23.19707489013672,23.936196076705095,0.2930252303738298,0.8457836713787401,23.7468342765329,24.000569377946523,25.090410557468438,25.35790677161886,in_distribution
predictive_graph_greedy,15,inside-out/active/bruhl/2025-03-02/ping-frntdeu1-2a0d:3341:b100:1e99::1-10ms-1h-2025-03-02-04-00-00.txt,bruhl,active,23.252703712932966,22.43227928155831,20.97323392813493,1.4590453534233774,0,1,257.833,23.363583966728584,22.617128372192383,23.404188972377952,0.420289802925561,0.7464555945362008,23.102324508640912,23.326261187001773,24.759272920198185,24.739355579895935,in_distribution
predictive_graph_greedy,16,inside-out/active/bruhl/2025-03-01/ping-frntdeu1-2a0d:3341:b100:1e99::1-10ms-1h-2025-03-01-01-00-00.txt,bruhl,active,20.97323392813493,24.56791686574295,20.537673956262424,4.030242909480528,0,1,269.666,23.21956348144704,22.888565063476562,23.406311500531462,0.5831164437029492,0.330998417970477,23.103714035157374,23.203013560548516,24.712123824523868,24.236987760748946,in_distribution
predictive_graph_greedy,17,inside-out/active/bruhl/2025-03-02/ping-frntdeu1-2a0d:3341:b100:1e99::1-10ms-1h-2025-03-02-05-00-00.txt,bruhl,active,21.22907005734231,23.49381468703795,22.732245203089956,0.7615694839479943,0,1,249.333,22.3204690582661,22.21249771118164,22.383570825747636,0.3282694829512647,0.1079713470844581,22.282679086786537,22.315070490911875,23.647227678887713,23.386510905380735,in_distribution
predictive_graph_greedy,18,inside-out/active/bruhl/2025-03-01/ping-frntdeu1-2a0d:3341:b100:1e99::1-10ms-1h-2025-03-01-03-00-00.txt,bruhl,active,19.529397233201585,24.284345047923324,20.900098015192356,3.3842470327309684,0,1,253.875,22.114822318615552,22.959941864013672,22.047158950206903,0.3016827519973436,0.84511954539812,22.410614159504895,22.664150023124332,22.986710199119226,23.461951162578462,in_distribution
predictive_graph_greedy,19,inside-out/active/bruhl/2025-03-01/ping-frntdeu1-2a0d:3341:b100:1e99::1-10ms-1h-2025-03-01-06-00-00.txt,bruhl,active,20.900098015192356,20.94179447852761,20.94179447852761,0.0,1,1,251.792,23.049060081406424,23.15058708190918,22.86705849976243,0.33147942117435175,0.10152700050275598,23.08459453158239,23.115052631733217,23.929164217733174,23.938701483873473,in_distribution
predictive_graph_greedy,20,inside-out/active/bruhl/2025-03-02/ping-frntdeu1-2a0d:3341:b100:1e99::1-10ms-1h-2025-03-02-10-00-00.txt,bruhl,active,25.47538614848032,22.567924528301887,22.567924528301887,0.0,1,1,252.875,23.941928621729858,23.65106773376465,23.920572125327688,0.32935183499984494,0.29086088796520926,23.840127310942034,23.927385577331595,26.04736097029407,25.9525909900307,in_distribution
predictive_graph_greedy,21,inside-out/active/bruhl/2025-03-01/ping-frntdeu1-2a0d:3341:b100:1e99::1-10ms-1h-2025-03-01-05-00-00.txt,bruhl,active,22.55219123505976,22.65705064548163,21.83513115959794,0.82191948588369,0,1,249.041,22.921129034533806,23.060667037963867,22.984261162335162,0.30712002213299183,0.1395380034300615,22.969967335734324,23.01182873676334,24.482715073692653,24.2938964318641,in_distribution
predictive_graph_greedy,22,inside-out/active/bruhl/2025-03-01/ping-frntdeu1-2a0d:3341:b100:1e99::1-10ms-1h-2025-03-01-16-00-00.txt,bruhl,active,23.76572412097369,24.56388081395349,21.879531442663374,2.6843493712901143,0,1,249.208,24.527570789588935,24.532907485961914,24.280781100946957,0.29417688083017873,0.005336696372978622,24.52943863331948,24.531039642231374,25.604135210233572,25.63429476053265,in_distribution
predictive_graph_greedy,23,inside-out/active/bruhl/2025-03-01/ping-frntdeu1-2a0d:3341:b100:1e99::1-10ms-1h-2025-03-01-01-00-00.txt,bruhl,active,24.128229192393185,23.193178989295493,21.07638709677419,2.1167918925213023,0,1,251.75,23.392315649445663,22.331466674804688,23.67659552395956,0.3084888156514318,1.060848974640976,23.021018508321323,23.339273200713617,24.78091561538401,24.74265116771998,in_distribution
predictive_graph_greedy,24,inside-out/active/bruhl/2025-03-01/ping-frntdeu1-2a0d:3341:b100:1e99::1-10ms-1h-2025-03-01-10-00-00.txt,bruhl,active,22.32787377911345,21.302933201873305,21.302933201873305,0.0,1,1,251.083,23.997116479576107,22.70046615600586,23.628187926774412,0.29224765693064164,1.2966503235702476,23.54328886632652,23.932283963397595,26.740597773298482,27.473833229008807,in_distribution
predictive_graph_greedy,25,inside-out/active/bruhl/2025-03-02/ping-frntdeu1-2a0d:3341:b100:1e99::1-10ms-1h-2025-03-02-04-00-00.txt,bruhl,active,21.503425012973533,22.81045364891519,20.90941031941032,1.9010433295048692,0,1,258.334,22.540918822268395,22.033418655395508,22.542532007336206,0.28037193680371536,0.5075001668728873,22.363293763862885,22.51554381392475,23.647292698825666,23.66377563624787,in_distribution
predictive_graph_greedy,26,inside-out/active/bruhl/2025-03-01/ping-frntdeu1-2a0d:3341:b100:1e99::1-10ms-1h-2025-03-01-06-00-00.txt,bruhl,active,20.34140703517588,21.017214654767496,21.017214654767496,0.0,1,1,253.833,22.4943716621965,22.49459457397461,22.372329418392706,0.23911950574810606,0.00022291177810984664,22.494449681318837,22.49451655485227,23.37511988565957,23.317989683985864,in_distribution
predictive_graph_greedy,27,inside-out/active/bruhl/2025-03-02/ping-frntdeu1-2a0d:3341:b100:1e99::1-10ms-1h-2025-03-02-08-00-00.txt,bruhl,active,22.79749498997996,22.81778904175718,20.862968591691995,1.954820450065185,0,1,252.375,24.025976140156672,23.46576690673828,23.92714441340014,0.3027014118369986,0.5602092334183908,23.829902908460234,23.997965678485752,25.43661209173785,25.56051191465491,in_distribution
predictive_graph_greedy,28,inside-out/active/bruhl/2025-03-01/ping-frntdeu1-2a0d:3341:b100:1e99::1-10ms-1h-2025-03-01-10-00-00.txt,bruhl,active,22.77733170134639,24.379786381842457,21.53464133966508,2.8451450421773785,0,1,290.792,23.18943637749635,22.21222686767578,23.174717464666802,0.21012427586162746,0.9772095098205682,22.84741304905915,23.14057590200532,24.14706190006777,24.44393188542035,in_distribution
predictive_graph_greedy,29,inside-out/active/bruhl/2025-03-02/ping-frntdeu1-2a0d:3341:b100:1e99::1-10ms-1h-2025-03-02-04-00-00.txt,bruhl,active,20.735983159980183,22.66416426889877,20.4912965798877,2.1728676890110705,0,1,250.0,22.97446474545177,23.41508674621582,22.903013097291893,0.1356015542575363,0.44062200076405134,23.128682445719186,23.2608690459484,24.007360600722556,24.307577583762313,in_distribution
predictive_graph_greedy,30,inside-out/active/bruhl/2025-03-01/ping-frntdeu1-2a0d:3341:b100:1e99::1-10ms-1h-2025-03-01-11-00-00.txt,bruhl,active,22.556084243369735,25.71597038603913,21.29049887189772,4.42547151414141,0,1,250.959,23.50735227358291,23.200000762939453,23.51175090384386,0.3189883947031883,0.307351510643457,23.3997792448577,23.49198469805074,24.749876751432186,24.6445450049334,in_distribution
predictive_graph_greedy,31,inside-out/active/bruhl/2025-03-01/ping-frntdeu1-2a0d:3341:b100:1e99::1-10ms-1h-2025-03-01-03-00-00.txt,bruhl,active,25.462660944206007,25.085568760611206,25.085568760611206,0.0,1,1,249.166,23.637806700698093,22.596553802490234,24.02860310284139,0.4978700897835112,1.0412528982078584,23.273368186325342,23.5857440557877,25.971187908866224,25.675552743578827,in_distribution
predictive_graph_greedy,32,inside-out/active/bruhl/2025-03-01/ping-frntdeu1-2a0d:3341:b100:1e99::1-10ms-1h-2025-03-01-02-00-00.txt,bruhl,active,21.059639007269993,21.813275862068966,19.962515754978572,1.8507601070903945,0,1,249.5,21.826486082759402,22.24777603149414,22.28696820515937,0.2957443769479302,0.4212899487347386,21.97393756481656,22.10032454943698,23.371723279033134,23.005400335473272,in_distribution
predictive_graph_greedy,33,inside-out/active/bruhl/2025-03-01/ping-frntdeu1-2a0d:3341:b100:1e99::1-10ms-1h-2025-03-01-02-00-00.txt,bruhl,active,21.813275862068966,20.64453380246293,20.64453380246293,0.0,1,1,251.417,22.66323868366726,22.900516510009766,22.533853031823178,0.2696191371211038,0.23727782634250616,22.746285922887136,22.81746927078989,23.818453005037306,23.92358267379744,in_distribution
predictive_graph_greedy,34,inside-out/active/bruhl/2025-03-02/ping-frntdeu1-2a0d:3341:b100:1e99::1-10ms-1h-2025-03-02-11-00-00.txt,bruhl,active,21.497691123653155,23.381447734750697,22.929957805907172,0.45148992884352523,0,1,254.416,23.10447129376189,23.39904022216797,23.00444108284485,0.29786200080080216,0.29456892840607907,23.207570418704016,23.29594109722584,24.108424956329994,24.205985362950994,in_distribution
predictive_graph_greedy,35,inside-out/active/bruhl/2025-03-01/ping-frntdeu1-2a0d:3341:b100:1e99::1-10ms-1h-2025-03-01-02-00-00.txt,bruhl,active,23.2448424796748,23.209002735637903,20.47603663190028,2.732966103737624,0,1,249.5,22.489183894628695,22.963302612304688,22.582022116474185,0.21509903051428533,0.47411871767599223,22.655125445815294,22.797361061118092,23.81418891597897,23.91561545950476,in_distribution
predictive_graph_greedy,36,inside-out/active/bruhl/2025-03-01/ping-frntdeu1-2a0d:3341:b100:1e99::1-10ms-1h-2025-03-01-11-00-00.txt,bruhl,active,20.164751826656587,21.917024832855777,20.86603063017826,1.0509942026775185,0,1,253.625,22.700482555779672,22.22637176513672,22.565952927741673,0.2808624563741236,0.47411079064295336,22.534543779054637,22.676777016247524,23.441434785803843,23.578667427350577,in_distribution
predictive_graph_greedy,37,inside-out/active/bruhl/2025-03-01/ping-frntdeu1-2a0d:3341:b100:1e99::1-10ms-1h-2025-03-01-01-00-00.txt,bruhl,active,23.84624378109453,25.88846249688512,21.082538898493457,4.8059235983916615,0,1,249.167,23.520888565873975,22.974306106567383,23.64797904523718,0.26062829051734693,0.5465824593065918,23.329584705116666,23.493559442908644,25.05075343146711,24.974153840903863,in_distribution
predictive_graph_greedy,38,inside-out/active/bruhl/2025-03-02/ping-frntdeu1-2a0d:3341:b100:1e99::1-10ms-1h-2025-03-02-03-00-00.txt,bruhl,active,20.363096741601417,25.04346959122632,21.890744010088273,3.1527255811380464,0,1,250.666,23.001727037723867,22.147754669189453,22.853676567111798,0.3196573681975921,0.8539723685344143,22.70283670873682,22.959028419297145,23.92857201351879,24.221167023823153,in_distribution
predictive_graph_greedy,39,inside-out/active/bruhl/2025-03-01/ping-frntdeu1-2a0d:3341:b100:1e99::1-10ms-1h-2025-03-01-05-00-00.txt,bruhl,active,21.578173076923076,21.964537389100126,21.85555555555555,0.10898183354457558,0,1,248.583,23.053136449093472,23.087793350219727,22.894375010948224,0.2610260658632755,0.034656901126254525,23.065266364487663,23.07566343482554,23.8928980172063,23.881882581798777,in_distribution
predictive_graph_greedy,40,inside-out/active/bruhl/2025-03-01/ping-frntdeu1-2a0d:3341:b100:1e99::1-10ms-1h-2025-03-01-04-00-00.txt,bruhl,active,21.93523380845211,22.603270440251578,21.241345427059713,1.3619250131918648,0,1,250.291,23.379083884229658,22.26675033569336,23.248914687909114,0.23689137618864634,1.1123335485362986,22.989767142241952,23.323467206802842,24.40805763652706,24.861108397547454,in_distribution
predictive_graph_greedy,41,inside-out/active/bruhl/2025-03-01/ping-frntdeu1-2a0d:3341:b100:1e99::1-10ms-1h-2025-03-01-22-00-00.txt,bruhl,active,24.54053789731051,25.861392563014725,25.861392563014725,0.0,1,1,251.75,25.873241439196136,25.95902442932129,25.514452962579572,0.30544749835290086,0.08578299012515345,25.90326548573994,25.929000382777485,26.97732127789658,27.171361373342332,in_distribution
predictive_graph_greedy,42,inside-out/active/bruhl/2025-03-02/ping-frntdeu1-2a0d:3341:b100:1e99::1-10ms-1h-2025-03-02-11-00-00.txt,bruhl,active,23.930257406508012,21.86303293336737,21.144909875602945,0.7181230577644264,0,1,250.583,24.768294338036867,23.618900299072266,24.715908953142794,0.25300889222406175,1.1493940389646014,24.366006424399256,24.710824636088635,25.995294003817428,26.37515003707753,in_distribution
predictive_graph_greedy,43,inside-out/active/bruhl/2025-03-02/ping-frntdeu1-2a0d:3341:b100:1e99::1-10ms-1h-2025-03-02-05-00-00.txt,bruhl,active,21.03521870286576,21.099264892268696,21.099264892268696,0.0,1,1,248.125,22.786356927210363,22.32449722290039,22.82027393959478,0.1622090298608455,0.4618597043099726,22.624706030701873,22.763263941994865,23.789256209255303,23.841519291414738,in_distribution
predictive_graph_greedy,44,inside-out/active/bruhl/2025-03-01/ping-frntdeu1-2a0d:3341:b100:1e99::1-10ms-1h-2025-03-01-11-00-00.txt,bruhl,active,22.196437346437342,23.91460763520679,22.39857142857143,1.5160362066353592,0,1,251.125,23.84625896437683,23.161640167236328,23.628124915803834,0.14591585843492838,0.6846187971405016,23.606642385377654,23.812028024519805,24.593234583750295,25.01001019721032,in_distribution
predictive_graph_greedy,45,inside-out/active/bruhl/2025-03-02/ping-frntdeu1-2a0d:3341:b100:1e99::1-10ms-1h-2025-03-02-06-00-00.txt,bruhl,active,22.632470588235293,21.61528989225244,21.101787463271304,0.5135024289811376,0,1,248.584,23.474062066045008,22.935026168823242,23.802367347465186,0.41446415168453576,0.5390358972217655,23.28539950201739,23.44711027118392,25.570655904321224,25.174068662887436,in_distribution
predictive_graph_greedy,46,inside-out/active/bruhl/2025-03-02/ping-frntdeu1-2a0d:3341:b100:1e99::1-10ms-1h-2025-03-02-03-00-00.txt,bruhl,active,21.59167714357556,23.607438218742352,22.576217616580312,1.0312206021620405,0,1,250.917,23.308860979637757,23.124980926513672,23.267402260261587,0.12210368514253635,0.18388005312408495,23.244502961044326,23.299666976981552,24.334380339912205,24.367007319337308,in_distribution
predictive_graph_greedy,47,inside-out/active/bruhl/2025-03-02/ping-frntdeu1-2a0d:3341:b100:1e99::1-10ms-1h-2025-03-02-06-00-00.txt,bruhl,active,19.863144779466733,21.352409021014864,21.352409021014864,0.0,1,1,254.5,23.507833093374757,22.219301223754883,23.35392858526946,0.572019317950741,1.2885318696198738,23.0568469390078,23.443406499893765,24.49837725883357,24.80310661980475,in_distribution
predictive_graph_greedy,48,inside-out/active/bruhl/2025-03-01/ping-frntdeu1-2a0d:3341:b100:1e99::1-10ms-1h-2025-03-01-00-00-00.txt,bruhl,active,22.954475,22.63668212261721,21.65496575342466,0.9817163691925508,0,1,257.625,23.20930655508255,23.72065544128418,23.5307421672825,0.5036155214443262,0.5113488862016311,23.388278665253118,23.541683331113607,25.01026840210655,24.694632813474573,in_distribution
predictive_graph_greedy,49,inside-out/active/bruhl/2025-03-01/ping-frntdeu1-2a0d:3341:b100:1e99::1-10ms-1h-2025-03-01-06-00-00.txt,bruhl,active,25.30204498977505,29.000200904068308,22.752465897166843,6.247735006901465,0,1,247.916,23.853538364061023,23.917837142944336,24.016008887498995,0.44940415695662694,0.06429877888331248,23.87604293667018,23.895332570335174,25.888837392756002,25.43753783576304,in_distribution
predictive_graph_greedy,50,inside-out/active/bruhl/2025-03-01/ping-frntdeu1-2a0d:3341:b100:1e99::1-10ms-1h-2025-03-01-09-00-00.txt,bruhl,active,24.386828774062817,21.91474262868566,21.91474262868566,0.0,1,1,257.625,23.753268746992944,23.44748306274414,23.886311838965682,0.2732630210275242,0.3057856842488036,23.646243757505864,23.737979462780505,25.411402276615306,25.211015476783885,in_distribution
predictive_graph_greedy,51,inside-out/active/bruhl/2025-03-01/ping-frntdeu1-2a0d:3341:b100:1e99::1-10ms-1h-2025-03-01-02-00-00.txt,bruhl,active,20.572501897293193,22.256720901126407,20.069478908188582,2.1872419929378246,0,1,251.041,23.149945329278125,23.56783676147461,23.04269152625029,0.20692424769058584,0.41789143219648395,23.296207330546892,23.421574760205836,24.08018000921548,24.345659200622737,in_distribution
predictive_graph_greedy,52,inside-out/active/bruhl/2025-03-02/ping-frntdeu1-2a0d:3341:b100:1e99::1-10ms-1h-2025-03-02-00-00-00.txt,bruhl,active,22.26017119838872,22.53957915831663,21.179303062302008,1.3602760960146227,0,1,255.667,24.286039263805833,23.639833450317383,24.096757353955997,0.30422482717376637,0.6462058134884501,24.059867229084876,24.253728973131413,25.41700195349823,25.668907859037542,in_distribution
predictive_graph_greedy,53,inside-out/active/bruhl/2025-03-02/ping-frntdeu1-2a0d:3341:b100:1e99::1-10ms-1h-2025-03-02-02-00-00.txt,bruhl,active,22.22624908603461,28.69517554334846,20.62198079838302,8.073194744965438,0,1,253.375,23.20153960208245,23.366065979003906,23.095045657160238,0.2884841664706564,0.164526376921458,23.25912383400496,23.308481747081398,24.352883713048392,24.366409315808703,in_distribution
predictive_graph_greedy,54,inside-out/active/bruhl/2025-03-01/ping-frntdeu1-2a0d:3341:b100:1e99::1-10ms-1h-2025-03-01-09-00-00.txt,bruhl,active,23.472487684729064,22.08153328153328,22.08153328153328,0.0,1,1,255.209,24.68428179433795,24.17307472229004,24.515260685047465,0.3955543380602311,0.5112070720479096,24.505359319121183,24.658721440735555,27.210339505649834,27.3127380438167,in_distribution
predictive_graph_greedy,55,inside-out/active/bruhl/2025-03-02/ping-frntdeu1-2a0d:3341:b100:1e99::1-10ms-1h-2025-03-02-01-00-00.txt,bruhl,active,21.65060613876709,20.780806331931736,20.780806331931736,0.0,1,1,250.333,22.58210697047889,22.611621856689453,22.728474342514453,0.24005875191780168,0.029514886210563418,22.59243718065259,22.601291646515758,23.82633058307197,23.522055311755985,in_distribution
predictive_graph_greedy,56,inside-out/active/bruhl/2025-03-02/ping-frntdeu1-2a0d:3341:b100:1e99::1-10ms-1h-2025-03-02-06-00-00.txt,bruhl,active,21.53169469598965,23.502222222222223,22.419876998769983,1.08234522345224,0,1,248.875,22.98984310542164,23.00802993774414,22.947862421698485,0.2755754059341642,0.018186832322498958,22.996208496734518,23.001664546431268,24.05528347740971,23.90422273092412,in_distribution
predictive_graph_greedy,57,inside-out/active/bruhl/2025-03-02/ping-frntdeu1-2a0d:3341:b100:1e99::1-10ms-1h-2025-03-02-01-00-00.txt,bruhl,active,22.1087841191067,23.286052894211576,20.59482673267327,2.6912261615383066,0,1,249.75,23.33459092506382,22.71363639831543,23.261557745958306,0.3030889065225992,0.6209545267483918,23.117256840701884,23.303543198726402,24.41746150840946,24.542607544659802,in_distribution
predictive_graph_greedy,58,inside-out/active/bruhl/2025-03-02/ping-frntdeu1-2a0d:3341:b100:1e99::1-10ms-1h-2025-03-02-03-00-00.txt,bruhl,active,21.611631860126273,21.0371021135727,21.0371021135727,0.0,1,1,251.125,24.287617678102833,23.14447021484375,24.133241766951414,0.4400321112141701,1.1431474632590835,23.887516065962153,24.23046030493988,25.294578362249975,25.633346548457354,in_distribution
predictive_graph_greedy,59,inside-out/active/brisbane/2025-03-22/ping-sydyaus1-2406:2d40:4600:8118::1-10ms-1h-2025-03-22-14-00-00.txt,brisbane,active,33.68682516097078,28.775,24.285714285714285,4.489285714285714,0,1,247.584,36.3512515039165,34.265872955322266,36.30432026600666,0.5514632813607901,2.0853785485942353,35.62136901190852,36.24698257648679,38.223895791225694,38.79564991498234,in_distribution
predictive_simple_fusion_greedy,0,inside-out/active/bruhl/2025-03-02/ping-frntdeu1-2a0d:3341:b100:1e99::1-10ms-1h-2025-03-02-07-00-00.txt,bruhl,active,22.35437116564417,21.621100691016785,21.621100691016785,0.0,1,1,265.917,22.639834452872492,24.030410766601562,23.332143990800127,0.6579667711109141,1.3905763137290705,23.126536162677667,23.543709056796388,25.125288670114493,24.982436289150474,in_distribution
predictive_simple_fusion_greedy,1,inside-out/active/bruhl/2025-03-01/ping-frntdeu1-2a0d:3341:b100:1e99::1-10ms-1h-2025-03-01-12-00-00.txt,bruhl,active,22.28159860557769,21.99285535848114,21.99285535848114,0.0,1,1,262.25,20.89858252897011,24.278945922851562,22.181304035027853,1.7018857192728913,3.380363393881453,22.08170971682862,23.095818734993056,26.038576573372012,26.01471332327069,in_distribution
predictive_simple_fusion_greedy,2,inside-out/active/bruhl/2025-03-02/ping-frntdeu1-2a0d:3341:b100:1e99::1-10ms-1h-2025-03-02-01-00-00.txt,bruhl,active,21.83260422027792,22.613771712158808,20.917712833545107,1.6960588786137016,0,1,280.833,23.205702419964837,22.372634887695312,22.742152616199117,0.7931395384976233,0.8330675322695242,22.914128783670503,23.16404904335136,24.03909992695937,24.282675466373156,in_distribution
predictive_simple_fusion_greedy,3,inside-out/active/bruhl/2025-03-02/ping-frntdeu1-2a0d:3341:b100:1e99::1-10ms-1h-2025-03-02-09-00-00.txt,bruhl,active,20.917712833545107,24.32526150627615,21.87104870775348,2.4542127985226685,0,1,252.917,21.21073939083817,24.244060516357422,21.905449690971988,0.6136250718087757,3.033321125519251,22.27240178476991,23.18239812242569,23.900670069732087,25.020731809881127,in_distribution
predictive_simple_fusion_greedy,4,inside-out/active/bruhl/2025-03-01/ping-frntdeu1-2a0d:3341:b100:1e99::1-10ms-1h-2025-03-01-15-00-00.txt,bruhl,active,23.06587478346944,27.56826171875,27.56826171875,0.0,1,1,292.083,24.607030972163557,26.212461471557617,24.650766629053095,0.4571477496314584,1.6054304993940605,25.168931646951478,25.650560796769696,26.175601001844427,26.99307740727684,in_distribution
predictive_simple_fusion_greedy,5,inside-out/active/bruhl/2025-03-01/ping-frntdeu1-2a0d:3341:b100:1e99::1-10ms-1h-2025-03-01-09-00-00.txt,bruhl,active,23.732981595092024,20.876281257737062,20.876281257737062,0.0,1,1,269.208,22.843711259631164,22.97686004638672,23.293363810754865,0.3687067279384074,0.1331487867555552,22.89031333499561,22.93025797102228,24.554537879942025,23.928216872931184,in_distribution
predictive_simple_fusion_greedy,6,inside-out/active/bruhl/2025-03-01/ping-frntdeu1-2a0d:3341:b100:1e99::1-10ms-1h-2025-03-01-15-00-00.txt,bruhl,active,23.4781512605042,25.65002405002405,25.214902058021323,0.4351219920027276,0,1,256.292,23.982498893497905,23.575092315673828,24.038394980760067,0.45511393536333833,0.4074065778240765,23.839906591259478,23.9621285646067,25.431662898724078,25.217764319960242,in_distribution
predictive_simple_fusion_greedy,7,inside-out/active/bruhl/2025-03-02/ping-frntdeu1-2a0d:3341:b100:1e99::1-10ms-1h-2025-03-02-02-00-00.txt,bruhl,active,20.7472049689441,23.526065533382607,23.1603478699269,0.3657176634557082,0,1,257.375,22.46566831582004,22.83785057067871,22.559382127722515,0.3377835548890475,0.3721822548586715,22.595932105020573,22.707586781478174,23.657252419600532,23.589337632675274,in_distribution
predictive_simple_fusion_greedy,8,inside-out/active/bruhl/2025-03-02/ping-frntdeu1-2a0d:3341:b100:1e99::1-10ms-1h-2025-03-02-03-00-00.txt,bruhl,active,23.043459810284578,24.241065456282847,24.18876953125,0.052295925032847634,0,1,256.167,23.742803500575064,23.63355255126953,23.800825567935917,0.38192529263148367,0.10925094930553314,23.70456566831813,23.73734095310979,25.247173877267194,24.951870767620218,in_distribution
predictive_simple_fusion_greedy,9,inside-out/active/bruhl/2025-03-02/ping-frntdeu1-2a0d:3341:b100:1e99::1-10ms-1h-2025-03-02-02-00-00.txt,bruhl,active,21.56456494325347,22.518263923733063,20.73554078240859,1.782723141324471,0,1,264.708,22.39204825703473,22.877758026123047,22.574978356741763,0.3627859223324601,0.48570976908831653,22.56204667621564,22.707759606942137,23.920117894728204,23.82938068008806,in_distribution
predictive_simple_fusion_greedy,10,inside-out/active/bruhl/2025-03-02/ping-frntdeu1-2a0d:3341:b100:1e99::1-10ms-1h-2025-03-02-00-00-00.txt,bruhl,active,21.488742236024844,21.42230124460249,21.42230124460249,0.0,1,1,258.25,22.425170959873867,22.797687530517578,22.63992405836227,0.43370936520234826,0.372516570643711,22.555551759599165,22.66730673079228,23.855791487000467,23.595143792593085,in_distribution
predictive_simple_fusion_greedy,11,inside-out/active/bruhl/2025-03-02/ping-frntdeu1-2a0d:3341:b100:1e99::1-10ms-1h-2025-03-02-00-00-00.txt,bruhl,active,21.42230124460249,21.726165413533835,20.387828947368423,1.338336466165412,0,1,253.75,22.989127913730954,22.806392669677734,22.96664421871707,0.42599225814616665,0.1827352440532195,22.925170578312326,22.979991151528292,24.20521277568442,23.990433136912625,in_distribution
predictive_simple_fusion_greedy,12,inside-out/active/bruhl/2025-03-01/ping-frntdeu1-2a0d:3341:b100:1e99::1-10ms-1h-2025-03-01-04-00-00.txt,bruhl,active,23.205080213903745,24.9743935983996,21.228443190561684,3.745950407837917,0,1,258.875,24.268484190370145,22.924442291259766,24.210823015755125,0.17442327996602042,1.3440418991103797,23.798069525681512,24.201282095414626,25.529510055789444,26.06117262502962,in_distribution
predictive_simple_fusion_greedy,13,inside-out/active/bruhl/2025-03-02/ping-frntdeu1-2a0d:3341:b100:1e99::1-10ms-1h-2025-03-02-04-00-00.txt,bruhl,active,21.420887155739702,21.568996731204425,21.568996731204425,0.0,1,1,254.542,23.254076751887624,22.292390823364258,23.167328058409517,0.2145142406037828,0.9616859285233659,22.917486676904446,23.205992455461455,24.200490185290946,24.559111866151728,in_distribution
predictive_simple_fusion_greedy,14,inside-out/active/bruhl/2025-03-01/ping-frntdeu1-2a0d:3341:b100:1e99::1-10ms-1h-2025-03-01-01-00-00.txt,bruhl,active,22.414789081885857,25.471818835370236,25.049491441329696,0.42232739404053987,0,1,254.708,24.04285856151546,23.19707489013672,23.936196076705095,0.2930252303738298,0.8457836713787401,23.7468342765329,24.000569377946523,25.090410557468438,25.35790677161886,in_distribution
predictive_simple_fusion_greedy,15,inside-out/active/bruhl/2025-03-01/ping-frntdeu1-2a0d:3341:b100:1e99::1-10ms-1h-2025-03-01-16-00-00.txt,bruhl,active,21.567251461988302,25.35020366598778,20.97323392813493,4.37696973785285,0,1,255.75,22.962723226777598,23.114797592163086,22.933306319650256,0.21254780143054258,0.1520743653854879,23.015949254662516,23.06157156427816,23.994286350806966,23.978348180900518,in_distribution
predictive_simple_fusion_greedy,16,inside-out/active/bruhl/2025-03-01/ping-frntdeu1-2a0d:3341:b100:1e99::1-10ms-1h-2025-03-01-01-00-00.txt,bruhl,active,20.97323392813493,24.56791686574295,20.537673956262424,4.030242909480528,0,1,252.375,23.21956348144704,22.888565063476562,23.406311500531462,0.5831164437029492,0.330998417970477,23.103714035157374,23.203013560548516,24.712123824523868,24.236987760748946,in_distribution
predictive_simple_fusion_greedy,17,inside-out/active/bruhl/2025-03-02/ping-frntdeu1-2a0d:3341:b100:1e99::1-10ms-1h-2025-03-02-05-00-00.txt,bruhl,active,21.22907005734231,23.49381468703795,22.732245203089956,0.7615694839479943,0,1,252.708,22.3204690582661,22.21249771118164,22.383570825747636,0.3282694829512647,0.1079713470844581,22.282679086786537,22.315070490911875,23.647227678887713,23.386510905380735,in_distribution
predictive_simple_fusion_greedy,18,inside-out/active/bruhl/2025-03-01/ping-frntdeu1-2a0d:3341:b100:1e99::1-10ms-1h-2025-03-01-03-00-00.txt,bruhl,active,19.529397233201585,24.284345047923324,20.900098015192356,3.3842470327309684,0,1,252.917,22.114822318615552,22.959941864013672,22.047158950206903,0.3016827519973436,0.84511954539812,22.410614159504895,22.664150023124332,22.986710199119226,23.461951162578462,in_distribution
predictive_simple_fusion_greedy,19,inside-out/active/bruhl/2025-03-01/ping-frntdeu1-2a0d:3341:b100:1e99::1-10ms-1h-2025-03-01-06-00-00.txt,bruhl,active,20.900098015192356,20.94179447852761,20.94179447852761,0.0,1,1,248.958,23.049060081406424,23.15058708190918,22.86705849976243,0.33147942117435175,0.10152700050275598,23.08459453158239,23.115052631733217,23.929164217733174,23.938701483873473,in_distribution
predictive_simple_fusion_greedy,20,inside-out/active/bruhl/2025-03-02/ping-frntdeu1-2a0d:3341:b100:1e99::1-10ms-1h-2025-03-02-05-00-00.txt,bruhl,active,25.596773354150404,25.568180714112216,22.567924528301887,3.000256185810329,0,1,252.166,22.793679906745638,23.85782814025879,23.252710219311027,0.562185029569521,1.0641482335131514,23.16613178847524,23.485376258529186,25.254726565806855,25.172168656199187,in_distribution
predictive_simple_fusion_greedy,21,inside-out/active/bruhl/2025-03-01/ping-frntdeu1-2a0d:3341:b100:1e99::1-10ms-1h-2025-03-01-05-00-00.txt,bruhl,active,22.55219123505976,22.65705064548163,21.83513115959794,0.82191948588369,0,1,249.333,22.921129034533806,23.060667037963867,22.984261162335162,0.30712002213299183,0.1395380034300615,22.969967335734324,23.01182873676334,24.482715073692653,24.2938964318641,in_distribution
predictive_simple_fusion_greedy,22,inside-out/active/bruhl/2025-03-01/ping-frntdeu1-2a0d:3341:b100:1e99::1-10ms-1h-2025-03-01-16-00-00.txt,bruhl,active,23.76572412097369,24.56388081395349,21.879531442663374,2.6843493712901143,0,1,203.792,24.527570789588935,24.532907485961914,24.280781100946957,0.29417688083017873,0.005336696372978622,24.52943863331948,24.531039642231374,25.604135210233572,25.63429476053265,in_distribution
predictive_simple_fusion_greedy,23,inside-out/active/bruhl/2025-03-02/ping-frntdeu1-2a0d:3341:b100:1e99::1-10ms-1h-2025-03-02-01-00-00.txt,bruhl,active,23.1512762193581,21.07638709677419,21.07638709677419,0.0,1,1,255.333,22.660641907537865,22.516389846801758,22.912480374537015,0.38040472842962614,0.14425206073610752,22.610153686280228,22.65342930450106,24.284390638237316,23.812162052247192,in_distribution
predictive_simple_fusion_greedy,24,inside-out/active/bruhl/2025-03-01/ping-frntdeu1-2a0d:3341:b100:1e99::1-10ms-1h-2025-03-01-10-00-00.txt,bruhl,active,22.32787377911345,21.302933201873305,21.302933201873305,0.0,1,1,249.834,23.997116479576107,22.70046615600586,23.628187926774412,0.29224765693064164,1.2966503235702476,23.54328886632652,23.932283963397595,26.740597773298482,27.473833229008807,in_distribution
predictive_simple_fusion_greedy,25,inside-out/active/bruhl/2025-03-02/ping-frntdeu1-2a0d:3341:b100:1e99::1-10ms-1h-2025-03-02-04-00-00.txt,bruhl,active,21.503425012973533,22.81045364891519,20.90941031941032,1.9010433295048692,0,1,252.125,22.540918822268395,22.033418655395508,22.542532007336206,0.28037193680371536,0.5075001668728873,22.363293763862885,22.51554381392475,23.647292698825666,23.66377563624787,in_distribution
predictive_simple_fusion_greedy,26,inside-out/active/bruhl/2025-03-01/ping-frntdeu1-2a0d:3341:b100:1e99::1-10ms-1h-2025-03-01-06-00-00.txt,bruhl,active,20.34140703517588,21.017214654767496,21.017214654767496,0.0,1,1,258.042,22.4943716621965,22.49459457397461,22.372329418392706,0.23911950574810606,0.00022291177810984664,22.494449681318837,22.49451655485227,23.37511988565957,23.317989683985864,in_distribution
predictive_simple_fusion_greedy,27,inside-out/active/bruhl/2025-03-02/ping-frntdeu1-2a0d:3341:b100:1e99::1-10ms-1h-2025-03-02-08-00-00.txt,bruhl,active,22.79749498997996,22.81778904175718,20.862968591691995,1.954820450065185,0,1,249.833,24.025976140156672,23.46576690673828,23.92714441340014,0.3027014118369986,0.5602092334183908,23.829902908460234,23.997965678485752,25.43661209173785,25.56051191465491,in_distribution
predictive_simple_fusion_greedy,28,inside-out/active/bruhl/2025-03-01/ping-frntdeu1-2a0d:3341:b100:1e99::1-10ms-1h-2025-03-01-10-00-00.txt,bruhl,active,22.77733170134639,24.379786381842457,21.53464133966508,2.8451450421773785,0,1,294.125,23.18943637749635,22.21222686767578,23.174717464666802,0.21012427586162746,0.9772095098205682,22.84741304905915,23.14057590200532,24.14706190006777,24.44393188542035,in_distribution
predictive_simple_fusion_greedy,29,inside-out/active/bruhl/2025-03-02/ping-frntdeu1-2a0d:3341:b100:1e99::1-10ms-1h-2025-03-02-04-00-00.txt,bruhl,active,20.735983159980183,22.66416426889877,20.4912965798877,2.1728676890110705,0,1,248.791,22.97446474545177,23.41508674621582,22.903013097291893,0.1356015542575363,0.44062200076405134,23.128682445719186,23.2608690459484,24.007360600722556,24.307577583762313,in_distribution
predictive_simple_fusion_greedy,30,inside-out/active/bruhl/2025-03-01/ping-frntdeu1-2a0d:3341:b100:1e99::1-10ms-1h-2025-03-01-11-00-00.txt,bruhl,active,22.556084243369735,25.71597038603913,21.29049887189772,4.42547151414141,0,1,250.0,23.50735227358291,23.200000762939453,23.51175090384386,0.3189883947031883,0.307351510643457,23.3997792448577,23.49198469805074,24.749876751432186,24.6445450049334,in_distribution
predictive_simple_fusion_greedy,31,inside-out/active/bruhl/2025-03-01/ping-frntdeu1-2a0d:3341:b100:1e99::1-10ms-1h-2025-03-01-03-00-00.txt,bruhl,active,25.462660944206007,25.085568760611206,25.085568760611206,0.0,1,1,252.041,23.637806700698093,22.596553802490234,24.02860310284139,0.4978700897835112,1.0412528982078584,23.273368186325342,23.5857440557877,25.971187908866224,25.675552743578827,in_distribution
predictive_simple_fusion_greedy,32,inside-out/active/bruhl/2025-03-01/ping-frntdeu1-2a0d:3341:b100:1e99::1-10ms-1h-2025-03-01-02-00-00.txt,bruhl,active,21.059639007269993,21.813275862068966,19.962515754978572,1.8507601070903945,0,1,248.125,21.826486082759402,22.24777603149414,22.28696820515937,0.2957443769479302,0.4212899487347386,21.97393756481656,22.10032454943698,23.371723279033134,23.005400335473272,in_distribution
predictive_simple_fusion_greedy,33,inside-out/active/bruhl/2025-03-01/ping-frntdeu1-2a0d:3341:b100:1e99::1-10ms-1h-2025-03-01-02-00-00.txt,bruhl,active,21.813275862068966,20.64453380246293,20.64453380246293,0.0,1,1,253.333,22.66323868366726,22.900516510009766,22.533853031823178,0.2696191371211038,0.23727782634250616,22.746285922887136,22.81746927078989,23.818453005037306,23.92358267379744,in_distribution
predictive_simple_fusion_greedy,34,inside-out/active/bruhl/2025-03-02/ping-frntdeu1-2a0d:3341:b100:1e99::1-10ms-1h-2025-03-02-11-00-00.txt,bruhl,active,21.497691123653155,23.381447734750697,22.929957805907172,0.45148992884352523,0,1,248.375,23.10447129376189,23.39904022216797,23.00444108284485,0.29786200080080216,0.29456892840607907,23.207570418704016,23.29594109722584,24.108424956329994,24.205985362950994,in_distribution
predictive_simple_fusion_greedy,35,inside-out/active/bruhl/2025-03-01/ping-frntdeu1-2a0d:3341:b100:1e99::1-10ms-1h-2025-03-01-02-00-00.txt,bruhl,active,23.2448424796748,23.209002735637903,20.47603663190028,2.732966103737624,0,1,252.625,22.489183894628695,22.963302612304688,22.582022116474185,0.21509903051428533,0.47411871767599223,22.655125445815294,22.797361061118092,23.81418891597897,23.91561545950476,in_distribution
predictive_simple_fusion_greedy,36,inside-out/active/bruhl/2025-03-01/ping-frntdeu1-2a0d:3341:b100:1e99::1-10ms-1h-2025-03-01-11-00-00.txt,bruhl,active,20.164751826656587,21.917024832855777,20.86603063017826,1.0509942026775185,0,1,253.084,22.700482555779672,22.22637176513672,22.565952927741673,0.2808624563741236,0.47411079064295336,22.534543779054637,22.676777016247524,23.441434785803843,23.578667427350577,in_distribution
predictive_simple_fusion_greedy,37,inside-out/active/bruhl/2025-03-02/ping-frntdeu1-2a0d:3341:b100:1e99::1-10ms-1h-2025-03-02-05-00-00.txt,bruhl,active,21.675483870967746,21.14275018717245,21.082538898493457,0.0602112886789925,0,1,252.042,22.92614113286436,23.176776885986328,22.8492251384624,0.06499015031643537,0.2506357531219692,23.013863646457047,23.089054372393637,23.804816409572474,24.02096660607858,in_distribution
predictive_simple_fusion_greedy,38,inside-out/active/bruhl/2025-03-02/ping-frntdeu1-2a0d:3341:b100:1e99::1-10ms-1h-2025-03-02-03-00-00.txt,bruhl,active,20.363096741601417,25.04346959122632,21.890744010088273,3.1527255811380464,0,1,247.833,23.001727037723867,22.147754669189453,22.853676567111798,0.3196573681975921,0.8539723685344143,22.70283670873682,22.959028419297145,23.92857201351879,24.221167023823153,in_distribution
predictive_simple_fusion_greedy,39,inside-out/active/bruhl/2025-03-01/ping-frntdeu1-2a0d:3341:b100:1e99::1-10ms-1h-2025-03-01-05-00-00.txt,bruhl,active,21.578173076923076,21.964537389100126,21.85555555555555,0.10898183354457558,0,1,250.584,23.053136449093472,23.087793350219727,22.894375010948224,0.2610260658632755,0.034656901126254525,23.065266364487663,23.07566343482554,23.8928980172063,23.881882581798777,in_distribution
predictive_simple_fusion_greedy,40,inside-out/active/bruhl/2025-03-01/ping-frntdeu1-2a0d:3341:b100:1e99::1-10ms-1h-2025-03-01-04-00-00.txt,bruhl,active,21.93523380845211,22.603270440251578,21.241345427059713,1.3619250131918648,0,1,251.25,23.379083884229658,22.26675033569336,23.248914687909114,0.23689137618864634,1.1123335485362986,22.989767142241952,23.323467206802842,24.40805763652706,24.861108397547454,in_distribution
predictive_simple_fusion_greedy,41,inside-out/active/bruhl/2025-03-01/ping-frntdeu1-2a0d:3341:b100:1e99::1-10ms-1h-2025-03-01-22-00-00.txt,bruhl,active,24.54053789731051,25.861392563014725,25.861392563014725,0.0,1,1,252.75,25.873241439196136,25.95902442932129,25.514452962579572,0.30544749835290086,0.08578299012515345,25.90326548573994,25.929000382777485,26.97732127789658,27.171361373342332,in_distribution
predictive_simple_fusion_greedy,42,inside-out/active/bruhl/2025-03-01/ping-frntdeu1-2a0d:3341:b100:1e99::1-10ms-1h-2025-03-01-11-00-00.txt,bruhl,active,23.930179090029043,21.144909875602945,21.144909875602945,0.0,1,1,248.083,24.373600837599042,23.62249183654785,24.184569462240454,0.47253844678514206,0.7511090010511907,24.110712687231125,24.33604538754648,25.784239771697553,25.95686636244032,in_distribution
predictive_simple_fusion_greedy,43,inside-out/active/bruhl/2025-03-02/ping-frntdeu1-2a0d:3341:b100:1e99::1-10ms-1h-2025-03-02-05-00-00.txt,bruhl,active,21.03521870286576,21.099264892268696,21.099264892268696,0.0,1,1,250.708,22.786356927210363,22.32449722290039,22.82027393959478,0.1622090298608455,0.4618597043099726,22.624706030701873,22.763263941994865,23.789256209255303,23.841519291414738,in_distribution
predictive_simple_fusion_greedy,44,inside-out/active/bruhl/2025-03-01/ping-frntdeu1-2a0d:3341:b100:1e99::1-10ms-1h-2025-03-01-11-00-00.txt,bruhl,active,22.196437346437342,23.91460763520679,22.39857142857143,1.5160362066353592,0,1,249.875,23.84625896437683,23.161640167236328,23.628124915803834,0.14591585843492838,0.6846187971405016,23.606642385377654,23.812028024519805,24.593234583750295,25.01001019721032,in_distribution
predictive_simple_fusion_greedy,45,inside-out/active/bruhl/2025-03-02/ping-frntdeu1-2a0d:3341:b100:1e99::1-10ms-1h-2025-03-02-06-00-00.txt,bruhl,active,22.632470588235293,21.61528989225244,21.101787463271304,0.5135024289811376,0,1,247.833,23.474062066045008,22.935026168823242,23.802367347465186,0.41446415168453576,0.5390358972217655,23.28539950201739,23.44711027118392,25.570655904321224,25.174068662887436,in_distribution
predictive_simple_fusion_greedy,46,inside-out/active/bruhl/2025-03-02/ping-frntdeu1-2a0d:3341:b100:1e99::1-10ms-1h-2025-03-02-03-00-00.txt,bruhl,active,21.59167714357556,23.607438218742352,22.576217616580312,1.0312206021620405,0,1,246.458,23.308860979637757,23.124980926513672,23.267402260261587,0.12210368514253635,0.18388005312408495,23.244502961044326,23.299666976981552,24.334380339912205,24.367007319337308,in_distribution
predictive_simple_fusion_greedy,47,inside-out/active/bruhl/2025-03-02/ping-frntdeu1-2a0d:3341:b100:1e99::1-10ms-1h-2025-03-02-06-00-00.txt,bruhl,active,19.863144779466733,21.352409021014864,21.352409021014864,0.0,1,1,251.083,23.507833093374757,22.219301223754883,23.35392858526946,0.572019317950741,1.2885318696198738,23.0568469390078,23.443406499893765,24.49837725883357,24.80310661980475,in_distribution
predictive_simple_fusion_greedy,48,inside-out/active/bruhl/2025-03-01/ping-frntdeu1-2a0d:3341:b100:1e99::1-10ms-1h-2025-03-01-00-00-00.txt,bruhl,active,22.954475,22.63668212261721,21.65496575342466,0.9817163691925508,0,1,250.875,23.20930655508255,23.72065544128418,23.5307421672825,0.5036155214443262,0.5113488862016311,23.388278665253118,23.541683331113607,25.01026840210655,24.694632813474573,in_distribution
predictive_simple_fusion_greedy,49,inside-out/active/bruhl/2025-03-01/ping-frntdeu1-2a0d:3341:b100:1e99::1-10ms-1h-2025-03-01-06-00-00.txt,bruhl,active,25.30204498977505,29.000200904068308,22.752465897166843,6.247735006901465,0,1,248.75,23.853538364061023,23.917837142944336,24.016008887498995,0.44940415695662694,0.06429877888331248,23.87604293667018,23.895332570335174,25.888837392756002,25.43753783576304,in_distribution
predictive_simple_fusion_greedy,50,inside-out/active/bruhl/2025-03-01/ping-frntdeu1-2a0d:3341:b100:1e99::1-10ms-1h-2025-03-01-09-00-00.txt,bruhl,active,24.386828774062817,21.91474262868566,21.91474262868566,0.0,1,1,256.166,23.753268746992944,23.44748306274414,23.886311838965682,0.2732630210275242,0.3057856842488036,23.646243757505864,23.737979462780505,25.411402276615306,25.211015476783885,in_distribution
predictive_simple_fusion_greedy,51,inside-out/active/bruhl/2025-03-01/ping-frntdeu1-2a0d:3341:b100:1e99::1-10ms-1h-2025-03-01-02-00-00.txt,bruhl,active,20.572501897293193,22.256720901126407,20.069478908188582,2.1872419929378246,0,1,264.25,23.149945329278125,23.56783676147461,23.04269152625029,0.20692424769058584,0.41789143219648395,23.296207330546892,23.421574760205836,24.08018000921548,24.345659200622737,in_distribution
predictive_simple_fusion_greedy,52,inside-out/active/bruhl/2025-03-01/ping-frntdeu1-2a0d:3341:b100:1e99::1-10ms-1h-2025-03-01-11-00-00.txt,bruhl,active,21.314613320322028,21.179303062302008,21.179303062302008,0.0,1,1,249.25,23.747221604960032,23.67287826538086,23.57538009598131,0.491215955820843,0.07434333957917261,23.72120143610732,23.743504437981073,24.754246703375493,24.59113074829921,in_distribution
predictive_simple_fusion_greedy,53,inside-out/active/bruhl/2025-03-01/ping-frntdeu1-2a0d:3341:b100:1e99::1-10ms-1h-2025-03-01-11-00-00.txt,bruhl,active,21.179303062302008,20.62198079838302,20.62198079838302,0.0,1,1,280.083,22.59738867953456,23.805208206176758,22.556491661623713,0.4965759585385712,1.2078195266421972,23.02012551385933,23.382471371851988,24.526623563063627,25.100953257052193,in_distribution
predictive_simple_fusion_greedy,54,inside-out/active/bruhl/2025-03-01/ping-frntdeu1-2a0d:3341:b100:1e99::1-10ms-1h-2025-03-01-09-00-00.txt,bruhl,active,23.472487684729064,22.08153328153328,22.08153328153328,0.0,1,1,252.125,24.68428179433795,24.17307472229004,24.515260685047465,0.3955543380602311,0.5112070720479096,24.505359319121183,24.658721440735555,27.210339505649834,27.3127380438167,in_distribution
predictive_simple_fusion_greedy,55,inside-out/active/bruhl/2025-03-02/ping-frntdeu1-2a0d:3341:b100:1e99::1-10ms-1h-2025-03-02-01-00-00.txt,bruhl,active,21.65060613876709,20.780806331931736,20.780806331931736,0.0,1,1,250.917,22.58210697047889,22.611621856689453,22.728474342514453,0.24005875191780168,0.029514886210563418,22.59243718065259,22.601291646515758,23.82633058307197,23.522055311755985,in_distribution
predictive_simple_fusion_greedy,56,inside-out/active/bruhl/2025-03-02/ping-frntdeu1-2a0d:3341:b100:1e99::1-10ms-1h-2025-03-02-06-00-00.txt,bruhl,active,21.53169469598965,23.502222222222223,22.419876998769983,1.08234522345224,0,1,250.5,22.98984310542164,23.00802993774414,22.947862421698485,0.2755754059341642,0.018186832322498958,22.996208496734518,23.001664546431268,24.05528347740971,23.90422273092412,in_distribution
predictive_simple_fusion_greedy,57,inside-out/active/bruhl/2025-03-02/ping-frntdeu1-2a0d:3341:b100:1e99::1-10ms-1h-2025-03-02-01-00-00.txt,bruhl,active,22.1087841191067,23.286052894211576,20.59482673267327,2.6912261615383066,0,1,405.459,23.33459092506382,22.71363639831543,23.261557745958306,0.3030889065225992,0.6209545267483918,23.117256840701884,23.303543198726402,24.41746150840946,24.542607544659802,in_distribution
predictive_simple_fusion_greedy,58,inside-out/active/bruhl/2025-03-01/ping-frntdeu1-2a0d:3341:b100:1e99::1-10ms-1h-2025-03-01-04-00-00.txt,bruhl,active,23.509030998291433,24.01265854265108,21.0371021135727,2.975556429078381,0,1,251.042,23.505086800812023,23.668073654174805,23.532906951796008,0.11236348682116229,0.1629868533627814,23.562132199489,23.611028255497835,24.85535026997506,24.86549764389729,in_distribution
predictive_simple_fusion_greedy,59,inside-out/active/brisbane/2025-03-22/ping-sydyaus1-2406:2d40:4600:8118::1-10ms-1h-2025-03-22-14-00-00.txt,brisbane,active,33.68682516097078,28.775,24.285714285714285,4.489285714285714,0,1,250.417,36.3512515039165,34.265872955322266,36.30432026600666,0.5514632813607901,2.0853785485942353,35.62136901190852,36.24698257648679,38.223895791225694,38.79564991498234,in_distribution
predictive_consensus_greedy,0,inside-out/active/bruhl/2025-03-02/ping-frntdeu1-2a0d:3341:b100:1e99::1-10ms-1h-2025-03-02-07-00-00.txt,bruhl,active,22.35437116564417,21.621100691016785,21.621100691016785,0.0,1,1,269.375,22.639834452872492,24.030410766601562,23.332143990800127,0.6579667711109141,1.3905763137290705,23.126536162677667,23.543709056796388,25.125288670114493,24.982436289150474,in_distribution
predictive_consensus_greedy,1,inside-out/active/bruhl/2025-03-02/ping-frntdeu1-2a0d:3341:b100:1e99::1-10ms-1h-2025-03-02-07-00-00.txt,bruhl,active,21.621100691016785,22.383109452736317,21.99285535848114,0.39025409425517665,0,1,257.708,21.80644724339254,23.558490753173828,22.317655298691804,0.710484142261171,1.7520435097812879,22.41966247181599,22.945275524750375,23.849080478567423,24.119041948908244,in_distribution
predictive_consensus_greedy,2,inside-out/active/bruhl/2025-03-02/ping-frntdeu1-2a0d:3341:b100:1e99::1-10ms-1h-2025-03-02-01-00-00.txt,bruhl,active,21.83260422027792,22.613771712158808,20.917712833545107,1.6960588786137016,0,1,261.625,23.205702419964837,22.372634887695312,22.742152616199117,0.7931395384976233,0.8330675322695242,22.914128783670503,23.16404904335136,24.03909992695937,24.282675466373156,in_distribution
predictive_consensus_greedy,3,inside-out/active/bruhl/2025-03-01/ping-frntdeu1-2a0d:3341:b100:1e99::1-10ms-1h-2025-03-01-04-00-00.txt,bruhl,active,22.299923136049195,22.88907130605244,21.87104870775348,1.018022598298959,0,1,262.0,22.160211083209106,23.302982330322266,22.57628534372353,0.3132643719621628,1.14277124711316,22.56018101969871,22.903012393832658,23.76464756071554,23.97070345656436,in_distribution
predictive_consensus_greedy,4,inside-out/active/bruhl/2025-03-01/ping-frntdeu1-2a0d:3341:b100:1e99::1-10ms-1h-2025-03-01-15-00-00.txt,bruhl,active,23.06587478346944,27.56826171875,27.56826171875,0.0,1,1,250.834,24.607030972163557,26.212461471557617,24.650766629053095,0.4571477496314584,1.6054304993940605,25.168931646951478,25.650560796769696,26.175601001844427,26.99307740727684,in_distribution
predictive_consensus_greedy,5,inside-out/active/bruhl/2025-03-01/ping-frntdeu1-2a0d:3341:b100:1e99::1-10ms-1h-2025-03-01-09-00-00.txt,bruhl,active,23.732981595092024,20.876281257737062,20.876281257737062,0.0,1,1,250.667,22.843711259631164,22.97686004638672,23.293363810754865,0.3687067279384074,0.1331487867555552,22.89031333499561,22.93025797102228,24.554537879942025,23.928216872931184,in_distribution
predictive_consensus_greedy,6,inside-out/active/bruhl/2025-03-01/ping-frntdeu1-2a0d:3341:b100:1e99::1-10ms-1h-2025-03-01-15-00-00.txt,bruhl,active,23.4781512605042,25.65002405002405,25.214902058021323,0.4351219920027276,0,1,249.958,23.982498893497905,23.575092315673828,24.038394980760067,0.45511393536333833,0.4074065778240765,23.839906591259478,23.9621285646067,25.431662898724078,25.217764319960242,in_distribution
predictive_consensus_greedy,7,inside-out/active/bruhl/2025-03-02/ping-frntdeu1-2a0d:3341:b100:1e99::1-10ms-1h-2025-03-02-02-00-00.txt,bruhl,active,20.7472049689441,23.526065533382607,23.1603478699269,0.3657176634557082,0,1,255.084,22.46566831582004,22.83785057067871,22.559382127722515,0.3377835548890475,0.3721822548586715,22.595932105020573,22.707586781478174,23.657252419600532,23.589337632675274,in_distribution
predictive_consensus_greedy,8,inside-out/active/bruhl/2025-03-02/ping-frntdeu1-2a0d:3341:b100:1e99::1-10ms-1h-2025-03-02-03-00-00.txt,bruhl,active,23.043459810284578,24.241065456282847,24.18876953125,0.052295925032847634,0,1,248.834,23.742803500575064,23.63355255126953,23.800825567935917,0.38192529263148367,0.10925094930553314,23.70456566831813,23.73734095310979,25.247173877267194,24.951870767620218,in_distribution
predictive_consensus_greedy,9,inside-out/active/bruhl/2025-03-02/ping-frntdeu1-2a0d:3341:b100:1e99::1-10ms-1h-2025-03-02-02-00-00.txt,bruhl,active,21.56456494325347,22.518263923733063,20.73554078240859,1.782723141324471,0,1,253.0,22.39204825703473,22.877758026123047,22.574978356741763,0.3627859223324601,0.48570976908831653,22.56204667621564,22.707759606942137,23.920117894728204,23.82938068008806,in_distribution
predictive_consensus_greedy,10,inside-out/active/bruhl/2025-03-02/ping-frntdeu1-2a0d:3341:b100:1e99::1-10ms-1h-2025-03-02-00-00-00.txt,bruhl,active,21.488742236024844,21.42230124460249,21.42230124460249,0.0,1,1,250.041,22.425170959873867,22.797687530517578,22.63992405836227,0.43370936520234826,0.372516570643711,22.555551759599165,22.66730673079228,23.855791487000467,23.595143792593085,in_distribution
predictive_consensus_greedy,11,inside-out/active/bruhl/2025-03-02/ping-frntdeu1-2a0d:3341:b100:1e99::1-10ms-1h-2025-03-02-00-00-00.txt,bruhl,active,21.42230124460249,21.726165413533835,20.387828947368423,1.338336466165412,0,1,252.5,22.989127913730954,22.806392669677734,22.96664421871707,0.42599225814616665,0.1827352440532195,22.925170578312326,22.979991151528292,24.20521277568442,23.990433136912625,in_distribution
predictive_consensus_greedy,12,inside-out/active/bruhl/2025-03-01/ping-frntdeu1-2a0d:3341:b100:1e99::1-10ms-1h-2025-03-01-04-00-00.txt,bruhl,active,23.205080213903745,24.9743935983996,21.228443190561684,3.745950407837917,0,1,252.083,24.268484190370145,22.924442291259766,24.210823015755125,0.17442327996602042,1.3440418991103797,23.798069525681512,24.201282095414626,25.529510055789444,26.06117262502962,in_distribution
predictive_consensus_greedy,13,inside-out/active/bruhl/2025-03-02/ping-frntdeu1-2a0d:3341:b100:1e99::1-10ms-1h-2025-03-02-04-00-00.txt,bruhl,active,21.420887155739702,21.568996731204425,21.568996731204425,0.0,1,1,252.0,23.254076751887624,22.292390823364258,23.167328058409517,0.2145142406037828,0.9616859285233659,22.917486676904446,23.205992455461455,24.200490185290946,24.559111866151728,in_distribution
predictive_consensus_greedy,14,inside-out/active/bruhl/2025-03-01/ping-frntdeu1-2a0d:3341:b100:1e99::1-10ms-1h-2025-03-01-01-00-00.txt,bruhl,active,22.414789081885857,25.471818835370236,25.049491441329696,0.42232739404053987,0,1,246.916,24.04285856151546,23.19707489013672,23.936196076705095,0.2930252303738298,0.8457836713787401,23.7468342765329,24.000569377946523,25.090410557468438,25.35790677161886,in_distribution
predictive_consensus_greedy,15,inside-out/active/bruhl/2025-03-01/ping-frntdeu1-2a0d:3341:b100:1e99::1-10ms-1h-2025-03-01-16-00-00.txt,bruhl,active,21.567251461988302,25.35020366598778,20.97323392813493,4.37696973785285,0,1,251.167,22.962723226777598,23.114797592163086,22.933306319650256,0.21254780143054258,0.1520743653854879,23.015949254662516,23.06157156427816,23.994286350806966,23.978348180900518,in_distribution
predictive_consensus_greedy,16,inside-out/active/bruhl/2025-03-01/ping-frntdeu1-2a0d:3341:b100:1e99::1-10ms-1h-2025-03-01-01-00-00.txt,bruhl,active,20.97323392813493,24.56791686574295,20.537673956262424,4.030242909480528,0,1,248.833,23.21956348144704,22.888565063476562,23.406311500531462,0.5831164437029492,0.330998417970477,23.103714035157374,23.203013560548516,24.712123824523868,24.236987760748946,in_distribution
predictive_consensus_greedy,17,inside-out/active/bruhl/2025-03-02/ping-frntdeu1-2a0d:3341:b100:1e99::1-10ms-1h-2025-03-02-05-00-00.txt,bruhl,active,21.22907005734231,23.49381468703795,22.732245203089956,0.7615694839479943,0,1,247.334,22.3204690582661,22.21249771118164,22.383570825747636,0.3282694829512647,0.1079713470844581,22.282679086786537,22.315070490911875,23.647227678887713,23.386510905380735,in_distribution
predictive_consensus_greedy,18,inside-out/active/bruhl/2025-03-01/ping-frntdeu1-2a0d:3341:b100:1e99::1-10ms-1h-2025-03-01-03-00-00.txt,bruhl,active,19.529397233201585,24.284345047923324,20.900098015192356,3.3842470327309684,0,1,252.25,22.114822318615552,22.959941864013672,22.047158950206903,0.3016827519973436,0.84511954539812,22.410614159504895,22.664150023124332,22.986710199119226,23.461951162578462,in_distribution
predictive_consensus_greedy,19,inside-out/active/bruhl/2025-03-01/ping-frntdeu1-2a0d:3341:b100:1e99::1-10ms-1h-2025-03-01-06-00-00.txt,bruhl,active,20.900098015192356,20.94179447852761,20.94179447852761,0.0,1,1,248.792,23.049060081406424,23.15058708190918,22.86705849976243,0.33147942117435175,0.10152700050275598,23.08459453158239,23.115052631733217,23.929164217733174,23.938701483873473,in_distribution
predictive_consensus_greedy,20,inside-out/active/bruhl/2025-03-02/ping-frntdeu1-2a0d:3341:b100:1e99::1-10ms-1h-2025-03-02-05-00-00.txt,bruhl,active,25.596773354150404,25.568180714112216,22.567924528301887,3.000256185810329,0,1,249.583,22.793679906745638,23.85782814025879,23.252710219311027,0.562185029569521,1.0641482335131514,23.16613178847524,23.485376258529186,25.254726565806855,25.172168656199187,in_distribution
predictive_consensus_greedy,21,inside-out/active/bruhl/2025-03-01/ping-frntdeu1-2a0d:3341:b100:1e99::1-10ms-1h-2025-03-01-05-00-00.txt,bruhl,active,22.55219123505976,22.65705064548163,21.83513115959794,0.82191948588369,0,1,247.833,22.921129034533806,23.060667037963867,22.984261162335162,0.30712002213299183,0.1395380034300615,22.969967335734324,23.01182873676334,24.482715073692653,24.2938964318641,in_distribution
predictive_consensus_greedy,22,inside-out/active/bruhl/2025-03-01/ping-frntdeu1-2a0d:3341:b100:1e99::1-10ms-1h-2025-03-01-16-00-00.txt,bruhl,active,23.76572412097369,24.56388081395349,21.879531442663374,2.6843493712901143,0,1,204.334,24.527570789588935,24.532907485961914,24.280781100946957,0.29417688083017873,0.005336696372978622,24.52943863331948,24.531039642231374,25.604135210233572,25.63429476053265,in_distribution
predictive_consensus_greedy,23,inside-out/active/bruhl/2025-03-02/ping-frntdeu1-2a0d:3341:b100:1e99::1-10ms-1h-2025-03-02-01-00-00.txt,bruhl,active,23.1512762193581,21.07638709677419,21.07638709677419,0.0,1,1,251.458,22.660641907537865,22.516389846801758,22.912480374537015,0.38040472842962614,0.14425206073610752,22.610153686280228,22.65342930450106,24.284390638237316,23.812162052247192,in_distribution
predictive_consensus_greedy,24,inside-out/active/bruhl/2025-03-01/ping-frntdeu1-2a0d:3341:b100:1e99::1-10ms-1h-2025-03-01-10-00-00.txt,bruhl,active,22.32787377911345,21.302933201873305,21.302933201873305,0.0,1,1,250.791,23.997116479576107,22.70046615600586,23.628187926774412,0.29224765693064164,1.2966503235702476,23.54328886632652,23.932283963397595,26.740597773298482,27.473833229008807,in_distribution
predictive_consensus_greedy,25,inside-out/active/bruhl/2025-03-01/ping-frntdeu1-2a0d:3341:b100:1e99::1-10ms-1h-2025-03-01-02-00-00.txt,bruhl,active,20.604673379808933,20.90941031941032,20.90941031941032,0.0,1,1,251.542,22.445284134980284,22.294445037841797,22.488798023741918,0.24737628568539044,0.15083909713848698,22.392490450981814,22.43774218012336,23.576956388713526,23.415787879400167,in_distribution
predictive_consensus_greedy,26,inside-out/active/bruhl/2025-03-01/ping-frntdeu1-2a0d:3341:b100:1e99::1-10ms-1h-2025-03-01-06-00-00.txt,bruhl,active,20.34140703517588,21.017214654767496,21.017214654767496,0.0,1,1,249.042,22.4943716621965,22.49459457397461,22.372329418392706,0.23911950574810606,0.00022291177810984664,22.494449681318837,22.49451655485227,23.37511988565957,23.317989683985864,in_distribution
predictive_consensus_greedy,27,inside-out/active/bruhl/2025-03-02/ping-frntdeu1-2a0d:3341:b100:1e99::1-10ms-1h-2025-03-02-08-00-00.txt,bruhl,active,22.79749498997996,22.81778904175718,20.862968591691995,1.954820450065185,0,1,248.0,24.025976140156672,23.46576690673828,23.92714441340014,0.3027014118369986,0.5602092334183908,23.829902908460234,23.997965678485752,25.43661209173785,25.56051191465491,in_distribution
predictive_consensus_greedy,28,inside-out/active/bruhl/2025-03-01/ping-frntdeu1-2a0d:3341:b100:1e99::1-10ms-1h-2025-03-01-06-00-00.txt,bruhl,active,21.831869997574582,21.53464133966508,21.53464133966508,0.0,1,1,255.792,22.981139217331474,22.744813919067383,22.857775900675882,0.33705105421456216,0.23632529826409154,22.898425362939044,22.96932295241827,24.012130587909617,23.989051998123127,in_distribution
predictive_consensus_greedy,29,inside-out/active/bruhl/2025-03-02/ping-frntdeu1-2a0d:3341:b100:1e99::1-10ms-1h-2025-03-02-04-00-00.txt,bruhl,active,20.735983159980183,22.66416426889877,20.4912965798877,2.1728676890110705,0,1,261.417,22.97446474545177,23.41508674621582,22.903013097291893,0.1356015542575363,0.44062200076405134,23.128682445719186,23.2608690459484,24.007360600722556,24.307577583762313,in_distribution
predictive_consensus_greedy,30,inside-out/active/bruhl/2025-03-01/ping-frntdeu1-2a0d:3341:b100:1e99::1-10ms-1h-2025-03-01-11-00-00.txt,bruhl,active,22.556084243369735,25.71597038603913,21.29049887189772,4.42547151414141,0,1,248.209,23.50735227358291,23.200000762939453,23.51175090384386,0.3189883947031883,0.307351510643457,23.3997792448577,23.49198469805074,24.749876751432186,24.6445450049334,in_distribution
predictive_consensus_greedy,31,inside-out/active/bruhl/2025-03-01/ping-frntdeu1-2a0d:3341:b100:1e99::1-10ms-1h-2025-03-01-03-00-00.txt,bruhl,active,25.462660944206007,25.085568760611206,25.085568760611206,0.0,1,1,246.625,23.637806700698093,22.596553802490234,24.02860310284139,0.4978700897835112,1.0412528982078584,23.273368186325342,23.5857440557877,25.971187908866224,25.675552743578827,in_distribution
predictive_consensus_greedy,32,inside-out/active/bruhl/2025-03-01/ping-frntdeu1-2a0d:3341:b100:1e99::1-10ms-1h-2025-03-01-02-00-00.txt,bruhl,active,21.059639007269993,21.813275862068966,19.962515754978572,1.8507601070903945,0,1,291.583,21.826486082759402,22.24777603149414,22.28696820515937,0.2957443769479302,0.4212899487347386,21.97393756481656,22.10032454943698,23.371723279033134,23.005400335473272,in_distribution
predictive_consensus_greedy,33,inside-out/active/bruhl/2025-03-01/ping-frntdeu1-2a0d:3341:b100:1e99::1-10ms-1h-2025-03-01-02-00-00.txt,bruhl,active,21.813275862068966,20.64453380246293,20.64453380246293,0.0,1,1,250.75,22.66323868366726,22.900516510009766,22.533853031823178,0.2696191371211038,0.23727782634250616,22.746285922887136,22.81746927078989,23.818453005037306,23.92358267379744,in_distribution
predictive_consensus_greedy,34,inside-out/active/bruhl/2025-03-02/ping-frntdeu1-2a0d:3341:b100:1e99::1-10ms-1h-2025-03-02-11-00-00.txt,bruhl,active,21.497691123653155,23.381447734750697,22.929957805907172,0.45148992884352523,0,1,249.792,23.10447129376189,23.39904022216797,23.00444108284485,0.29786200080080216,0.29456892840607907,23.207570418704016,23.29594109722584,24.108424956329994,24.205985362950994,in_distribution
predictive_consensus_greedy,35,inside-out/active/bruhl/2025-03-01/ping-frntdeu1-2a0d:3341:b100:1e99::1-10ms-1h-2025-03-01-02-00-00.txt,bruhl,active,23.2448424796748,23.209002735637903,20.47603663190028,2.732966103737624,0,1,255.75,22.489183894628695,22.963302612304688,22.582022116474185,0.21509903051428533,0.47411871767599223,22.655125445815294,22.797361061118092,23.81418891597897,23.91561545950476,in_distribution
predictive_consensus_greedy,36,inside-out/active/bruhl/2025-03-01/ping-frntdeu1-2a0d:3341:b100:1e99::1-10ms-1h-2025-03-01-11-00-00.txt,bruhl,active,20.164751826656587,21.917024832855777,20.86603063017826,1.0509942026775185,0,1,255.083,22.700482555779672,22.22637176513672,22.565952927741673,0.2808624563741236,0.47411079064295336,22.534543779054637,22.676777016247524,23.441434785803843,23.578667427350577,in_distribution
predictive_consensus_greedy,37,inside-out/active/bruhl/2025-03-02/ping-frntdeu1-2a0d:3341:b100:1e99::1-10ms-1h-2025-03-02-05-00-00.txt,bruhl,active,21.675483870967746,21.14275018717245,21.082538898493457,0.0602112886789925,0,1,260.292,22.92614113286436,23.176776885986328,22.8492251384624,0.06499015031643537,0.2506357531219692,23.013863646457047,23.089054372393637,23.804816409572474,24.02096660607858,in_distribution
predictive_consensus_greedy,38,inside-out/active/bruhl/2025-03-02/ping-frntdeu1-2a0d:3341:b100:1e99::1-10ms-1h-2025-03-02-03-00-00.txt,bruhl,active,20.363096741601417,25.04346959122632,21.890744010088273,3.1527255811380464,0,1,261.875,23.001727037723867,22.147754669189453,22.853676567111798,0.3196573681975921,0.8539723685344143,22.70283670873682,22.959028419297145,23.92857201351879,24.221167023823153,in_distribution
predictive_consensus_greedy,39,inside-out/active/bruhl/2025-03-01/ping-frntdeu1-2a0d:3341:b100:1e99::1-10ms-1h-2025-03-01-05-00-00.txt,bruhl,active,21.578173076923076,21.964537389100126,21.85555555555555,0.10898183354457558,0,1,252.416,23.053136449093472,23.087793350219727,22.894375010948224,0.2610260658632755,0.034656901126254525,23.065266364487663,23.07566343482554,23.8928980172063,23.881882581798777,in_distribution
predictive_consensus_greedy,40,inside-out/active/bruhl/2025-03-01/ping-frntdeu1-2a0d:3341:b100:1e99::1-10ms-1h-2025-03-01-04-00-00.txt,bruhl,active,21.93523380845211,22.603270440251578,21.241345427059713,1.3619250131918648,0,1,289.916,23.379083884229658,22.26675033569336,23.248914687909114,0.23689137618864634,1.1123335485362986,22.989767142241952,23.323467206802842,24.40805763652706,24.861108397547454,in_distribution
predictive_consensus_greedy,41,inside-out/active/bruhl/2025-03-01/ping-frntdeu1-2a0d:3341:b100:1e99::1-10ms-1h-2025-03-01-22-00-00.txt,bruhl,active,24.54053789731051,25.861392563014725,25.861392563014725,0.0,1,1,248.667,25.873241439196136,25.95902442932129,25.514452962579572,0.30544749835290086,0.08578299012515345,25.90326548573994,25.929000382777485,26.97732127789658,27.171361373342332,in_distribution
predictive_consensus_greedy,42,inside-out/active/bruhl/2025-03-01/ping-frntdeu1-2a0d:3341:b100:1e99::1-10ms-1h-2025-03-01-11-00-00.txt,bruhl,active,23.930179090029043,21.144909875602945,21.144909875602945,0.0,1,1,251.208,24.373600837599042,23.62249183654785,24.184569462240454,0.47253844678514206,0.7511090010511907,24.110712687231125,24.33604538754648,25.784239771697553,25.95686636244032,in_distribution
predictive_consensus_greedy,43,inside-out/active/bruhl/2025-03-02/ping-frntdeu1-2a0d:3341:b100:1e99::1-10ms-1h-2025-03-02-05-00-00.txt,bruhl,active,21.03521870286576,21.099264892268696,21.099264892268696,0.0,1,1,248.0,22.786356927210363,22.32449722290039,22.82027393959478,0.1622090298608455,0.4618597043099726,22.624706030701873,22.763263941994865,23.789256209255303,23.841519291414738,in_distribution
predictive_consensus_greedy,44,inside-out/active/bruhl/2025-03-01/ping-frntdeu1-2a0d:3341:b100:1e99::1-10ms-1h-2025-03-01-11-00-00.txt,bruhl,active,22.196437346437342,23.91460763520679,22.39857142857143,1.5160362066353592,0,1,247.458,23.84625896437683,23.161640167236328,23.628124915803834,0.14591585843492838,0.6846187971405016,23.606642385377654,23.812028024519805,24.593234583750295,25.01001019721032,in_distribution
predictive_consensus_greedy,45,inside-out/active/bruhl/2025-03-01/ping-frntdeu1-2a0d:3341:b100:1e99::1-10ms-1h-2025-03-01-03-00-00.txt,bruhl,active,20.902184164805163,22.055450358239508,21.101787463271304,0.953662894968204,0,1,249.709,23.432082722165433,23.390710830688477,23.256308368317942,0.25716408209872593,0.04137189147695608,23.417602560148495,23.430014127591583,24.394818789670897,24.39633743310897,in_distribution
predictive_consensus_greedy,46,inside-out/active/bruhl/2025-03-02/ping-frntdeu1-2a0d:3341:b100:1e99::1-10ms-1h-2025-03-02-03-00-00.txt,bruhl,active,21.59167714357556,23.607438218742352,22.576217616580312,1.0312206021620405,0,1,248.958,23.308860979637757,23.124980926513672,23.267402260261587,0.12210368514253635,0.18388005312408495,23.244502961044326,23.299666976981552,24.334380339912205,24.367007319337308,in_distribution
predictive_consensus_greedy,47,inside-out/active/bruhl/2025-03-02/ping-frntdeu1-2a0d:3341:b100:1e99::1-10ms-1h-2025-03-02-06-00-00.txt,bruhl,active,19.863144779466733,21.352409021014864,21.352409021014864,0.0,1,1,257.916,23.507833093374757,22.219301223754883,23.35392858526946,0.572019317950741,1.2885318696198738,23.0568469390078,23.443406499893765,24.49837725883357,24.80310661980475,in_distribution
predictive_consensus_greedy,48,inside-out/active/bruhl/2025-03-01/ping-frntdeu1-2a0d:3341:b100:1e99::1-10ms-1h-2025-03-01-00-00-00.txt,bruhl,active,22.954475,22.63668212261721,21.65496575342466,0.9817163691925508,0,1,249.541,23.20930655508255,23.72065544128418,23.5307421672825,0.5036155214443262,0.5113488862016311,23.388278665253118,23.541683331113607,25.01026840210655,24.694632813474573,in_distribution
predictive_consensus_greedy,49,inside-out/active/bruhl/2025-03-01/ping-frntdeu1-2a0d:3341:b100:1e99::1-10ms-1h-2025-03-01-06-00-00.txt,bruhl,active,25.30204498977505,29.000200904068308,22.752465897166843,6.247735006901465,0,1,248.417,23.853538364061023,23.917837142944336,24.016008887498995,0.44940415695662694,0.06429877888331248,23.87604293667018,23.895332570335174,25.888837392756002,25.43753783576304,in_distribution
predictive_consensus_greedy,50,inside-out/active/bruhl/2025-03-01/ping-frntdeu1-2a0d:3341:b100:1e99::1-10ms-1h-2025-03-01-09-00-00.txt,bruhl,active,24.386828774062817,21.91474262868566,21.91474262868566,0.0,1,1,249.125,23.753268746992944,23.44748306274414,23.886311838965682,0.2732630210275242,0.3057856842488036,23.646243757505864,23.737979462780505,25.411402276615306,25.211015476783885,in_distribution
predictive_consensus_greedy,51,inside-out/active/bruhl/2025-03-01/ping-frntdeu1-2a0d:3341:b100:1e99::1-10ms-1h-2025-03-01-02-00-00.txt,bruhl,active,20.572501897293193,22.256720901126407,20.069478908188582,2.1872419929378246,0,1,248.042,23.149945329278125,23.56783676147461,23.04269152625029,0.20692424769058584,0.41789143219648395,23.296207330546892,23.421574760205836,24.08018000921548,24.345659200622737,in_distribution
predictive_consensus_greedy,52,inside-out/active/bruhl/2025-03-01/ping-frntdeu1-2a0d:3341:b100:1e99::1-10ms-1h-2025-03-01-11-00-00.txt,bruhl,active,21.314613320322028,21.179303062302008,21.179303062302008,0.0,1,1,250.5,23.747221604960032,23.67287826538086,23.57538009598131,0.491215955820843,0.07434333957917261,23.72120143610732,23.743504437981073,24.754246703375493,24.59113074829921,in_distribution
predictive_consensus_greedy,53,inside-out/active/bruhl/2025-03-02/ping-frntdeu1-2a0d:3341:b100:1e99::1-10ms-1h-2025-03-02-02-00-00.txt,bruhl,active,22.22624908603461,28.69517554334846,20.62198079838302,8.073194744965438,0,1,255.125,23.20153960208245,23.366065979003906,23.095045657160238,0.2884841664706564,0.164526376921458,23.25912383400496,23.308481747081398,24.352883713048392,24.366409315808703,in_distribution
predictive_consensus_greedy,54,inside-out/active/bruhl/2025-03-01/ping-frntdeu1-2a0d:3341:b100:1e99::1-10ms-1h-2025-03-01-09-00-00.txt,bruhl,active,23.472487684729064,22.08153328153328,22.08153328153328,0.0,1,1,247.167,24.68428179433795,24.17307472229004,24.515260685047465,0.3955543380602311,0.5112070720479096,24.505359319121183,24.658721440735555,27.210339505649834,27.3127380438167,in_distribution
predictive_consensus_greedy,55,inside-out/active/bruhl/2025-03-02/ping-frntdeu1-2a0d:3341:b100:1e99::1-10ms-1h-2025-03-02-01-00-00.txt,bruhl,active,21.65060613876709,20.780806331931736,20.780806331931736,0.0,1,1,249.042,22.58210697047889,22.611621856689453,22.728474342514453,0.24005875191780168,0.029514886210563418,22.59243718065259,22.601291646515758,23.82633058307197,23.522055311755985,in_distribution
predictive_consensus_greedy,56,inside-out/active/bruhl/2025-03-02/ping-frntdeu1-2a0d:3341:b100:1e99::1-10ms-1h-2025-03-02-06-00-00.txt,bruhl,active,21.53169469598965,23.502222222222223,22.419876998769983,1.08234522345224,0,1,248.459,22.98984310542164,23.00802993774414,22.947862421698485,0.2755754059341642,0.018186832322498958,22.996208496734518,23.001664546431268,24.05528347740971,23.90422273092412,in_distribution
predictive_consensus_greedy,57,inside-out/active/bruhl/2025-03-02/ping-frntdeu1-2a0d:3341:b100:1e99::1-10ms-1h-2025-03-02-01-00-00.txt,bruhl,active,22.1087841191067,23.286052894211576,20.59482673267327,2.6912261615383066,0,1,249.0,23.33459092506382,22.71363639831543,23.261557745958306,0.3030889065225992,0.6209545267483918,23.117256840701884,23.303543198726402,24.41746150840946,24.542607544659802,in_distribution
predictive_consensus_greedy,58,inside-out/active/bruhl/2025-03-01/ping-frntdeu1-2a0d:3341:b100:1e99::1-10ms-1h-2025-03-01-04-00-00.txt,bruhl,active,23.509030998291433,24.01265854265108,21.0371021135727,2.975556429078381,0,1,249.791,23.505086800812023,23.668073654174805,23.532906951796008,0.11236348682116229,0.1629868533627814,23.562132199489,23.611028255497835,24.85535026997506,24.86549764389729,in_distribution
predictive_consensus_greedy,59,inside-out/active/brisbane/2025-03-22/ping-sydyaus1-2406:2d40:4600:8118::1-10ms-1h-2025-03-22-14-00-00.txt,brisbane,active,33.68682516097078,28.775,24.285714285714285,4.489285714285714,0,1,247.0,36.3512515039165,34.265872955322266,36.30432026600666,0.5514632813607901,2.0853785485942353,35.62136901190852,36.24698257648679,38.223895791225694,38.79564991498234,in_distribution
ensemble_uncertainty_selector,0,inside-out/active/bruhl/2025-03-02/ping-frntdeu1-2a0d:3341:b100:1e99::1-10ms-1h-2025-03-02-07-00-00.txt,bruhl,active,22.35437116564417,21.621100691016785,21.621100691016785,0.0,1,1,266.875,22.639834452872492,24.030410766601562,23.332143990800127,0.6579667711109141,1.3905763137290705,23.126536162677667,23.543709056796388,25.125288670114493,24.982436289150474,in_distribution
ensemble_uncertainty_selector,1,inside-out/active/bruhl/2025-03-02/ping-frntdeu1-2a0d:3341:b100:1e99::1-10ms-1h-2025-03-02-07-00-00.txt,bruhl,active,21.621100691016785,22.383109452736317,21.99285535848114,0.39025409425517665,0,1,254.458,21.80644724339254,23.558490753173828,22.317655298691804,0.710484142261171,1.7520435097812879,22.41966247181599,22.945275524750375,23.849080478567423,24.119041948908244,in_distribution
ensemble_uncertainty_selector,2,inside-out/active/bruhl/2025-03-02/ping-frntdeu1-2a0d:3341:b100:1e99::1-10ms-1h-2025-03-02-01-00-00.txt,bruhl,active,21.83260422027792,22.613771712158808,20.917712833545107,1.6960588786137016,0,1,251.583,23.205702419964837,22.372634887695312,22.742152616199117,0.7931395384976233,0.8330675322695242,22.914128783670503,23.16404904335136,24.03909992695937,24.282675466373156,in_distribution
ensemble_uncertainty_selector,3,inside-out/active/bruhl/2025-03-01/ping-frntdeu1-2a0d:3341:b100:1e99::1-10ms-1h-2025-03-01-04-00-00.txt,bruhl,active,22.299923136049195,22.88907130605244,21.87104870775348,1.018022598298959,0,1,253.75,22.160211083209106,23.302982330322266,22.57628534372353,0.3132643719621628,1.14277124711316,22.56018101969871,22.903012393832658,23.76464756071554,23.97070345656436,in_distribution
ensemble_uncertainty_selector,4,inside-out/active/bruhl/2025-03-01/ping-frntdeu1-2a0d:3341:b100:1e99::1-10ms-1h-2025-03-01-15-00-00.txt,bruhl,active,23.06587478346944,27.56826171875,27.56826171875,0.0,1,1,248.25,24.607030972163557,26.212461471557617,24.650766629053095,0.4571477496314584,1.6054304993940605,25.168931646951478,25.650560796769696,26.175601001844427,26.99307740727684,in_distribution
ensemble_uncertainty_selector,5,inside-out/active/bruhl/2025-03-01/ping-frntdeu1-2a0d:3341:b100:1e99::1-10ms-1h-2025-03-01-01-00-00.txt,bruhl,active,20.92266046055855,30.919635826771653,20.876281257737062,10.043354569034591,0,1,249.584,22.540807698315803,23.706310272216797,22.916771836518976,0.48059896066854585,1.1655025739009943,22.94873359918115,23.29838437135145,24.23143293334344,24.369146505064602,in_distribution
ensemble_uncertainty_selector,6,inside-out/active/bruhl/2025-03-01/ping-frntdeu1-2a0d:3341:b100:1e99::1-10ms-1h-2025-03-01-15-00-00.txt,bruhl,active,23.4781512605042,25.65002405002405,25.214902058021323,0.4351219920027276,0,1,253.625,23.982498893497905,23.575092315673828,24.038394980760067,0.45511393536333833,0.4074065778240765,23.839906591259478,23.9621285646067,25.431662898724078,25.217764319960242,in_distribution
ensemble_uncertainty_selector,7,inside-out/active/bruhl/2025-03-02/ping-frntdeu1-2a0d:3341:b100:1e99::1-10ms-1h-2025-03-02-02-00-00.txt,bruhl,active,20.7472049689441,23.526065533382607,23.1603478699269,0.3657176634557082,0,1,252.208,22.46566831582004,22.83785057067871,22.559382127722515,0.3377835548890475,0.3721822548586715,22.595932105020573,22.707586781478174,23.657252419600532,23.589337632675274,in_distribution
ensemble_uncertainty_selector,8,inside-out/active/bruhl/2025-03-01/ping-frntdeu1-2a0d:3341:b100:1e99::1-10ms-1h-2025-03-01-08-00-00.txt,bruhl,active,22.304320522481788,24.18876953125,24.18876953125,0.0,1,1,252.625,23.670656065837647,24.184785842895508,23.57427981999823,0.2975238403533828,0.5141297770578603,23.8506014878079,24.00484042092526,24.786551589933936,25.04538228830171,in_distribution
ensemble_uncertainty_selector,9,inside-out/active/bruhl/2025-03-02/ping-frntdeu1-2a0d:3341:b100:1e99::1-10ms-1h-2025-03-02-02-00-00.txt,bruhl,active,21.56456494325347,22.518263923733063,20.73554078240859,1.782723141324471,0,1,249.625,22.39204825703473,22.877758026123047,22.574978356741763,0.3627859223324601,0.48570976908831653,22.56204667621564,22.707759606942137,23.920117894728204,23.82938068008806,in_distribution
ensemble_uncertainty_selector,10,inside-out/active/bruhl/2025-03-02/ping-frntdeu1-2a0d:3341:b100:1e99::1-10ms-1h-2025-03-02-00-00-00.txt,bruhl,active,21.488742236024844,21.42230124460249,21.42230124460249,0.0,1,1,250.583,22.425170959873867,22.797687530517578,22.63992405836227,0.43370936520234826,0.372516570643711,22.555551759599165,22.66730673079228,23.855791487000467,23.595143792593085,in_distribution
ensemble_uncertainty_selector,11,inside-out/active/bruhl/2025-03-02/ping-frntdeu1-2a0d:3341:b100:1e99::1-10ms-1h-2025-03-02-00-00-00.txt,bruhl,active,21.42230124460249,21.726165413533835,20.387828947368423,1.338336466165412,0,1,250.75,22.989127913730954,22.806392669677734,22.96664421871707,0.42599225814616665,0.1827352440532195,22.925170578312326,22.979991151528292,24.20521277568442,23.990433136912625,in_distribution
ensemble_uncertainty_selector,12,inside-out/active/bruhl/2025-03-01/ping-frntdeu1-2a0d:3341:b100:1e99::1-10ms-1h-2025-03-01-04-00-00.txt,bruhl,active,23.205080213903745,24.9743935983996,21.228443190561684,3.745950407837917,0,1,251.75,24.268484190370145,22.924442291259766,24.210823015755125,0.17442327996602042,1.3440418991103797,23.798069525681512,24.201282095414626,25.529510055789444,26.06117262502962,in_distribution
ensemble_uncertainty_selector,13,inside-out/active/bruhl/2025-03-02/ping-frntdeu1-2a0d:3341:b100:1e99::1-10ms-1h-2025-03-02-04-00-00.txt,bruhl,active,21.420887155739702,21.568996731204425,21.568996731204425,0.0,1,1,257.917,23.254076751887624,22.292390823364258,23.167328058409517,0.2145142406037828,0.9616859285233659,22.917486676904446,23.205992455461455,24.200490185290946,24.559111866151728,in_distribution
ensemble_uncertainty_selector,14,inside-out/active/bruhl/2025-03-01/ping-frntdeu1-2a0d:3341:b100:1e99::1-10ms-1h-2025-03-01-01-00-00.txt,bruhl,active,22.414789081885857,25.471818835370236,25.049491441329696,0.42232739404053987,0,1,247.625,24.04285856151546,23.19707489013672,23.936196076705095,0.2930252303738298,0.8457836713787401,23.7468342765329,24.000569377946523,25.090410557468438,25.35790677161886,in_distribution
ensemble_uncertainty_selector,15,inside-out/active/bruhl/2025-03-01/ping-frntdeu1-2a0d:3341:b100:1e99::1-10ms-1h-2025-03-01-16-00-00.txt,bruhl,active,21.567251461988302,25.35020366598778,20.97323392813493,4.37696973785285,0,1,248.25,22.962723226777598,23.114797592163086,22.933306319650256,0.21254780143054258,0.1520743653854879,23.015949254662516,23.06157156427816,23.994286350806966,23.978348180900518,in_distribution
ensemble_uncertainty_selector,16,inside-out/active/bruhl/2025-03-01/ping-frntdeu1-2a0d:3341:b100:1e99::1-10ms-1h-2025-03-01-00-00-00.txt,bruhl,active,23.004963144963146,20.537673956262424,20.537673956262424,0.0,1,1,261.209,23.386648879274617,26.2314453125,23.305249937878877,0.351526436964199,2.8447964332253832,24.3823276309035,25.235766560871117,24.61041546293994,26.561766901531566,in_distribution
ensemble_uncertainty_selector,17,inside-out/active/bruhl/2025-03-02/ping-frntdeu1-2a0d:3341:b100:1e99::1-10ms-1h-2025-03-02-05-00-00.txt,bruhl,active,21.22907005734231,23.49381468703795,22.732245203089956,0.7615694839479943,0,1,247.75,22.3204690582661,22.21249771118164,22.383570825747636,0.3282694829512647,0.1079713470844581,22.282679086786537,22.315070490911875,23.647227678887713,23.386510905380735,in_distribution
ensemble_uncertainty_selector,18,inside-out/active/bruhl/2025-03-01/ping-frntdeu1-2a0d:3341:b100:1e99::1-10ms-1h-2025-03-01-03-00-00.txt,bruhl,active,19.529397233201585,24.284345047923324,20.900098015192356,3.3842470327309684,0,1,251.458,22.114822318615552,22.959941864013672,22.047158950206903,0.3016827519973436,0.84511954539812,22.410614159504895,22.664150023124332,22.986710199119226,23.461951162578462,in_distribution
ensemble_uncertainty_selector,19,inside-out/active/bruhl/2025-03-01/ping-frntdeu1-2a0d:3341:b100:1e99::1-10ms-1h-2025-03-01-06-00-00.txt,bruhl,active,20.900098015192356,20.94179447852761,20.94179447852761,0.0,1,1,247.417,23.049060081406424,23.15058708190918,22.86705849976243,0.33147942117435175,0.10152700050275598,23.08459453158239,23.115052631733217,23.929164217733174,23.938701483873473,in_distribution
ensemble_uncertainty_selector,20,inside-out/active/bruhl/2025-03-02/ping-frntdeu1-2a0d:3341:b100:1e99::1-10ms-1h-2025-03-02-05-00-00.txt,bruhl,active,25.596773354150404,25.568180714112216,22.567924528301887,3.000256185810329,0,1,251.0,22.793679906745638,23.85782814025879,23.252710219311027,0.562185029569521,1.0641482335131514,23.16613178847524,23.485376258529186,25.254726565806855,25.172168656199187,in_distribution
ensemble_uncertainty_selector,21,inside-out/active/bruhl/2025-03-02/ping-frntdeu1-2a0d:3341:b100:1e99::1-10ms-1h-2025-03-02-00-00-00.txt,bruhl,active,21.84493226292022,23.756999749561732,21.83513115959794,1.9218685899637933,0,1,250.417,23.165532564432397,23.892629623413086,23.207107777505932,0.341142502701155,0.7270970589806893,23.42001653507564,23.638145652769847,24.32529816765841,24.573188871794525,in_distribution
ensemble_uncertainty_selector,22,inside-out/active/bruhl/2025-03-01/ping-frntdeu1-2a0d:3341:b100:1e99::1-10ms-1h-2025-03-01-16-00-00.txt,bruhl,active,23.76572412097369,24.56388081395349,21.879531442663374,2.6843493712901143,0,1,249.458,24.527570789588935,24.532907485961914,24.280781100946957,0.29417688083017873,0.005336696372978622,24.52943863331948,24.531039642231374,25.604135210233572,25.63429476053265,in_distribution
ensemble_uncertainty_selector,23,inside-out/active/bruhl/2025-03-02/ping-frntdeu1-2a0d:3341:b100:1e99::1-10ms-1h-2025-03-02-01-00-00.txt,bruhl,active,23.1512762193581,21.07638709677419,21.07638709677419,0.0,1,1,248.917,22.660641907537865,22.516389846801758,22.912480374537015,0.38040472842962614,0.14425206073610752,22.610153686280228,22.65342930450106,24.284390638237316,23.812162052247192,in_distribution
ensemble_uncertainty_selector,24,inside-out/active/bruhl/2025-03-01/ping-frntdeu1-2a0d:3341:b100:1e99::1-10ms-1h-2025-03-01-14-00-00.txt,bruhl,active,24.101225686117772,24.293817342226784,21.302933201873305,2.9908841403534794,0,1,248.458,24.416911931587492,24.92328453063965,24.4107722914406,0.31766924857146445,0.5063725990521561,24.594142341255747,24.746054120971394,25.89909837773182,26.046765530739233,in_distribution
ensemble_uncertainty_selector,25,inside-out/active/bruhl/2025-03-01/ping-frntdeu1-2a0d:3341:b100:1e99::1-10ms-1h-2025-03-01-02-00-00.txt,bruhl,active,20.604673379808933,20.90941031941032,20.90941031941032,0.0,1,1,257.042,22.445284134980284,22.294445037841797,22.488798023741918,0.24737628568539044,0.15083909713848698,22.392490450981814,22.43774218012336,23.576956388713526,23.415787879400167,in_distribution
ensemble_uncertainty_selector,26,inside-out/active/bruhl/2025-03-01/ping-frntdeu1-2a0d:3341:b100:1e99::1-10ms-1h-2025-03-01-06-00-00.txt,bruhl,active,20.34140703517588,21.017214654767496,21.017214654767496,0.0,1,1,261.333,22.4943716621965,22.49459457397461,22.372329418392706,0.23911950574810606,0.00022291177810984664,22.494449681318837,22.49451655485227,23.37511988565957,23.317989683985864,in_distribution
ensemble_uncertainty_selector,27,inside-out/active/bruhl/2025-03-02/ping-frntdeu1-2a0d:3341:b100:1e99::1-10ms-1h-2025-03-02-08-00-00.txt,bruhl,active,22.79749498997996,22.81778904175718,20.862968591691995,1.954820450065185,0,1,251.375,24.025976140156672,23.46576690673828,23.92714441340014,0.3027014118369986,0.5602092334183908,23.829902908460234,23.997965678485752,25.43661209173785,25.56051191465491,in_distribution
ensemble_uncertainty_selector,28,inside-out/active/bruhl/2025-03-01/ping-frntdeu1-2a0d:3341:b100:1e99::1-10ms-1h-2025-03-01-06-00-00.txt,bruhl,active,21.831869997574582,21.53464133966508,21.53464133966508,0.0,1,1,266.834,22.981139217331474,22.744813919067383,22.857775900675882,0.33705105421456216,0.23632529826409154,22.898425362939044,22.96932295241827,24.012130587909617,23.989051998123127,in_distribution
ensemble_uncertainty_selector,29,inside-out/active/bruhl/2025-03-02/ping-frntdeu1-2a0d:3341:b100:1e99::1-10ms-1h-2025-03-02-04-00-00.txt,bruhl,active,20.735983159980183,22.66416426889877,20.4912965798877,2.1728676890110705,0,1,251.0,22.97446474545177,23.41508674621582,22.903013097291893,0.1356015542575363,0.44062200076405134,23.128682445719186,23.2608690459484,24.007360600722556,24.307577583762313,in_distribution
ensemble_uncertainty_selector,30,inside-out/active/bruhl/2025-03-01/ping-frntdeu1-2a0d:3341:b100:1e99::1-10ms-1h-2025-03-01-11-00-00.txt,bruhl,active,22.556084243369735,25.71597038603913,21.29049887189772,4.42547151414141,0,1,249.084,23.50735227358291,23.200000762939453,23.51175090384386,0.3189883947031883,0.307351510643457,23.3997792448577,23.49198469805074,24.749876751432186,24.6445450049334,in_distribution
ensemble_uncertainty_selector,31,inside-out/active/bruhl/2025-03-01/ping-frntdeu1-2a0d:3341:b100:1e99::1-10ms-1h-2025-03-01-03-00-00.txt,bruhl,active,25.462660944206007,25.085568760611206,25.085568760611206,0.0,1,1,248.334,23.637806700698093,22.596553802490234,24.02860310284139,0.4978700897835112,1.0412528982078584,23.273368186325342,23.5857440557877,25.971187908866224,25.675552743578827,in_distribution
ensemble_uncertainty_selector,32,inside-out/active/bruhl/2025-03-01/ping-frntdeu1-2a0d:3341:b100:1e99::1-10ms-1h-2025-03-01-02-00-00.txt,bruhl,active,21.059639007269993,21.813275862068966,19.962515754978572,1.8507601070903945,0,1,251.834,21.826486082759402,22.24777603149414,22.28696820515937,0.2957443769479302,0.4212899487347386,21.97393756481656,22.10032454943698,23.371723279033134,23.005400335473272,in_distribution
ensemble_uncertainty_selector,33,inside-out/active/bruhl/2025-03-01/ping-frntdeu1-2a0d:3341:b100:1e99::1-10ms-1h-2025-03-01-02-00-00.txt,bruhl,active,21.813275862068966,20.64453380246293,20.64453380246293,0.0,1,1,248.125,22.66323868366726,22.900516510009766,22.533853031823178,0.2696191371211038,0.23727782634250616,22.746285922887136,22.81746927078989,23.818453005037306,23.92358267379744,in_distribution
ensemble_uncertainty_selector,34,inside-out/active/bruhl/2025-03-02/ping-frntdeu1-2a0d:3341:b100:1e99::1-10ms-1h-2025-03-02-11-00-00.txt,bruhl,active,21.497691123653155,23.381447734750697,22.929957805907172,0.45148992884352523,0,1,250.875,23.10447129376189,23.39904022216797,23.00444108284485,0.29786200080080216,0.29456892840607907,23.207570418704016,23.29594109722584,24.108424956329994,24.205985362950994,in_distribution
ensemble_uncertainty_selector,35,inside-out/active/bruhl/2025-03-01/ping-frntdeu1-2a0d:3341:b100:1e99::1-10ms-1h-2025-03-01-02-00-00.txt,bruhl,active,23.2448424796748,23.209002735637903,20.47603663190028,2.732966103737624,0,1,252.917,22.489183894628695,22.963302612304688,22.582022116474185,0.21509903051428533,0.47411871767599223,22.655125445815294,22.797361061118092,23.81418891597897,23.91561545950476,in_distribution
ensemble_uncertainty_selector,36,inside-out/active/bruhl/2025-03-01/ping-frntdeu1-2a0d:3341:b100:1e99::1-10ms-1h-2025-03-01-11-00-00.txt,bruhl,active,20.164751826656587,21.917024832855777,20.86603063017826,1.0509942026775185,0,1,253.166,22.700482555779672,22.22637176513672,22.565952927741673,0.2808624563741236,0.47411079064295336,22.534543779054637,22.676777016247524,23.441434785803843,23.578667427350577,in_distribution
ensemble_uncertainty_selector,37,inside-out/active/bruhl/2025-03-02/ping-frntdeu1-2a0d:3341:b100:1e99::1-10ms-1h-2025-03-02-05-00-00.txt,bruhl,active,21.675483870967746,21.14275018717245,21.082538898493457,0.0602112886789925,0,1,252.208,22.92614113286436,23.176776885986328,22.8492251384624,0.06499015031643537,0.2506357531219692,23.013863646457047,23.089054372393637,23.804816409572474,24.02096660607858,in_distribution
ensemble_uncertainty_selector,38,inside-out/active/bruhl/2025-03-02/ping-frntdeu1-2a0d:3341:b100:1e99::1-10ms-1h-2025-03-02-03-00-00.txt,bruhl,active,20.363096741601417,25.04346959122632,21.890744010088273,3.1527255811380464,0,1,246.375,23.001727037723867,22.147754669189453,22.853676567111798,0.3196573681975921,0.8539723685344143,22.70283670873682,22.959028419297145,23.92857201351879,24.221167023823153,in_distribution
ensemble_uncertainty_selector,39,inside-out/active/bruhl/2025-03-01/ping-frntdeu1-2a0d:3341:b100:1e99::1-10ms-1h-2025-03-01-05-00-00.txt,bruhl,active,21.578173076923076,21.964537389100126,21.85555555555555,0.10898183354457558,0,1,247.333,23.053136449093472,23.087793350219727,22.894375010948224,0.2610260658632755,0.034656901126254525,23.065266364487663,23.07566343482554,23.8928980172063,23.881882581798777,in_distribution
ensemble_uncertainty_selector,40,inside-out/active/bruhl/2025-03-01/ping-frntdeu1-2a0d:3341:b100:1e99::1-10ms-1h-2025-03-01-04-00-00.txt,bruhl,active,21.93523380845211,22.603270440251578,21.241345427059713,1.3619250131918648,0,1,252.75,23.379083884229658,22.26675033569336,23.248914687909114,0.23689137618864634,1.1123335485362986,22.989767142241952,23.323467206802842,24.40805763652706,24.861108397547454,in_distribution
ensemble_uncertainty_selector,41,inside-out/active/bruhl/2025-03-01/ping-frntdeu1-2a0d:3341:b100:1e99::1-10ms-1h-2025-03-01-22-00-00.txt,bruhl,active,24.54053789731051,25.861392563014725,25.861392563014725,0.0,1,1,245.708,25.873241439196136,25.95902442932129,25.514452962579572,0.30544749835290086,0.08578299012515345,25.90326548573994,25.929000382777485,26.97732127789658,27.171361373342332,in_distribution
ensemble_uncertainty_selector,42,inside-out/active/bruhl/2025-03-01/ping-frntdeu1-2a0d:3341:b100:1e99::1-10ms-1h-2025-03-01-11-00-00.txt,bruhl,active,23.930179090029043,21.144909875602945,21.144909875602945,0.0,1,1,292.458,24.373600837599042,23.62249183654785,24.184569462240454,0.47253844678514206,0.7511090010511907,24.110712687231125,24.33604538754648,25.784239771697553,25.95686636244032,in_distribution
ensemble_uncertainty_selector,43,inside-out/active/bruhl/2025-03-02/ping-frntdeu1-2a0d:3341:b100:1e99::1-10ms-1h-2025-03-02-05-00-00.txt,bruhl,active,21.03521870286576,21.099264892268696,21.099264892268696,0.0,1,1,253.583,22.786356927210363,22.32449722290039,22.82027393959478,0.1622090298608455,0.4618597043099726,22.624706030701873,22.763263941994865,23.789256209255303,23.841519291414738,in_distribution
ensemble_uncertainty_selector,44,inside-out/active/bruhl/2025-03-01/ping-frntdeu1-2a0d:3341:b100:1e99::1-10ms-1h-2025-03-01-11-00-00.txt,bruhl,active,22.196437346437342,23.91460763520679,22.39857142857143,1.5160362066353592,0,1,248.291,23.84625896437683,23.161640167236328,23.628124915803834,0.14591585843492838,0.6846187971405016,23.606642385377654,23.812028024519805,24.593234583750295,25.01001019721032,in_distribution
ensemble_uncertainty_selector,45,inside-out/active/bruhl/2025-03-01/ping-frntdeu1-2a0d:3341:b100:1e99::1-10ms-1h-2025-03-01-03-00-00.txt,bruhl,active,20.902184164805163,22.055450358239508,21.101787463271304,0.953662894968204,0,1,247.625,23.432082722165433,23.390710830688477,23.256308368317942,0.25716408209872593,0.04137189147695608,23.417602560148495,23.430014127591583,24.394818789670897,24.39633743310897,in_distribution
ensemble_uncertainty_selector,46,inside-out/active/bruhl/2025-03-02/ping-frntdeu1-2a0d:3341:b100:1e99::1-10ms-1h-2025-03-02-03-00-00.txt,bruhl,active,21.59167714357556,23.607438218742352,22.576217616580312,1.0312206021620405,0,1,250.083,23.308860979637757,23.124980926513672,23.267402260261587,0.12210368514253635,0.18388005312408495,23.244502961044326,23.299666976981552,24.334380339912205,24.367007319337308,in_distribution
ensemble_uncertainty_selector,47,inside-out/active/bruhl/2025-03-02/ping-frntdeu1-2a0d:3341:b100:1e99::1-10ms-1h-2025-03-02-06-00-00.txt,bruhl,active,19.863144779466733,21.352409021014864,21.352409021014864,0.0,1,1,250.166,23.507833093374757,22.219301223754883,23.35392858526946,0.572019317950741,1.2885318696198738,23.0568469390078,23.443406499893765,24.49837725883357,24.80310661980475,in_distribution
ensemble_uncertainty_selector,48,inside-out/active/bruhl/2025-03-01/ping-frntdeu1-2a0d:3341:b100:1e99::1-10ms-1h-2025-03-01-00-00-00.txt,bruhl,active,22.954475,22.63668212261721,21.65496575342466,0.9817163691925508,0,1,246.166,23.20930655508255,23.72065544128418,23.5307421672825,0.5036155214443262,0.5113488862016311,23.388278665253118,23.541683331113607,25.01026840210655,24.694632813474573,in_distribution
ensemble_uncertainty_selector,49,inside-out/active/bruhl/2025-03-01/ping-frntdeu1-2a0d:3341:b100:1e99::1-10ms-1h-2025-03-01-06-00-00.txt,bruhl,active,25.30204498977505,29.000200904068308,22.752465897166843,6.247735006901465,0,1,252.667,23.853538364061023,23.917837142944336,24.016008887498995,0.44940415695662694,0.06429877888331248,23.87604293667018,23.895332570335174,25.888837392756002,25.43753783576304,in_distribution
ensemble_uncertainty_selector,50,inside-out/active/bruhl/2025-03-01/ping-frntdeu1-2a0d:3341:b100:1e99::1-10ms-1h-2025-03-01-23-00-00.txt,bruhl,active,23.824331410592553,22.80475140827823,21.91474262868566,0.89000877959257,0,1,246.792,23.692364119488957,24.84595489501953,23.605064687311838,0.35003862610571956,1.1535907755305743,24.09612089092466,24.442198123583832,25.0670164619745,25.75698000622026,in_distribution
ensemble_uncertainty_selector,51,inside-out/active/bruhl/2025-03-01/ping-frntdeu1-2a0d:3341:b100:1e99::1-10ms-1h-2025-03-01-02-00-00.txt,bruhl,active,20.572501897293193,22.256720901126407,20.069478908188582,2.1872419929378246,0,1,253.583,23.149945329278125,23.56783676147461,23.04269152625029,0.20692424769058584,0.41789143219648395,23.296207330546892,23.421574760205836,24.08018000921548,24.345659200622737,in_distribution
ensemble_uncertainty_selector,52,inside-out/active/bruhl/2025-03-01/ping-frntdeu1-2a0d:3341:b100:1e99::1-10ms-1h-2025-03-01-11-00-00.txt,bruhl,active,21.314613320322028,21.179303062302008,21.179303062302008,0.0,1,1,249.083,23.747221604960032,23.67287826538086,23.57538009598131,0.491215955820843,0.07434333957917261,23.72120143610732,23.743504437981073,24.754246703375493,24.59113074829921,in_distribution
ensemble_uncertainty_selector,53,inside-out/active/bruhl/2025-03-02/ping-frntdeu1-2a0d:3341:b100:1e99::1-10ms-1h-2025-03-02-02-00-00.txt,bruhl,active,22.22624908603461,28.69517554334846,20.62198079838302,8.073194744965438,0,1,250.083,23.20153960208245,23.366065979003906,23.095045657160238,0.2884841664706564,0.164526376921458,23.25912383400496,23.308481747081398,24.352883713048392,24.366409315808703,in_distribution
ensemble_uncertainty_selector,54,inside-out/active/bruhl/2025-03-01/ping-frntdeu1-2a0d:3341:b100:1e99::1-10ms-1h-2025-03-01-12-00-00.txt,bruhl,active,22.779284082254375,26.541634038110153,22.08153328153328,4.460100756576875,0,1,246.167,24.31859259175235,25.136899948120117,24.125047297275962,0.40069165702073417,0.8183073563677681,24.60500016648107,24.8504923733914,25.449132896646205,25.955889965632867,in_distribution
ensemble_uncertainty_selector,55,inside-out/active/bruhl/2025-03-02/ping-frntdeu1-2a0d:3341:b100:1e99::1-10ms-1h-2025-03-02-01-00-00.txt,bruhl,active,21.65060613876709,20.780806331931736,20.780806331931736,0.0,1,1,246.625,22.58210697047889,22.611621856689453,22.728474342514453,0.24005875191780168,0.029514886210563418,22.59243718065259,22.601291646515758,23.82633058307197,23.522055311755985,in_distribution
ensemble_uncertainty_selector,56,inside-out/active/bruhl/2025-03-02/ping-frntdeu1-2a0d:3341:b100:1e99::1-10ms-1h-2025-03-02-06-00-00.txt,bruhl,active,21.53169469598965,23.502222222222223,22.419876998769983,1.08234522345224,0,1,251.0,22.98984310542164,23.00802993774414,22.947862421698485,0.2755754059341642,0.018186832322498958,22.996208496734518,23.001664546431268,24.05528347740971,23.90422273092412,in_distribution
ensemble_uncertainty_selector,57,inside-out/active/bruhl/2025-03-02/ping-frntdeu1-2a0d:3341:b100:1e99::1-10ms-1h-2025-03-02-01-00-00.txt,bruhl,active,22.1087841191067,23.286052894211576,20.59482673267327,2.6912261615383066,0,1,250.667,23.33459092506382,22.71363639831543,23.261557745958306,0.3030889065225992,0.6209545267483918,23.117256840701884,23.303543198726402,24.41746150840946,24.542607544659802,in_distribution
ensemble_uncertainty_selector,58,inside-out/active/bruhl/2025-03-01/ping-frntdeu1-2a0d:3341:b100:1e99::1-10ms-1h-2025-03-01-04-00-00.txt,bruhl,active,23.509030998291433,24.01265854265108,21.0371021135727,2.975556429078381,0,1,256.375,23.505086800812023,23.668073654174805,23.532906951796008,0.11236348682116229,0.1629868533627814,23.562132199489,23.611028255497835,24.85535026997506,24.86549764389729,in_distribution
ensemble_uncertainty_selector,59,inside-out/active/brisbane/2025-03-22/ping-sydyaus1-2406:2d40:4600:8118::1-10ms-1h-2025-03-22-14-00-00.txt,brisbane,active,33.68682516097078,28.775,24.285714285714285,4.489285714285714,0,1,248.791,36.3512515039165,34.265872955322266,36.30432026600666,0.5514632813607901,2.0853785485942353,35.62136901190852,36.24698257648679,38.223895791225694,38.79564991498234,in_distribution
disagreement_aware_selector,0,inside-out/active/bruhl/2025-03-02/ping-frntdeu1-2a0d:3341:b100:1e99::1-10ms-1h-2025-03-02-07-00-00.txt,bruhl,active,22.35437116564417,21.621100691016785,21.621100691016785,0.0,1,1,262.791,22.639834452872492,24.030410766601562,23.332143990800127,0.6579667711109141,1.3905763137290705,23.126536162677667,23.543709056796388,25.125288670114493,24.982436289150474,in_distribution
disagreement_aware_selector,1,inside-out/active/bruhl/2025-03-02/ping-frntdeu1-2a0d:3341:b100:1e99::1-10ms-1h-2025-03-02-07-00-00.txt,bruhl,active,21.621100691016785,22.383109452736317,21.99285535848114,0.39025409425517665,0,1,257.541,21.80644724339254,23.558490753173828,22.317655298691804,0.710484142261171,1.7520435097812879,22.41966247181599,22.945275524750375,23.849080478567423,24.119041948908244,in_distribution
disagreement_aware_selector,2,inside-out/active/bruhl/2025-03-02/ping-frntdeu1-2a0d:3341:b100:1e99::1-10ms-1h-2025-03-02-01-00-00.txt,bruhl,active,21.83260422027792,22.613771712158808,20.917712833545107,1.6960588786137016,0,1,254.75,23.205702419964837,22.372634887695312,22.742152616199117,0.7931395384976233,0.8330675322695242,22.914128783670503,23.16404904335136,24.03909992695937,24.282675466373156,in_distribution
disagreement_aware_selector,3,inside-out/active/bruhl/2025-03-01/ping-frntdeu1-2a0d:3341:b100:1e99::1-10ms-1h-2025-03-01-04-00-00.txt,bruhl,active,22.299923136049195,22.88907130605244,21.87104870775348,1.018022598298959,0,1,255.208,22.160211083209106,23.302982330322266,22.57628534372353,0.3132643719621628,1.14277124711316,22.56018101969871,22.903012393832658,23.76464756071554,23.97070345656436,in_distribution
disagreement_aware_selector,4,inside-out/active/bruhl/2025-03-01/ping-frntdeu1-2a0d:3341:b100:1e99::1-10ms-1h-2025-03-01-15-00-00.txt,bruhl,active,23.06587478346944,27.56826171875,27.56826171875,0.0,1,1,253.0,24.607030972163557,26.212461471557617,24.650766629053095,0.4571477496314584,1.6054304993940605,25.168931646951478,25.650560796769696,26.175601001844427,26.99307740727684,in_distribution
disagreement_aware_selector,5,inside-out/active/bruhl/2025-03-01/ping-frntdeu1-2a0d:3341:b100:1e99::1-10ms-1h-2025-03-01-09-00-00.txt,bruhl,active,23.732981595092024,20.876281257737062,20.876281257737062,0.0,1,1,251.416,22.843711259631164,22.97686004638672,23.293363810754865,0.3687067279384074,0.1331487867555552,22.89031333499561,22.93025797102228,24.554537879942025,23.928216872931184,in_distribution
disagreement_aware_selector,6,inside-out/active/bruhl/2025-03-01/ping-frntdeu1-2a0d:3341:b100:1e99::1-10ms-1h-2025-03-01-15-00-00.txt,bruhl,active,23.4781512605042,25.65002405002405,25.214902058021323,0.4351219920027276,0,1,250.125,23.982498893497905,23.575092315673828,24.038394980760067,0.45511393536333833,0.4074065778240765,23.839906591259478,23.9621285646067,25.431662898724078,25.217764319960242,in_distribution
disagreement_aware_selector,7,inside-out/active/bruhl/2025-03-02/ping-frntdeu1-2a0d:3341:b100:1e99::1-10ms-1h-2025-03-02-02-00-00.txt,bruhl,active,20.7472049689441,23.526065533382607,23.1603478699269,0.3657176634557082,0,1,250.709,22.46566831582004,22.83785057067871,22.559382127722515,0.3377835548890475,0.3721822548586715,22.595932105020573,22.707586781478174,23.657252419600532,23.589337632675274,in_distribution
disagreement_aware_selector,8,inside-out/active/bruhl/2025-03-02/ping-frntdeu1-2a0d:3341:b100:1e99::1-10ms-1h-2025-03-02-03-00-00.txt,bruhl,active,23.043459810284578,24.241065456282847,24.18876953125,0.052295925032847634,0,1,252.416,23.742803500575064,23.63355255126953,23.800825567935917,0.38192529263148367,0.10925094930553314,23.70456566831813,23.73734095310979,25.247173877267194,24.951870767620218,in_distribution
disagreement_aware_selector,9,inside-out/active/bruhl/2025-03-02/ping-frntdeu1-2a0d:3341:b100:1e99::1-10ms-1h-2025-03-02-02-00-00.txt,bruhl,active,21.56456494325347,22.518263923733063,20.73554078240859,1.782723141324471,0,1,252.666,22.39204825703473,22.877758026123047,22.574978356741763,0.3627859223324601,0.48570976908831653,22.56204667621564,22.707759606942137,23.920117894728204,23.82938068008806,in_distribution
disagreement_aware_selector,10,inside-out/active/bruhl/2025-03-02/ping-frntdeu1-2a0d:3341:b100:1e99::1-10ms-1h-2025-03-02-00-00-00.txt,bruhl,active,21.488742236024844,21.42230124460249,21.42230124460249,0.0,1,1,253.209,22.425170959873867,22.797687530517578,22.63992405836227,0.43370936520234826,0.372516570643711,22.555551759599165,22.66730673079228,23.855791487000467,23.595143792593085,in_distribution
disagreement_aware_selector,11,inside-out/active/bruhl/2025-03-02/ping-frntdeu1-2a0d:3341:b100:1e99::1-10ms-1h-2025-03-02-00-00-00.txt,bruhl,active,21.42230124460249,21.726165413533835,20.387828947368423,1.338336466165412,0,1,247.958,22.989127913730954,22.806392669677734,22.96664421871707,0.42599225814616665,0.1827352440532195,22.925170578312326,22.979991151528292,24.20521277568442,23.990433136912625,in_distribution
disagreement_aware_selector,12,inside-out/active/bruhl/2025-03-02/ping-frntdeu1-2a0d:3341:b100:1e99::1-10ms-1h-2025-03-02-02-00-00.txt,bruhl,active,24.22540488276529,34.060214268322376,21.228443190561684,12.831771077760692,0,1,255.083,24.354799275631194,23.600492477416992,24.497576549104135,0.3405930382132754,0.754306798214202,24.090791896256224,24.317083935720486,25.976560393470542,25.917776400534034,in_distribution
disagreement_aware_selector,13,inside-out/active/bruhl/2025-03-01/ping-frntdeu1-2a0d:3341:b100:1e99::1-10ms-1h-2025-03-01-10-00-00.txt,bruhl,active,21.64864178725565,22.814519846350834,21.568996731204425,1.2455231151464083,0,1,267.625,23.376275247804188,23.071805953979492,23.36471042501609,0.5724417269318379,0.30446929382469534,23.269710994965543,23.361051783112952,24.794801756522098,24.514046466332434,in_distribution
disagreement_aware_selector,14,inside-out/active/bruhl/2025-03-01/ping-frntdeu1-2a0d:3341:b100:1e99::1-10ms-1h-2025-03-01-01-00-00.txt,bruhl,active,22.414789081885857,25.471818835370236,25.049491441329696,0.42232739404053987,0,1,250.416,24.04285856151546,23.19707489013672,23.936196076705095,0.2930252303738298,0.8457836713787401,23.7468342765329,24.000569377946523,25.090410557468438,25.35790677161886,in_distribution
disagreement_aware_selector,15,inside-out/active/bruhl/2025-03-01/ping-frntdeu1-2a0d:3341:b100:1e99::1-10ms-1h-2025-03-01-16-00-00.txt,bruhl,active,21.567251461988302,25.35020366598778,20.97323392813493,4.37696973785285,0,1,273.208,22.962723226777598,23.114797592163086,22.933306319650256,0.21254780143054258,0.1520743653854879,23.015949254662516,23.06157156427816,23.994286350806966,23.978348180900518,in_distribution
disagreement_aware_selector,16,inside-out/active/bruhl/2025-03-01/ping-frntdeu1-2a0d:3341:b100:1e99::1-10ms-1h-2025-03-01-01-00-00.txt,bruhl,active,20.97323392813493,24.56791686574295,20.537673956262424,4.030242909480528,0,1,249.625,23.21956348144704,22.888565063476562,23.406311500531462,0.5831164437029492,0.330998417970477,23.103714035157374,23.203013560548516,24.712123824523868,24.236987760748946,in_distribution
disagreement_aware_selector,17,inside-out/active/bruhl/2025-03-02/ping-frntdeu1-2a0d:3341:b100:1e99::1-10ms-1h-2025-03-02-05-00-00.txt,bruhl,active,21.22907005734231,23.49381468703795,22.732245203089956,0.7615694839479943,0,1,258.125,22.3204690582661,22.21249771118164,22.383570825747636,0.3282694829512647,0.1079713470844581,22.282679086786537,22.315070490911875,23.647227678887713,23.386510905380735,in_distribution
disagreement_aware_selector,18,inside-out/active/bruhl/2025-03-01/ping-frntdeu1-2a0d:3341:b100:1e99::1-10ms-1h-2025-03-01-03-00-00.txt,bruhl,active,19.529397233201585,24.284345047923324,20.900098015192356,3.3842470327309684,0,1,252.583,22.114822318615552,22.959941864013672,22.047158950206903,0.3016827519973436,0.84511954539812,22.410614159504895,22.664150023124332,22.986710199119226,23.461951162578462,in_distribution
disagreement_aware_selector,19,inside-out/active/bruhl/2025-03-01/ping-frntdeu1-2a0d:3341:b100:1e99::1-10ms-1h-2025-03-01-06-00-00.txt,bruhl,active,20.900098015192356,20.94179447852761,20.94179447852761,0.0,1,1,250.417,23.049060081406424,23.15058708190918,22.86705849976243,0.33147942117435175,0.10152700050275598,23.08459453158239,23.115052631733217,23.929164217733174,23.938701483873473,in_distribution
disagreement_aware_selector,20,inside-out/active/bruhl/2025-03-02/ping-frntdeu1-2a0d:3341:b100:1e99::1-10ms-1h-2025-03-02-05-00-00.txt,bruhl,active,25.596773354150404,25.568180714112216,22.567924528301887,3.000256185810329,0,1,249.958,22.793679906745638,23.85782814025879,23.252710219311027,0.562185029569521,1.0641482335131514,23.16613178847524,23.485376258529186,25.254726565806855,25.172168656199187,in_distribution
disagreement_aware_selector,21,inside-out/active/bruhl/2025-03-01/ping-frntdeu1-2a0d:3341:b100:1e99::1-10ms-1h-2025-03-01-05-00-00.txt,bruhl,active,22.55219123505976,22.65705064548163,21.83513115959794,0.82191948588369,0,1,251.584,22.921129034533806,23.060667037963867,22.984261162335162,0.30712002213299183,0.1395380034300615,22.969967335734324,23.01182873676334,24.482715073692653,24.2938964318641,in_distribution
disagreement_aware_selector,22,inside-out/active/bruhl/2025-03-01/ping-frntdeu1-2a0d:3341:b100:1e99::1-10ms-1h-2025-03-01-16-00-00.txt,bruhl,active,23.76572412097369,24.56388081395349,21.879531442663374,2.6843493712901143,0,1,204.625,24.527570789588935,24.532907485961914,24.280781100946957,0.29417688083017873,0.005336696372978622,24.52943863331948,24.531039642231374,25.604135210233572,25.63429476053265,in_distribution
disagreement_aware_selector,23,inside-out/active/bruhl/2025-03-02/ping-frntdeu1-2a0d:3341:b100:1e99::1-10ms-1h-2025-03-02-01-00-00.txt,bruhl,active,23.1512762193581,21.07638709677419,21.07638709677419,0.0,1,1,253.959,22.660641907537865,22.516389846801758,22.912480374537015,0.38040472842962614,0.14425206073610752,22.610153686280228,22.65342930450106,24.284390638237316,23.812162052247192,in_distribution
disagreement_aware_selector,24,inside-out/active/bruhl/2025-03-01/ping-frntdeu1-2a0d:3341:b100:1e99::1-10ms-1h-2025-03-01-14-00-00.txt,bruhl,active,24.101225686117772,24.293817342226784,21.302933201873305,2.9908841403534794,0,1,253.833,24.416911931587492,24.92328453063965,24.4107722914406,0.31766924857146445,0.5063725990521561,24.594142341255747,24.746054120971394,25.89909837773182,26.046765530739233,in_distribution
disagreement_aware_selector,25,inside-out/active/bruhl/2025-03-01/ping-frntdeu1-2a0d:3341:b100:1e99::1-10ms-1h-2025-03-01-02-00-00.txt,bruhl,active,20.604673379808933,20.90941031941032,20.90941031941032,0.0,1,1,257.916,22.445284134980284,22.294445037841797,22.488798023741918,0.24737628568539044,0.15083909713848698,22.392490450981814,22.43774218012336,23.576956388713526,23.415787879400167,in_distribution
disagreement_aware_selector,26,inside-out/active/bruhl/2025-03-01/ping-frntdeu1-2a0d:3341:b100:1e99::1-10ms-1h-2025-03-01-06-00-00.txt,bruhl,active,20.34140703517588,21.017214654767496,21.017214654767496,0.0,1,1,256.458,22.4943716621965,22.49459457397461,22.372329418392706,0.23911950574810606,0.00022291177810984664,22.494449681318837,22.49451655485227,23.37511988565957,23.317989683985864,in_distribution
disagreement_aware_selector,27,inside-out/active/bruhl/2025-03-02/ping-frntdeu1-2a0d:3341:b100:1e99::1-10ms-1h-2025-03-02-08-00-00.txt,bruhl,active,22.79749498997996,22.81778904175718,20.862968591691995,1.954820450065185,0,1,253.0,24.025976140156672,23.46576690673828,23.92714441340014,0.3027014118369986,0.5602092334183908,23.829902908460234,23.997965678485752,25.43661209173785,25.56051191465491,in_distribution
disagreement_aware_selector,28,inside-out/active/bruhl/2025-03-01/ping-frntdeu1-2a0d:3341:b100:1e99::1-10ms-1h-2025-03-01-06-00-00.txt,bruhl,active,21.831869997574582,21.53464133966508,21.53464133966508,0.0,1,1,256.542,22.981139217331474,22.744813919067383,22.857775900675882,0.33705105421456216,0.23632529826409154,22.898425362939044,22.96932295241827,24.012130587909617,23.989051998123127,in_distribution
disagreement_aware_selector,29,inside-out/active/bruhl/2025-03-02/ping-frntdeu1-2a0d:3341:b100:1e99::1-10ms-1h-2025-03-02-04-00-00.txt,bruhl,active,20.735983159980183,22.66416426889877,20.4912965798877,2.1728676890110705,0,1,252.042,22.97446474545177,23.41508674621582,22.903013097291893,0.1356015542575363,0.44062200076405134,23.128682445719186,23.2608690459484,24.007360600722556,24.307577583762313,in_distribution
disagreement_aware_selector,30,inside-out/active/bruhl/2025-03-01/ping-frntdeu1-2a0d:3341:b100:1e99::1-10ms-1h-2025-03-01-11-00-00.txt,bruhl,active,22.556084243369735,25.71597038603913,21.29049887189772,4.42547151414141,0,1,251.5,23.50735227358291,23.200000762939453,23.51175090384386,0.3189883947031883,0.307351510643457,23.3997792448577,23.49198469805074,24.749876751432186,24.6445450049334,in_distribution
disagreement_aware_selector,31,inside-out/active/bruhl/2025-03-01/ping-frntdeu1-2a0d:3341:b100:1e99::1-10ms-1h-2025-03-01-03-00-00.txt,bruhl,active,25.462660944206007,25.085568760611206,25.085568760611206,0.0,1,1,249.417,23.637806700698093,22.596553802490234,24.02860310284139,0.4978700897835112,1.0412528982078584,23.273368186325342,23.5857440557877,25.971187908866224,25.675552743578827,in_distribution
disagreement_aware_selector,32,inside-out/active/bruhl/2025-03-01/ping-frntdeu1-2a0d:3341:b100:1e99::1-10ms-1h-2025-03-01-02-00-00.txt,bruhl,active,21.059639007269993,21.813275862068966,19.962515754978572,1.8507601070903945,0,1,251.5,21.826486082759402,22.24777603149414,22.28696820515937,0.2957443769479302,0.4212899487347386,21.97393756481656,22.10032454943698,23.371723279033134,23.005400335473272,in_distribution
disagreement_aware_selector,33,inside-out/active/bruhl/2025-03-01/ping-frntdeu1-2a0d:3341:b100:1e99::1-10ms-1h-2025-03-01-02-00-00.txt,bruhl,active,21.813275862068966,20.64453380246293,20.64453380246293,0.0,1,1,251.75,22.66323868366726,22.900516510009766,22.533853031823178,0.2696191371211038,0.23727782634250616,22.746285922887136,22.81746927078989,23.818453005037306,23.92358267379744,in_distribution
disagreement_aware_selector,34,inside-out/active/bruhl/2025-03-02/ping-frntdeu1-2a0d:3341:b100:1e99::1-10ms-1h-2025-03-02-11-00-00.txt,bruhl,active,21.497691123653155,23.381447734750697,22.929957805907172,0.45148992884352523,0,1,249.625,23.10447129376189,23.39904022216797,23.00444108284485,0.29786200080080216,0.29456892840607907,23.207570418704016,23.29594109722584,24.108424956329994,24.205985362950994,in_distribution
disagreement_aware_selector,35,inside-out/active/bruhl/2025-03-01/ping-frntdeu1-2a0d:3341:b100:1e99::1-10ms-1h-2025-03-01-02-00-00.txt,bruhl,active,23.2448424796748,23.209002735637903,20.47603663190028,2.732966103737624,0,1,252.625,22.489183894628695,22.963302612304688,22.582022116474185,0.21509903051428533,0.47411871767599223,22.655125445815294,22.797361061118092,23.81418891597897,23.91561545950476,in_distribution
disagreement_aware_selector,36,inside-out/active/bruhl/2025-03-01/ping-frntdeu1-2a0d:3341:b100:1e99::1-10ms-1h-2025-03-01-11-00-00.txt,bruhl,active,20.164751826656587,21.917024832855777,20.86603063017826,1.0509942026775185,0,1,252.25,22.700482555779672,22.22637176513672,22.565952927741673,0.2808624563741236,0.47411079064295336,22.534543779054637,22.676777016247524,23.441434785803843,23.578667427350577,in_distribution
disagreement_aware_selector,37,inside-out/active/bruhl/2025-03-02/ping-frntdeu1-2a0d:3341:b100:1e99::1-10ms-1h-2025-03-02-05-00-00.txt,bruhl,active,21.675483870967746,21.14275018717245,21.082538898493457,0.0602112886789925,0,1,248.709,22.92614113286436,23.176776885986328,22.8492251384624,0.06499015031643537,0.2506357531219692,23.013863646457047,23.089054372393637,23.804816409572474,24.02096660607858,in_distribution
disagreement_aware_selector,38,inside-out/active/bruhl/2025-03-02/ping-frntdeu1-2a0d:3341:b100:1e99::1-10ms-1h-2025-03-02-03-00-00.txt,bruhl,active,20.363096741601417,25.04346959122632,21.890744010088273,3.1527255811380464,0,1,251.25,23.001727037723867,22.147754669189453,22.853676567111798,0.3196573681975921,0.8539723685344143,22.70283670873682,22.959028419297145,23.92857201351879,24.221167023823153,in_distribution
disagreement_aware_selector,39,inside-out/active/bruhl/2025-03-01/ping-frntdeu1-2a0d:3341:b100:1e99::1-10ms-1h-2025-03-01-05-00-00.txt,bruhl,active,21.578173076923076,21.964537389100126,21.85555555555555,0.10898183354457558,0,1,251.708,23.053136449093472,23.087793350219727,22.894375010948224,0.2610260658632755,0.034656901126254525,23.065266364487663,23.07566343482554,23.8928980172063,23.881882581798777,in_distribution
disagreement_aware_selector,40,inside-out/active/bruhl/2025-03-01/ping-frntdeu1-2a0d:3341:b100:1e99::1-10ms-1h-2025-03-01-04-00-00.txt,bruhl,active,21.93523380845211,22.603270440251578,21.241345427059713,1.3619250131918648,0,1,249.625,23.379083884229658,22.26675033569336,23.248914687909114,0.23689137618864634,1.1123335485362986,22.989767142241952,23.323467206802842,24.40805763652706,24.861108397547454,in_distribution
disagreement_aware_selector,41,inside-out/active/bruhl/2025-03-01/ping-frntdeu1-2a0d:3341:b100:1e99::1-10ms-1h-2025-03-01-22-00-00.txt,bruhl,active,24.54053789731051,25.861392563014725,25.861392563014725,0.0,1,1,248.541,25.873241439196136,25.95902442932129,25.514452962579572,0.30544749835290086,0.08578299012515345,25.90326548573994,25.929000382777485,26.97732127789658,27.171361373342332,in_distribution
disagreement_aware_selector,42,inside-out/active/bruhl/2025-03-01/ping-frntdeu1-2a0d:3341:b100:1e99::1-10ms-1h-2025-03-01-11-00-00.txt,bruhl,active,23.930179090029043,21.144909875602945,21.144909875602945,0.0,1,1,251.25,24.373600837599042,23.62249183654785,24.184569462240454,0.47253844678514206,0.7511090010511907,24.110712687231125,24.33604538754648,25.784239771697553,25.95686636244032,in_distribution
disagreement_aware_selector,43,inside-out/active/bruhl/2025-03-02/ping-frntdeu1-2a0d:3341:b100:1e99::1-10ms-1h-2025-03-02-05-00-00.txt,bruhl,active,21.03521870286576,21.099264892268696,21.099264892268696,0.0,1,1,253.291,22.786356927210363,22.32449722290039,22.82027393959478,0.1622090298608455,0.4618597043099726,22.624706030701873,22.763263941994865,23.789256209255303,23.841519291414738,in_distribution
disagreement_aware_selector,44,inside-out/active/bruhl/2025-03-01/ping-frntdeu1-2a0d:3341:b100:1e99::1-10ms-1h-2025-03-01-11-00-00.txt,bruhl,active,22.196437346437342,23.91460763520679,22.39857142857143,1.5160362066353592,0,1,250.041,23.84625896437683,23.161640167236328,23.628124915803834,0.14591585843492838,0.6846187971405016,23.606642385377654,23.812028024519805,24.593234583750295,25.01001019721032,in_distribution
disagreement_aware_selector,45,inside-out/active/bruhl/2025-03-01/ping-frntdeu1-2a0d:3341:b100:1e99::1-10ms-1h-2025-03-01-03-00-00.txt,bruhl,active,20.902184164805163,22.055450358239508,21.101787463271304,0.953662894968204,0,1,253.5,23.432082722165433,23.390710830688477,23.256308368317942,0.25716408209872593,0.04137189147695608,23.417602560148495,23.430014127591583,24.394818789670897,24.39633743310897,in_distribution
disagreement_aware_selector,46,inside-out/active/bruhl/2025-03-02/ping-frntdeu1-2a0d:3341:b100:1e99::1-10ms-1h-2025-03-02-03-00-00.txt,bruhl,active,21.59167714357556,23.607438218742352,22.576217616580312,1.0312206021620405,0,1,252.125,23.308860979637757,23.124980926513672,23.267402260261587,0.12210368514253635,0.18388005312408495,23.244502961044326,23.299666976981552,24.334380339912205,24.367007319337308,in_distribution
disagreement_aware_selector,47,inside-out/active/bruhl/2025-03-02/ping-frntdeu1-2a0d:3341:b100:1e99::1-10ms-1h-2025-03-02-06-00-00.txt,bruhl,active,19.863144779466733,21.352409021014864,21.352409021014864,0.0,1,1,252.083,23.507833093374757,22.219301223754883,23.35392858526946,0.572019317950741,1.2885318696198738,23.0568469390078,23.443406499893765,24.49837725883357,24.80310661980475,in_distribution
disagreement_aware_selector,48,inside-out/active/bruhl/2025-03-01/ping-frntdeu1-2a0d:3341:b100:1e99::1-10ms-1h-2025-03-01-00-00-00.txt,bruhl,active,22.954475,22.63668212261721,21.65496575342466,0.9817163691925508,0,1,249.625,23.20930655508255,23.72065544128418,23.5307421672825,0.5036155214443262,0.5113488862016311,23.388278665253118,23.541683331113607,25.01026840210655,24.694632813474573,in_distribution
disagreement_aware_selector,49,inside-out/active/bruhl/2025-03-01/ping-frntdeu1-2a0d:3341:b100:1e99::1-10ms-1h-2025-03-01-06-00-00.txt,bruhl,active,25.30204498977505,29.000200904068308,22.752465897166843,6.247735006901465,0,1,249.833,23.853538364061023,23.917837142944336,24.016008887498995,0.44940415695662694,0.06429877888331248,23.87604293667018,23.895332570335174,25.888837392756002,25.43753783576304,in_distribution
disagreement_aware_selector,50,inside-out/active/bruhl/2025-03-01/ping-frntdeu1-2a0d:3341:b100:1e99::1-10ms-1h-2025-03-01-09-00-00.txt,bruhl,active,24.386828774062817,21.91474262868566,21.91474262868566,0.0,1,1,249.583,23.753268746992944,23.44748306274414,23.886311838965682,0.2732630210275242,0.3057856842488036,23.646243757505864,23.737979462780505,25.411402276615306,25.211015476783885,in_distribution
disagreement_aware_selector,51,inside-out/active/bruhl/2025-03-01/ping-frntdeu1-2a0d:3341:b100:1e99::1-10ms-1h-2025-03-01-02-00-00.txt,bruhl,active,20.572501897293193,22.256720901126407,20.069478908188582,2.1872419929378246,0,1,253.542,23.149945329278125,23.56783676147461,23.04269152625029,0.20692424769058584,0.41789143219648395,23.296207330546892,23.421574760205836,24.08018000921548,24.345659200622737,in_distribution
disagreement_aware_selector,52,inside-out/active/bruhl/2025-03-01/ping-frntdeu1-2a0d:3341:b100:1e99::1-10ms-1h-2025-03-01-11-00-00.txt,bruhl,active,21.314613320322028,21.179303062302008,21.179303062302008,0.0,1,1,301.125,23.747221604960032,23.67287826538086,23.57538009598131,0.491215955820843,0.07434333957917261,23.72120143610732,23.743504437981073,24.754246703375493,24.59113074829921,in_distribution
disagreement_aware_selector,53,inside-out/active/bruhl/2025-03-02/ping-frntdeu1-2a0d:3341:b100:1e99::1-10ms-1h-2025-03-02-02-00-00.txt,bruhl,active,22.22624908603461,28.69517554334846,20.62198079838302,8.073194744965438,0,1,253.791,23.20153960208245,23.366065979003906,23.095045657160238,0.2884841664706564,0.164526376921458,23.25912383400496,23.308481747081398,24.352883713048392,24.366409315808703,in_distribution
disagreement_aware_selector,54,inside-out/active/bruhl/2025-03-01/ping-frntdeu1-2a0d:3341:b100:1e99::1-10ms-1h-2025-03-01-12-00-00.txt,bruhl,active,22.779284082254375,26.541634038110153,22.08153328153328,4.460100756576875,0,1,253.0,24.31859259175235,25.136899948120117,24.125047297275962,0.40069165702073417,0.8183073563677681,24.60500016648107,24.8504923733914,25.449132896646205,25.955889965632867,in_distribution
disagreement_aware_selector,55,inside-out/active/bruhl/2025-03-02/ping-frntdeu1-2a0d:3341:b100:1e99::1-10ms-1h-2025-03-02-01-00-00.txt,bruhl,active,21.65060613876709,20.780806331931736,20.780806331931736,0.0,1,1,251.375,22.58210697047889,22.611621856689453,22.728474342514453,0.24005875191780168,0.029514886210563418,22.59243718065259,22.601291646515758,23.82633058307197,23.522055311755985,in_distribution
disagreement_aware_selector,56,inside-out/active/bruhl/2025-03-02/ping-frntdeu1-2a0d:3341:b100:1e99::1-10ms-1h-2025-03-02-06-00-00.txt,bruhl,active,21.53169469598965,23.502222222222223,22.419876998769983,1.08234522345224,0,1,253.625,22.98984310542164,23.00802993774414,22.947862421698485,0.2755754059341642,0.018186832322498958,22.996208496734518,23.001664546431268,24.05528347740971,23.90422273092412,in_distribution
disagreement_aware_selector,57,inside-out/active/bruhl/2025-03-02/ping-frntdeu1-2a0d:3341:b100:1e99::1-10ms-1h-2025-03-02-01-00-00.txt,bruhl,active,22.1087841191067,23.286052894211576,20.59482673267327,2.6912261615383066,0,1,251.5,23.33459092506382,22.71363639831543,23.261557745958306,0.3030889065225992,0.6209545267483918,23.117256840701884,23.303543198726402,24.41746150840946,24.542607544659802,in_distribution
disagreement_aware_selector,58,inside-out/active/bruhl/2025-03-01/ping-frntdeu1-2a0d:3341:b100:1e99::1-10ms-1h-2025-03-01-04-00-00.txt,bruhl,active,23.509030998291433,24.01265854265108,21.0371021135727,2.975556429078381,0,1,249.25,23.505086800812023,23.668073654174805,23.532906951796008,0.11236348682116229,0.1629868533627814,23.562132199489,23.611028255497835,24.85535026997506,24.86549764389729,in_distribution
disagreement_aware_selector,59,inside-out/active/brisbane/2025-03-22/ping-sydyaus1-2406:2d40:4600:8118::1-10ms-1h-2025-03-22-14-00-00.txt,brisbane,active,33.68682516097078,28.775,24.285714285714285,4.489285714285714,0,1,246.583,36.3512515039165,34.265872955322266,36.30432026600666,0.5514632813607901,2.0853785485942353,35.62136901190852,36.24698257648679,38.223895791225694,38.79564991498234,in_distribution
random,47,inside-out/active/brisbane/2025-03-29/ping--2406:2d40:4600:8118::1-10ms-1h-2025-03-29-02-00-00.txt,brisbane,active,27.7485584941625,35.6140397672163,35.6140397672163,0.0,1,1,176.833,32.79760863012416,33.31794357299805,33.247631837150806,1.4119031577208576,0.5203349428738875,32.97972586013002,33.13582634299218,35.8850512582437,34.76635189008182,temporal_shift
random,48,inside-out/active/brisbane/2025-03-29/ping--2406:2d40:4600:8118::1-10ms-1h-2025-03-29-02-00-00.txt,brisbane,active,35.6140397672163,27.973393160320157,27.973393160320157,0.0,1,1,150.5,34.57739027834032,32.20564270019531,34.22440911452741,0.9016912883018303,2.371747578145005,33.747278625989566,34.45880289943307,36.37161503514617,37.115614142897954,temporal_shift
random,49,inside-out/active/brisbane/2025-03-29/ping--2406:2d40:4600:8118::1-10ms-1h-2025-03-29-02-00-00.txt,brisbane,active,27.973393160320157,35.63712515489467,35.63712515489467,0.0,1,1,141.0,32.0355085041283,32.589515686035156,31.941626787771934,0.23647622895533565,0.5540071819068544,32.2294110177957,32.39561317236775,33.87182183906395,34.203851770133944,temporal_shift
random,50,inside-out/active/brisbane/2025-03-30/ping--2406:2d40:4600:8118::1-10ms-1h-2025-03-30-14-00-00.txt,brisbane,active,41.56910290882425,38.12887029288703,20.44888777805549,17.67998251483154,0,1,277.125,37.99636981672484,35.551048278808594,38.7525646371208,0.4485675846456944,2.445321537916243,37.14050727845415,37.874103739829025,41.4363375191438,41.44411170232588,temporal_shift
random,51,inside-out/active/brisbane/2025-03-21/ping-sydyaus1-2406:2d40:4600:8118::1-10ms-1h-2025-03-21-08-00-00.txt,brisbane,active,30.144794877875267,31.51180555555555,20.069478908188582,11.442326647366968,0,1,271.875,36.31464726534978,33.42219924926758,36.37786023165009,1.4237511148162592,2.8924480160821986,35.30229045972101,36.17002486454567,38.96595603980824,39.13653134463272,temporal_shift
random,52,inside-out/active/bruhl/2025-03-01/ping-frntdeu1-2a0d:3341:b100:1e99::1-10ms-1h-2025-03-01-04-00-00.txt,bruhl,active,23.018295426143464,20.8537343358396,20.596300893743795,0.257433442095806,0,1,267.166,23.566219117752553,23.227991104125977,23.582993621223732,0.19310035853936677,0.3382280136265763,23.447839312983252,23.549307717071226,24.998135935783193,24.988738769539445,temporal_shift
random,53,inside-out/active/bruhl/2025-03-02/ping-frntdeu1-2a0d:3341:b100:1e99::1-10ms-1h-2025-03-02-07-00-00.txt,bruhl,active,21.682807731434384,23.997510060362178,20.62198079838302,3.375529261979157,0,1,263.292,23.918731143201512,23.765830993652344,23.76760253794758,0.2611957842574452,0.15290014954916842,23.865216090859306,23.911086135724055,25.14129139484762,25.165328229205596,temporal_shift
random,54,inside-out/active/brisbane/2025-03-30/ping--2406:2d40:4600:8118::1-10ms-1h-2025-03-30-02-00-00.txt,brisbane,active,38.62191610821544,39.81591350826045,21.13926191696566,18.676651591294792,0,1,310.709,38.26489834480526,34.94190216064453,38.12592867525632,0.6589554710178891,3.322996184160729,37.101849680349005,38.098748535597224,41.20100311996209,42.34110446911994,temporal_shift
random,55,inside-out/active/bruhl/2025-03-01/ping-frntdeu1-2a0d:3341:b100:1e99::1-10ms-1h-2025-03-01-19-00-00.txt,bruhl,active,23.863647830474267,27.163365841460365,20.780806331931736,6.38255950952863,0,1,261.209,24.519423554063906,24.33479881286621,24.46738759766633,0.3030858088713569,0.18462474119769468,24.454804894644713,24.510192317004023,25.794861062743525,25.702663796026542,temporal_shift
random,56,inside-out/active/brisbane/2025-03-30/ping--2406:2d40:4600:8118::1-10ms-1h-2025-03-30-14-00-00.txt,brisbane,active,34.99078758949881,28.558569051580697,21.17579214195184,7.382776909628859,0,1,281.292,37.66958701511976,36.342933654785156,37.61998893912208,0.8796950613101903,1.3266533603346033,37.20525833900265,37.603254347103025,39.66845632695806,39.65527711912367,temporal_shift
random,57,inside-out/active/bruhl/2025-03-01/ping-frntdeu1-2a0d:3341:b100:1e99::1-10ms-1h-2025-03-01-08-00-00.txt,bruhl,active,21.17579214195184,21.670523345305284,20.59482673267327,1.075696612632015,0,1,260.667,23.24814187551783,24.983476638793945,23.18937864189399,0.3241676883929413,1.7353347632761142,23.855509042664472,24.376109471647307,24.323616854331053,25.440755394117275,temporal_shift
random,58,inside-out/active/bruhl/2025-03-02/ping-frntdeu1-2a0d:3341:b100:1e99::1-10ms-1h-2025-03-02-11-00-00.txt,bruhl,active,22.93319338108175,23.098639624041553,20.75279534530736,2.3458442787341944,0,1,275.042,23.376246755382454,25.295408248901367,23.485531492960202,0.23278239720382224,1.9191614935189136,24.047953278114072,24.623701726169745,24.69527695683999,25.850776541498558,temporal_shift
random,59,inside-out/active/bruhl/2025-03-01/ping-frntdeu1-2a0d:3341:b100:1e99::1-10ms-1h-2025-03-01-08-00-00.txt,bruhl,active,26.699448621553884,24.6,19.0,5.600000000000001,0,1,255.0,23.449451307409618,24.193031311035156,23.65853064460366,0.492257585785379,0.7435800036255387,23.709704308678553,23.932778309766213,25.087092621674863,25.066505097860944,temporal_shift
best_historical_path,47,inside-out/active/brisbane/2025-03-29/ping--2406:2d40:4600:8118::1-10ms-1h-2025-03-29-02-00-00.txt,brisbane,active,27.7485584941625,35.6140397672163,35.6140397672163,0.0,1,1,150.5,32.79760863012416,33.31794357299805,33.247631837150806,1.4119031577208576,0.5203349428738875,32.97972586013002,33.13582634299218,35.8850512582437,34.76635189008182,temporal_shift
best_historical_path,48,inside-out/active/brisbane/2025-03-29/ping--2406:2d40:4600:8118::1-10ms-1h-2025-03-29-02-00-00.txt,brisbane,active,35.6140397672163,27.973393160320157,27.973393160320157,0.0,1,1,140.0,34.57739027834032,32.20564270019531,34.22440911452741,0.9016912883018303,2.371747578145005,33.747278625989566,34.45880289943307,36.37161503514617,37.115614142897954,temporal_shift
best_historical_path,49,inside-out/active/brisbane/2025-03-29/ping--2406:2d40:4600:8118::1-10ms-1h-2025-03-29-02-00-00.txt,brisbane,active,27.973393160320157,35.63712515489467,35.63712515489467,0.0,1,1,137.0,32.0355085041283,32.589515686035156,31.941626787771934,0.23647622895533565,0.5540071819068544,32.2294110177957,32.39561317236775,33.87182183906395,34.203851770133944,temporal_shift
best_historical_path,50,inside-out/active/bruhl/2025-03-01/ping-frntdeu1-2a0d:3341:b100:1e99::1-10ms-1h-2025-03-01-06-00-00.txt,bruhl,active,29.000200904068308,23.43732081067721,20.44888777805549,2.988433032621721,0,1,266.833,24.980731350775386,24.346986770629883,25.36167342504534,0.3943925375140015,0.6337445801455033,24.75892074772446,24.94904412176811,28.09204868961828,27.7004972732783,temporal_shift
best_historical_path,51,inside-out/active/bruhl/2025-03-01/ping-frntdeu1-2a0d:3341:b100:1e99::1-10ms-1h-2025-03-01-06-00-00.txt,bruhl,active,23.43732081067721,26.1508004002001,20.069478908188582,6.081321492011519,0,1,265.625,24.690011990211133,24.32638168334961,24.669230708100102,0.19904006637992386,0.3636303068615234,24.5627413828096,24.67183047486806,26.124376761355432,26.159511631769206,temporal_shift
best_historical_path,52,inside-out/active/bruhl/2025-03-01/ping-frntdeu1-2a0d:3341:b100:1e99::1-10ms-1h-2025-03-01-06-00-00.txt,bruhl,active,26.1508004002001,30.21637515842839,20.596300893743795,9.620074264684597,0,1,261.5,25.401950750354445,24.8662052154541,25.52654775395102,0.1901346263127516,0.535745534900343,25.21443981313932,25.375163473609426,27.224602470147495,27.19848998752151,temporal_shift
best_historical_path,53,inside-out/active/bruhl/2025-03-01/ping-frntdeu1-2a0d:3341:b100:1e99::1-10ms-1h-2025-03-01-06-00-00.txt,bruhl,active,30.21637515842839,36.54894357444693,20.62198079838302,15.92696277606391,0,1,263.334,26.165977529864904,25.26833724975586,26.21376582352926,0.3068356194495669,0.8976402801090444,25.85180343182674,26.12109551585945,28.86606834367322,28.992091461470757,temporal_shift
best_historical_path,54,inside-out/active/bruhl/2025-03-01/ping-frntdeu1-2a0d:3341:b100:1e99::1-10ms-1h-2025-03-01-06-00-00.txt,bruhl,active,36.54894357444693,25.29561320754717,21.13926191696566,4.156351290581512,0,1,262.792,28.224850532486016,25.9577579498291,28.62379586509691,0.49431006988641846,2.2670925826569146,27.431368128556095,28.11149590335317,32.42790222155587,32.678415998725775,temporal_shift
best_historical_path,55,inside-out/active/bruhl/2025-03-01/ping-frntdeu1-2a0d:3341:b100:1e99::1-10ms-1h-2025-03-01-06-00-00.txt,bruhl,active,25.29561320754717,23.24929542645241,20.780806331931736,2.468489094520674,0,1,260.875,25.708981591093107,23.40959358215332,26.30404259262838,0.7564375077343443,2.2993880089397862,24.904195787964184,25.59401219064612,28.16141571157911,28.03375118326598,temporal_shift
best_historical_path,56,inside-out/active/bruhl/2025-03-01/ping-frntdeu1-2a0d:3341:b100:1e99::1-10ms-1h-2025-03-01-06-00-00.txt,bruhl,active,23.24929542645241,23.121542288557215,21.17579214195184,1.945750146605377,0,1,261.541,25.951250727794104,24.055360794067383,26.364264108438626,0.4510828515223933,1.8958899337267212,25.28768925098975,25.856456231107767,27.70504989517695,27.80687484606766,temporal_shift
best_historical_path,57,inside-out/active/bruhl/2025-03-01/ping-frntdeu1-2a0d:3341:b100:1e99::1-10ms-1h-2025-03-01-06-00-00.txt,bruhl,active,23.121542288557215,28.892749461593684,20.59482673267327,8.297922728920415,0,1,258.834,25.102254403776897,25.449146270751953,25.30893704677907,0.6307158934967948,0.3468918669750565,25.223666557218166,25.327734117310683,26.862730860255482,26.443180197362004,temporal_shift
best_historical_path,58,inside-out/active/bruhl/2025-03-01/ping-frntdeu1-2a0d:3341:b100:1e99::1-10ms-1h-2025-03-01-06-00-00.txt,bruhl,active,28.892749461593684,27.91916948334138,20.75279534530736,7.166374138034023,0,1,257.917,26.19971711340804,26.177486419677734,26.334536620502945,0.515433610191548,0.022230693730307394,26.191936370602434,26.198605578721526,28.098706535640723,27.5873156330808,temporal_shift
best_historical_path,59,inside-out/active/bruhl/2025-03-02/ping-frntdeu1-2a0d:3341:b100:1e99::1-10ms-1h-2025-03-02-05-00-00.txt,bruhl,active,22.933486590038314,27.2,19.0,8.2,0,1,262.833,22.94273458322823,23.255367279052734,23.403493481518197,0.39784307861027374,0.3126326958245045,23.05215602676681,23.145945835514162,25.143187330393445,24.61852064501415,temporal_shift
highest_reply_availability,47,inside-out/active/brisbane/2025-03-29/ping--2406:2d40:4600:8118::1-10ms-1h-2025-03-29-02-00-00.txt,brisbane,active,27.7485584941625,35.6140397672163,35.6140397672163,0.0,1,1,146.292,32.79760863012416,33.31794357299805,33.247631837150806,1.4119031577208576,0.5203349428738875,32.97972586013002,33.13582634299218,35.8850512582437,34.76635189008182,temporal_shift
highest_reply_availability,48,inside-out/active/brisbane/2025-03-29/ping--2406:2d40:4600:8118::1-10ms-1h-2025-03-29-02-00-00.txt,brisbane,active,35.6140397672163,27.973393160320157,27.973393160320157,0.0,1,1,141.0,34.57739027834032,32.20564270019531,34.22440911452741,0.9016912883018303,2.371747578145005,33.747278625989566,34.45880289943307,36.37161503514617,37.115614142897954,temporal_shift
highest_reply_availability,49,inside-out/active/brisbane/2025-03-29/ping--2406:2d40:4600:8118::1-10ms-1h-2025-03-29-02-00-00.txt,brisbane,active,27.973393160320157,35.63712515489467,35.63712515489467,0.0,1,1,141.625,32.0355085041283,32.589515686035156,31.941626787771934,0.23647622895533565,0.5540071819068544,32.2294110177957,32.39561317236775,33.87182183906395,34.203851770133944,temporal_shift
highest_reply_availability,50,inside-out/active/bruhl/2025-03-02/ping-frntdeu1-2a0d:3341:b100:1e99::1-10ms-1h-2025-03-02-12-00-00.txt,bruhl,active,26.027478622602263,28.21679980634229,20.44888777805549,7.767912028286801,0,1,263.084,26.477979052840965,26.08445167541504,26.54499462530747,0.45610467517559133,0.3935273774259258,26.34024447074189,26.458302683969666,27.934353909808266,27.702347150801735,temporal_shift
highest_reply_availability,51,inside-out/active/brisbane/2025-03-20/ping-sydyaus1-2406:2d40:4600:8118::1-10ms-1h-2025-03-20-20-00-00.txt,brisbane,active,29.969971484974774,38.223700092850514,20.069478908188582,18.15422118466193,0,1,261.667,35.915311603497685,31.96599769592285,36.12781853087178,0.5710386868155797,3.949313907574833,34.53305173584649,35.71784590811894,38.53011905494211,39.66652437086501,temporal_shift
highest_reply_availability,52,inside-out/active/brisbane/2025-03-21/ping-sydyaus1-2406:2d40:4600:8118::1-10ms-1h-2025-03-21-08-00-00.txt,brisbane,active,31.51180555555555,41.203552440792656,20.596300893743795,20.60725154704886,0,1,259.333,37.288852883457366,40.172481536865234,37.60187264851272,0.9670799725841878,2.883628653407868,38.29812291215012,39.16321150817248,40.296777904648884,41.42116965021129,temporal_shift
highest_reply_availability,53,inside-out/active/brisbane/2025-03-20/ping-sydyaus1-2406:2d40:4600:8118::1-10ms-1h-2025-03-20-20-00-00.txt,brisbane,active,34.94806936416185,34.46817436137802,20.62198079838302,13.846193562994998,0,1,261.416,37.557673406252434,36.59795379638672,36.85121805152273,1.157819068285061,0.959719609865715,37.22177154279943,37.50968742575915,39.57459695467039,39.84456183262588,temporal_shift
highest_reply_availability,54,inside-out/active/brisbane/2025-03-31/ping--2406:2d40:4600:8118::1-10ms-1h-2025-03-31-08-00-00.txt,brisbane,active,39.785419532324624,49.165757000474606,21.13926191696566,28.026495083508948,0,1,261.917,39.71730318581467,42.191436767578125,39.3838007025785,0.5305440267946863,2.4741335817634535,40.58324993943188,41.325490013960916,42.938746207010254,44.72994085647301,temporal_shift
highest_reply_availability,55,inside-out/active/brisbane/2025-03-23/ping--2406:2d40:4600:8118::1-10ms-1h-2025-03-23-14-00-00.txt,brisbane,active,34.60674931129476,31.94137931034483,20.780806331931736,11.160572978413093,0,1,259.5,36.937741253097556,38.319000244140625,37.02792923404753,0.3671123801150128,1.3812589910430688,37.42118189996263,37.835559597275555,39.30379254659991,39.97421452384598,temporal_shift
highest_reply_availability,56,inside-out/active/brisbane/2025-03-31/ping--2406:2d40:4600:8118::1-10ms-1h-2025-03-31-20-00-00.txt,brisbane,active,36.1142340713963,33.584454649827784,21.17579214195184,12.408662507875945,0,1,259.917,38.1764587248872,38.29762649536133,37.770645585069325,0.46029203226368426,0.12116777047413052,38.21886744455314,38.25521777569538,39.93685979437823,40.08832973785393,temporal_shift
highest_reply_availability,57,inside-out/active/brisbane/2025-03-23/ping--2406:2d40:4600:8118::1-10ms-1h-2025-03-23-20-00-00.txt,brisbane,active,30.367749887942622,51.548770002388345,20.59482673267327,30.953943269715076,0,1,260.292,34.605089347231115,37.21460723876953,34.6401455181377,0.42379205243719353,2.6095178915384167,35.518420609269555,36.30127597673108,36.88340490621322,38.487643114632554,temporal_shift
highest_reply_availability,58,inside-out/active/brisbane/2025-03-22/ping-sydyaus1-2406:2d40:4600:8118::1-10ms-1h-2025-03-22-08-00-00.txt,brisbane,active,30.59706154558075,34.96113310242454,20.75279534530736,14.208337757117182,0,1,259.417,34.05307406517022,34.006195068359375,33.714540102074274,0.8090884332876574,0.04687899681084673,34.03666641628642,34.05073011532968,35.695603966092044,35.44841715278714,temporal_shift
highest_reply_availability,59,inside-out/active/brisbane/2025-03-30/ping--2406:2d40:4600:8118::1-10ms-1h-2025-03-30-20-00-00.txt,brisbane,active,40.56218007312614,24.775,19.0,5.774999999999999,0,1,253.291,37.614379657779864,36.399166107177734,37.44250735060564,0.6418544284868178,1.2152135506021295,37.18905491506912,37.55361898024976,39.77859557032483,40.0159231539049,temporal_shift
reactive_greedy,47,inside-out/active/brisbane/2025-03-29/ping--2406:2d40:4600:8118::1-10ms-1h-2025-03-29-02-00-00.txt,brisbane,active,27.7485584941625,35.6140397672163,35.6140397672163,0.0,1,1,145.958,32.79760863012416,33.31794357299805,33.247631837150806,1.4119031577208576,0.5203349428738875,32.97972586013002,33.13582634299218,35.8850512582437,34.76635189008182,temporal_shift
reactive_greedy,48,inside-out/active/brisbane/2025-03-29/ping--2406:2d40:4600:8118::1-10ms-1h-2025-03-29-02-00-00.txt,brisbane,active,35.6140397672163,27.973393160320157,27.973393160320157,0.0,1,1,141.917,34.57739027834032,32.20564270019531,34.22440911452741,0.9016912883018303,2.371747578145005,33.747278625989566,34.45880289943307,36.37161503514617,37.115614142897954,temporal_shift
reactive_greedy,49,inside-out/active/brisbane/2025-03-29/ping--2406:2d40:4600:8118::1-10ms-1h-2025-03-29-02-00-00.txt,brisbane,active,27.973393160320157,35.63712515489467,35.63712515489467,0.0,1,1,135.667,32.0355085041283,32.589515686035156,31.941626787771934,0.23647622895533565,0.5540071819068544,32.2294110177957,32.39561317236775,33.87182183906395,34.203851770133944,temporal_shift
reactive_greedy,50,inside-out/active/bruhl/2025-03-01/ping-frntdeu1-2a0d:3341:b100:1e99::1-10ms-1h-2025-03-01-02-00-00.txt,bruhl,active,21.08513931888545,20.572501897293193,20.44888777805549,0.12361411923770405,0,1,261.584,22.27023346495662,23.700197219848633,22.52256884493521,0.28982880549126794,1.4299637548920145,22.770720779168823,23.19970990563643,23.73009472807173,24.332860560143693,temporal_shift
reactive_greedy,51,inside-out/active/bruhl/2025-03-01/ping-frntdeu1-2a0d:3341:b100:1e99::1-10ms-1h-2025-03-01-03-00-00.txt,bruhl,active,20.44888777805549,23.379133266533067,20.069478908188582,3.309654358344485,0,1,265.917,23.578342327113205,23.595428466796875,23.616154677762776,0.3269419421983404,0.0170861396836699,23.58432247600249,23.589448317907593,24.673019769623576,24.402815567088002,temporal_shift
reactive_greedy,52,inside-out/active/bruhl/2025-03-01/ping-frntdeu1-2a0d:3341:b100:1e99::1-10ms-1h-2025-03-01-01-00-00.txt,bruhl,active,20.069478908188582,26.109423828125,20.596300893743795,5.5131229343812045,0,1,274.166,22.510293523651853,23.327316284179688,22.621783423953307,0.351164033150341,0.8170227605278342,22.796251489836596,23.041358317994945,23.64177306375801,23.879677208989676,temporal_shift
reactive_greedy,53,inside-out/active/bruhl/2025-03-02/ping-frntdeu1-2a0d:3341:b100:1e99::1-10ms-1h-2025-03-02-08-00-00.txt,bruhl,active,20.596300893743795,22.775910780669147,20.62198079838302,2.153929982286126,0,1,256.875,24.661967429121432,23.854169845581055,24.585793058215707,0.26345277942561945,0.8077975835403777,24.3792382748823,24.621577549944416,25.55673462229139,25.79882832122107,temporal_shift
reactive_greedy,54,inside-out/active/bruhl/2025-03-01/ping-frntdeu1-2a0d:3341:b100:1e99::1-10ms-1h-2025-03-01-11-00-00.txt,bruhl,active,20.62198079838302,22.029937076476283,21.13926191696566,0.890675159510625,0,1,302.333,22.53874366103628,23.65190315246582,22.314335624990594,0.37534332390701897,1.113159491429542,22.92834948303662,23.262297330465483,23.464938082378477,24.242708244066055,temporal_shift
reactive_greedy,55,inside-out/active/bruhl/2025-03-02/ping-frntdeu1-2a0d:3341:b100:1e99::1-10ms-1h-2025-03-02-05-00-00.txt,bruhl,active,21.13926191696566,23.040902255639097,20.780806331931736,2.260095923707361,0,1,256.291,22.632307468482395,22.902177810668945,23.010688288799642,0.37777759914515496,0.26987034218655026,22.72676208824769,22.807723190903655,24.400313194754297,23.941001931718098,temporal_shift
reactive_greedy,56,inside-out/active/bruhl/2025-03-02/ping-frntdeu1-2a0d:3341:b100:1e99::1-10ms-1h-2025-03-02-01-00-00.txt,bruhl,active,20.780806331931736,22.1087841191067,21.17579214195184,0.9329919771548632,0,1,259.5,22.645108029528274,23.07332992553711,22.834164395579165,0.2886596287685227,0.42822189600883576,22.794985693131366,22.923452261934017,24.00444373061238,23.920059064991722,temporal_shift
reactive_greedy,57,inside-out/active/bruhl/2025-03-01/ping-frntdeu1-2a0d:3341:b100:1e99::1-10ms-1h-2025-03-01-08-00-00.txt,bruhl,active,21.17579214195184,21.670523345305284,20.59482673267327,1.075696612632015,0,1,255.75,23.24814187551783,24.983476638793945,23.18937864189399,0.3241676883929413,1.7353347632761142,23.855509042664472,24.376109471647307,24.323616854331053,25.440755394117275,temporal_shift
reactive_greedy,58,inside-out/active/bruhl/2025-03-02/ping-frntdeu1-2a0d:3341:b100:1e99::1-10ms-1h-2025-03-02-09-00-00.txt,bruhl,active,20.59482673267327,20.75279534530736,20.75279534530736,0.0,1,1,256.167,23.154234480667583,23.947952270507812,23.084871402982223,0.34120423947792666,0.7937177898402297,23.432035707111663,23.670151044063733,24.188197203900664,24.596945444357747,temporal_shift
reactive_greedy,59,inside-out/active/bruhl/2025-03-02/ping-frntdeu1-2a0d:3341:b100:1e99::1-10ms-1h-2025-03-02-09-00-00.txt,bruhl,active,20.75279534530736,19.0,19.0,0.0,1,1,252.709,22.61433853746894,22.989450454711914,22.904697090882095,0.44655537023314473,0.3751119172429753,22.74562770850398,22.858161283676875,24.074459144372103,23.730518001216318,temporal_shift
predictive_greedy,47,inside-out/active/brisbane/2025-03-29/ping--2406:2d40:4600:8118::1-10ms-1h-2025-03-29-02-00-00.txt,brisbane,active,27.7485584941625,35.6140397672163,35.6140397672163,0.0,1,1,147.375,32.79760863012416,33.31794357299805,33.247631837150806,1.4119031577208576,0.5203349428738875,32.97972586013002,33.13582634299218,35.8850512582437,34.76635189008182,temporal_shift
predictive_greedy,48,inside-out/active/brisbane/2025-03-29/ping--2406:2d40:4600:8118::1-10ms-1h-2025-03-29-02-00-00.txt,brisbane,active,35.6140397672163,27.973393160320157,27.973393160320157,0.0,1,1,140.625,34.57739027834032,32.20564270019531,34.22440911452741,0.9016912883018303,2.371747578145005,33.747278625989566,34.45880289943307,36.37161503514617,37.115614142897954,temporal_shift
predictive_greedy,49,inside-out/active/brisbane/2025-03-29/ping--2406:2d40:4600:8118::1-10ms-1h-2025-03-29-02-00-00.txt,brisbane,active,27.973393160320157,35.63712515489467,35.63712515489467,0.0,1,1,136.083,32.0355085041283,32.589515686035156,31.941626787771934,0.23647622895533565,0.5540071819068544,32.2294110177957,32.39561317236775,33.87182183906395,34.203851770133944,temporal_shift
predictive_greedy,50,inside-out/active/bruhl/2025-03-02/ping-frntdeu1-2a0d:3341:b100:1e99::1-10ms-1h-2025-03-02-06-00-00.txt,bruhl,active,21.906589147286823,22.849779843444228,20.44888777805549,2.4008920653887387,0,1,262.041,22.05065590957929,22.600170135498047,22.213429630611564,0.23604912024847588,0.549514225918756,22.242985888650857,22.407840156426484,23.22529548113708,23.297620589357518,temporal_shift
predictive_greedy,51,inside-out/active/bruhl/2025-03-02/ping-frntdeu1-2a0d:3341:b100:1e99::1-10ms-1h-2025-03-02-04-00-00.txt,bruhl,active,20.458820551759047,23.986740467404672,20.069478908188582,3.91726155921609,0,1,271.041,22.18159424091391,22.16353988647461,22.17130476630839,0.33968561223009713,0.01805435443930037,22.175275216860154,22.180691523191943,23.223731159385817,22.987380884316448,temporal_shift
predictive_greedy,52,inside-out/active/bruhl/2025-03-02/ping-frntdeu1-2a0d:3341:b100:1e99::1-10ms-1h-2025-03-02-02-00-00.txt,bruhl,active,20.13179845708775,22.22624908603461,20.596300893743795,1.629948192290815,0,1,259.25,22.31604678120675,22.664878845214844,22.479211148605955,0.47211985611935886,0.34883206400809286,22.438138003609584,22.54278762281201,23.66802977974133,23.412399568258678,temporal_shift
predictive_greedy,53,inside-out/active/bruhl/2025-03-01/ping-frntdeu1-2a0d:3341:b100:1e99::1-10ms-1h-2025-03-01-11-00-00.txt,bruhl,active,21.179303062302008,20.62198079838302,20.62198079838302,0.0,1,1,259.042,22.66434237988142,24.152347564697266,22.807730308648228,0.43351485442614923,1.4880051848158473,23.185144194566966,23.63154575001172,24.728244750560314,25.375724569585778,temporal_shift
predictive_greedy,54,inside-out/active/bruhl/2025-03-01/ping-frntdeu1-2a0d:3341:b100:1e99::1-10ms-1h-2025-03-01-04-00-00.txt,bruhl,active,20.851403061224488,23.254050037156304,21.13926191696566,2.1147881201906458,0,1,259.25,22.424536740139956,24.154407501220703,22.48622515094202,0.2230905494615123,1.7298707610807469,23.029991506518215,23.548952734842437,23.5433489909838,24.611745738896165,temporal_shift
predictive_greedy,55,inside-out/active/bruhl/2025-03-01/ping-frntdeu1-2a0d:3341:b100:1e99::1-10ms-1h-2025-03-01-02-00-00.txt,bruhl,active,22.561879021879022,22.591304347826085,20.780806331931736,1.8104980158943498,0,1,255.333,22.167969481643013,23.714982986450195,22.63622007272602,0.2602785275521743,1.5470135048071825,22.709424208325526,23.173528259767682,23.95744048140715,24.4542411232654,temporal_shift
predictive_greedy,56,inside-out/active/bruhl/2025-03-02/ping-frntdeu1-2a0d:3341:b100:1e99::1-10ms-1h-2025-03-02-09-00-00.txt,bruhl,active,21.538257768721344,25.36848499285374,21.17579214195184,4.192692850901903,0,1,259.75,22.605816392191628,22.93202018737793,22.598808183480187,0.2448843081628963,0.32620379518630216,22.719987720506833,22.817848859062725,23.636461175220067,23.70445899919906,temporal_shift
predictive_greedy,57,inside-out/active/bruhl/2025-03-01/ping-frntdeu1-2a0d:3341:b100:1e99::1-10ms-1h-2025-03-01-11-00-00.txt,bruhl,active,25.01591978212429,26.08923004251299,20.59482673267327,5.494403309839722,0,1,255.459,22.329462747398793,24.41499137878418,22.92346978211647,1.0211695723457743,2.0855286313853867,23.059397768383675,23.68505635779929,26.64169064431236,26.845952903874387,temporal_shift
predictive_greedy,58,inside-out/active/bruhl/2025-03-02/ping-frntdeu1-2a0d:3341:b100:1e99::1-10ms-1h-2025-03-02-00-00-00.txt,bruhl,active,21.655938697318007,25.23721722208708,20.75279534530736,4.48442187677972,0,1,257.458,22.39887959891712,24.674333572387695,22.500418654947055,0.3003509647650503,2.275453973470576,23.19528848963182,23.877924681672994,23.59407402204348,24.97386222254269,temporal_shift
predictive_greedy,59,inside-out/active/bruhl/2025-03-02/ping-frntdeu1-2a0d:3341:b100:1e99::1-10ms-1h-2025-03-02-09-00-00.txt,bruhl,active,20.75279534530736,19.0,19.0,0.0,1,1,252.166,22.61433853746894,22.989450454711914,22.904697090882095,0.44655537023314473,0.3751119172429753,22.74562770850398,22.858161283676875,24.074459144372103,23.730518001216318,temporal_shift
predictive_graph_greedy,47,inside-out/active/brisbane/2025-03-29/ping--2406:2d40:4600:8118::1-10ms-1h-2025-03-29-02-00-00.txt,brisbane,active,27.7485584941625,35.6140397672163,35.6140397672163,0.0,1,1,154.75,32.79760863012416,33.31794357299805,33.247631837150806,1.4119031577208576,0.5203349428738875,32.97972586013002,33.13582634299218,35.8850512582437,34.76635189008182,temporal_shift
predictive_graph_greedy,48,inside-out/active/brisbane/2025-03-29/ping--2406:2d40:4600:8118::1-10ms-1h-2025-03-29-02-00-00.txt,brisbane,active,35.6140397672163,27.973393160320157,27.973393160320157,0.0,1,1,143.209,34.57739027834032,32.20564270019531,34.22440911452741,0.9016912883018303,2.371747578145005,33.747278625989566,34.45880289943307,36.37161503514617,37.115614142897954,temporal_shift
predictive_graph_greedy,49,inside-out/active/brisbane/2025-03-29/ping--2406:2d40:4600:8118::1-10ms-1h-2025-03-29-02-00-00.txt,brisbane,active,27.973393160320157,35.63712515489467,35.63712515489467,0.0,1,1,138.75,32.0355085041283,32.589515686035156,31.941626787771934,0.23647622895533565,0.5540071819068544,32.2294110177957,32.39561317236775,33.87182183906395,34.203851770133944,temporal_shift
predictive_graph_greedy,50,inside-out/active/bruhl/2025-03-02/ping-frntdeu1-2a0d:3341:b100:1e99::1-10ms-1h-2025-03-02-06-00-00.txt,bruhl,active,21.906589147286823,22.849779843444228,20.44888777805549,2.4008920653887387,0,1,262.417,22.05065590957929,22.600170135498047,22.213429630611564,0.23604912024847588,0.549514225918756,22.242985888650857,22.407840156426484,23.22529548113708,23.297620589357518,temporal_shift
predictive_graph_greedy,51,inside-out/active/bruhl/2025-03-02/ping-frntdeu1-2a0d:3341:b100:1e99::1-10ms-1h-2025-03-02-05-00-00.txt,bruhl,active,20.50941869021339,24.03044018900771,20.069478908188582,3.9609612808191272,0,1,263.708,23.21326429610599,22.069047927856445,23.042002475939913,0.2823267372817183,1.1442163682495448,22.81278856721865,23.156053477693515,24.14645309212874,24.620867225045824,temporal_shift
predictive_graph_greedy,52,inside-out/active/bruhl/2025-03-02/ping-frntdeu1-2a0d:3341:b100:1e99::1-10ms-1h-2025-03-02-02-00-00.txt,bruhl,active,20.13179845708775,22.22624908603461,20.596300893743795,1.629948192290815,0,1,263.458,22.31604678120675,22.664878845214844,22.479211148605955,0.47211985611935886,0.34883206400809286,22.438138003609584,22.54278762281201,23.66802977974133,23.412399568258678,temporal_shift
predictive_graph_greedy,53,inside-out/active/bruhl/2025-03-02/ping-frntdeu1-2a0d:3341:b100:1e99::1-10ms-1h-2025-03-02-02-00-00.txt,bruhl,active,22.22624908603461,28.69517554334846,20.62198079838302,8.073194744965438,0,1,265.708,22.895490925344347,22.448667526245117,22.88052913088544,0.2098762583139292,0.4468233990992303,22.739102735659618,22.873149755389388,24.077716347518333,24.136341477836446,temporal_shift
predictive_graph_greedy,54,inside-out/active/bruhl/2025-03-02/ping-frntdeu1-2a0d:3341:b100:1e99::1-10ms-1h-2025-03-02-01-00-00.txt,bruhl,active,22.67572592969944,21.65060613876709,21.13926191696566,0.5113442218014299,0,1,261.0,23.065348090198313,22.98377799987793,23.26544163443962,0.30628185206867037,0.08157009032038331,23.036798558586177,23.061269585682293,24.571112224536268,24.17801383188763,temporal_shift
predictive_graph_greedy,55,inside-out/active/bruhl/2025-03-02/ping-frntdeu1-2a0d:3341:b100:1e99::1-10ms-1h-2025-03-02-09-00-00.txt,bruhl,active,23.170796019900497,21.538257768721344,20.780806331931736,0.7574514367896086,0,1,261.0,22.937509793999197,22.63099479675293,23.0018101321282,0.3111506013495955,0.30651499724626774,22.830229544963004,22.922184044136884,24.1743835413809,24.014652001000524,temporal_shift
predictive_graph_greedy,56,inside-out/active/bruhl/2025-03-01/ping-frntdeu1-2a0d:3341:b100:1e99::1-10ms-1h-2025-03-01-04-00-00.txt,bruhl,active,21.42508450024143,22.9062954602458,21.17579214195184,1.7305033182939624,0,1,262.917,22.835732736917635,22.476451873779297,22.853564187335408,0.2712723269149609,0.35928086313833774,22.709984434819216,22.817768693760716,23.8555389100045,23.795929602812755,temporal_shift
predictive_graph_greedy,57,inside-out/active/bruhl/2025-03-01/ping-frntdeu1-2a0d:3341:b100:1e99::1-10ms-1h-2025-03-01-05-00-00.txt,bruhl,active,22.419876998769983,26.620787478601127,20.59482673267327,6.025960745927858,0,1,260.459,23.834714963053557,23.601659774780273,24.18444506040352,0.34851383592766144,0.23305518827328342,23.753145647157908,23.823062203639893,25.694844541217932,25.1886039016452,temporal_shift
predictive_graph_greedy,58,inside-out/active/bruhl/2025-03-02/ping-frntdeu1-2a0d:3341:b100:1e99::1-10ms-1h-2025-03-02-03-00-00.txt,bruhl,active,21.611631860126273,21.0371021135727,20.75279534530736,0.28430676826534196,0,1,262.833,24.070255181552056,23.821212768554688,24.06876671461381,0.3233443133268197,0.24904241299736896,23.983090337002977,24.057803060902188,25.14123457406827,25.01228389186022,temporal_shift
predictive_graph_greedy,59,inside-out/active/bruhl/2025-03-02/ping-frntdeu1-2a0d:3341:b100:1e99::1-10ms-1h-2025-03-02-09-00-00.txt,bruhl,active,20.75279534530736,19.0,19.0,0.0,1,1,252.25,22.61433853746894,22.989450454711914,22.904697090882095,0.44655537023314473,0.3751119172429753,22.74562770850398,22.858161283676875,24.074459144372103,23.730518001216318,temporal_shift
predictive_simple_fusion_greedy,47,inside-out/active/brisbane/2025-03-29/ping--2406:2d40:4600:8118::1-10ms-1h-2025-03-29-02-00-00.txt,brisbane,active,27.7485584941625,35.6140397672163,35.6140397672163,0.0,1,1,149.0,32.79760863012416,33.31794357299805,33.247631837150806,1.4119031577208576,0.5203349428738875,32.97972586013002,33.13582634299218,35.8850512582437,34.76635189008182,temporal_shift
predictive_simple_fusion_greedy,48,inside-out/active/brisbane/2025-03-29/ping--2406:2d40:4600:8118::1-10ms-1h-2025-03-29-02-00-00.txt,brisbane,active,35.6140397672163,27.973393160320157,27.973393160320157,0.0,1,1,139.125,34.57739027834032,32.20564270019531,34.22440911452741,0.9016912883018303,2.371747578145005,33.747278625989566,34.45880289943307,36.37161503514617,37.115614142897954,temporal_shift
predictive_simple_fusion_greedy,49,inside-out/active/brisbane/2025-03-29/ping--2406:2d40:4600:8118::1-10ms-1h-2025-03-29-02-00-00.txt,brisbane,active,27.973393160320157,35.63712515489467,35.63712515489467,0.0,1,1,137.542,32.0355085041283,32.589515686035156,31.941626787771934,0.23647622895533565,0.5540071819068544,32.2294110177957,32.39561317236775,33.87182183906395,34.203851770133944,temporal_shift
predictive_simple_fusion_greedy,50,inside-out/active/bruhl/2025-03-02/ping-frntdeu1-2a0d:3341:b100:1e99::1-10ms-1h-2025-03-02-06-00-00.txt,bruhl,active,21.906589147286823,22.849779843444228,20.44888777805549,2.4008920653887387,0,1,264.625,22.05065590957929,22.600170135498047,22.213429630611564,0.23604912024847588,0.549514225918756,22.242985888650857,22.407840156426484,23.22529548113708,23.297620589357518,temporal_shift
predictive_simple_fusion_greedy,51,inside-out/active/bruhl/2025-03-02/ping-frntdeu1-2a0d:3341:b100:1e99::1-10ms-1h-2025-03-02-04-00-00.txt,bruhl,active,20.458820551759047,23.986740467404672,20.069478908188582,3.91726155921609,0,1,265.0,22.18159424091391,22.16353988647461,22.17130476630839,0.33968561223009713,0.01805435443930037,22.175275216860154,22.180691523191943,23.223731159385817,22.987380884316448,temporal_shift
predictive_simple_fusion_greedy,52,inside-out/active/bruhl/2025-03-02/ping-frntdeu1-2a0d:3341:b100:1e99::1-10ms-1h-2025-03-02-02-00-00.txt,bruhl,active,20.13179845708775,22.22624908603461,20.596300893743795,1.629948192290815,0,1,257.667,22.31604678120675,22.664878845214844,22.479211148605955,0.47211985611935886,0.34883206400809286,22.438138003609584,22.54278762281201,23.66802977974133,23.412399568258678,temporal_shift
predictive_simple_fusion_greedy,53,inside-out/active/bruhl/2025-03-02/ping-frntdeu1-2a0d:3341:b100:1e99::1-10ms-1h-2025-03-02-02-00-00.txt,bruhl,active,22.22624908603461,28.69517554334846,20.62198079838302,8.073194744965438,0,1,258.834,22.895490925344347,22.448667526245117,22.88052913088544,0.2098762583139292,0.4468233990992303,22.739102735659618,22.873149755389388,24.077716347518333,24.136341477836446,temporal_shift
predictive_simple_fusion_greedy,54,inside-out/active/bruhl/2025-03-02/ping-frntdeu1-2a0d:3341:b100:1e99::1-10ms-1h-2025-03-02-09-00-00.txt,bruhl,active,20.63209197700575,23.170796019900497,21.13926191696566,2.031534102934838,0,1,263.833,22.569258963912944,23.28299331665039,22.62620756318154,0.19674470660635116,0.7137343527374469,22.819065987371047,23.03318629319228,23.502662773891156,23.83345640922088,temporal_shift
predictive_simple_fusion_greedy,55,inside-out/active/bruhl/2025-03-02/ping-frntdeu1-2a0d:3341:b100:1e99::1-10ms-1h-2025-03-02-01-00-00.txt,bruhl,active,21.65060613876709,20.780806331931736,20.780806331931736,0.0,1,1,260.292,22.388744793292062,23.11507225036621,22.761706494599515,0.2998772142391139,0.7263274570741487,22.642959403268016,22.86085764039026,23.903019204261906,23.84989518508073,temporal_shift
predictive_simple_fusion_greedy,56,inside-out/active/bruhl/2025-03-01/ping-frntdeu1-2a0d:3341:b100:1e99::1-10ms-1h-2025-03-01-04-00-00.txt,bruhl,active,21.42508450024143,22.9062954602458,21.17579214195184,1.7305033182939624,0,1,258.834,22.835732736917635,22.476451873779297,22.853564187335408,0.2712723269149609,0.35928086313833774,22.709984434819216,22.817768693760716,23.8555389100045,23.795929602812755,temporal_shift
predictive_simple_fusion_greedy,57,inside-out/active/bruhl/2025-03-01/ping-frntdeu1-2a0d:3341:b100:1e99::1-10ms-1h-2025-03-01-04-00-00.txt,bruhl,active,22.9062954602458,23.509030998291433,20.59482673267327,2.9142042656181637,0,1,261.584,22.38277182657839,23.978527069091797,22.77146389057098,0.31909784374606065,1.5957552425134054,22.94128616145808,23.4200127342121,24.18673856183503,24.755539546917948,temporal_shift
predictive_simple_fusion_greedy,58,inside-out/active/bruhl/2025-03-02/ping-frntdeu1-2a0d:3341:b100:1e99::1-10ms-1h-2025-03-02-00-00-00.txt,bruhl,active,21.655938697318007,25.23721722208708,20.75279534530736,4.48442187677972,0,1,270.458,22.39887959891712,24.674333572387695,22.500418654947055,0.3003509647650503,2.275453973470576,23.19528848963182,23.877924681672994,23.59407402204348,24.97386222254269,temporal_shift
predictive_simple_fusion_greedy,59,inside-out/active/bruhl/2025-03-02/ping-frntdeu1-2a0d:3341:b100:1e99::1-10ms-1h-2025-03-02-09-00-00.txt,bruhl,active,20.75279534530736,19.0,19.0,0.0,1,1,256.083,22.61433853746894,22.989450454711914,22.904697090882095,0.44655537023314473,0.3751119172429753,22.74562770850398,22.858161283676875,24.074459144372103,23.730518001216318,temporal_shift
predictive_consensus_greedy,47,inside-out/active/brisbane/2025-03-29/ping--2406:2d40:4600:8118::1-10ms-1h-2025-03-29-02-00-00.txt,brisbane,active,27.7485584941625,35.6140397672163,35.6140397672163,0.0,1,1,145.959,32.79760863012416,33.31794357299805,33.247631837150806,1.4119031577208576,0.5203349428738875,32.97972586013002,33.13582634299218,35.8850512582437,34.76635189008182,temporal_shift
predictive_consensus_greedy,48,inside-out/active/brisbane/2025-03-29/ping--2406:2d40:4600:8118::1-10ms-1h-2025-03-29-02-00-00.txt,brisbane,active,35.6140397672163,27.973393160320157,27.973393160320157,0.0,1,1,140.458,34.57739027834032,32.20564270019531,34.22440911452741,0.9016912883018303,2.371747578145005,33.747278625989566,34.45880289943307,36.37161503514617,37.115614142897954,temporal_shift
predictive_consensus_greedy,49,inside-out/active/brisbane/2025-03-29/ping--2406:2d40:4600:8118::1-10ms-1h-2025-03-29-02-00-00.txt,brisbane,active,27.973393160320157,35.63712515489467,35.63712515489467,0.0,1,1,138.542,32.0355085041283,32.589515686035156,31.941626787771934,0.23647622895533565,0.5540071819068544,32.2294110177957,32.39561317236775,33.87182183906395,34.203851770133944,temporal_shift
predictive_consensus_greedy,50,inside-out/active/bruhl/2025-03-02/ping-frntdeu1-2a0d:3341:b100:1e99::1-10ms-1h-2025-03-02-06-00-00.txt,bruhl,active,21.906589147286823,22.849779843444228,20.44888777805549,2.4008920653887387,0,1,264.125,22.05065590957929,22.600170135498047,22.213429630611564,0.23604912024847588,0.549514225918756,22.242985888650857,22.407840156426484,23.22529548113708,23.297620589357518,temporal_shift
predictive_consensus_greedy,51,inside-out/active/bruhl/2025-03-02/ping-frntdeu1-2a0d:3341:b100:1e99::1-10ms-1h-2025-03-02-04-00-00.txt,bruhl,active,20.458820551759047,23.986740467404672,20.069478908188582,3.91726155921609,0,1,260.0,22.18159424091391,22.16353988647461,22.17130476630839,0.33968561223009713,0.01805435443930037,22.175275216860154,22.180691523191943,23.223731159385817,22.987380884316448,temporal_shift
predictive_consensus_greedy,52,inside-out/active/bruhl/2025-03-02/ping-frntdeu1-2a0d:3341:b100:1e99::1-10ms-1h-2025-03-02-02-00-00.txt,bruhl,active,20.13179845708775,22.22624908603461,20.596300893743795,1.629948192290815,0,1,264.708,22.31604678120675,22.664878845214844,22.479211148605955,0.47211985611935886,0.34883206400809286,22.438138003609584,22.54278762281201,23.66802977974133,23.412399568258678,temporal_shift
predictive_consensus_greedy,53,inside-out/active/bruhl/2025-03-02/ping-frntdeu1-2a0d:3341:b100:1e99::1-10ms-1h-2025-03-02-02-00-00.txt,bruhl,active,22.22624908603461,28.69517554334846,20.62198079838302,8.073194744965438,0,1,259.917,22.895490925344347,22.448667526245117,22.88052913088544,0.2098762583139292,0.4468233990992303,22.739102735659618,22.873149755389388,24.077716347518333,24.136341477836446,temporal_shift
predictive_consensus_greedy,54,inside-out/active/bruhl/2025-03-02/ping-frntdeu1-2a0d:3341:b100:1e99::1-10ms-1h-2025-03-02-09-00-00.txt,bruhl,active,20.63209197700575,23.170796019900497,21.13926191696566,2.031534102934838,0,1,259.917,22.569258963912944,23.28299331665039,22.62620756318154,0.19674470660635116,0.7137343527374469,22.819065987371047,23.03318629319228,23.502662773891156,23.83345640922088,temporal_shift
predictive_consensus_greedy,55,inside-out/active/bruhl/2025-03-01/ping-frntdeu1-2a0d:3341:b100:1e99::1-10ms-1h-2025-03-01-11-00-00.txt,bruhl,active,22.029937076476283,22.01310262529833,20.780806331931736,1.2322962933665949,0,1,281.375,22.58285352749226,22.772062301635742,22.65669354177711,0.22117537173186183,0.1892087741434807,22.64907659844248,22.705839230685523,23.846185039772095,23.748370077295963,temporal_shift
predictive_consensus_greedy,56,inside-out/active/bruhl/2025-03-01/ping-frntdeu1-2a0d:3341:b100:1e99::1-10ms-1h-2025-03-01-04-00-00.txt,bruhl,active,21.42508450024143,22.9062954602458,21.17579214195184,1.7305033182939624,0,1,258.75,22.835732736917635,22.476451873779297,22.853564187335408,0.2712723269149609,0.35928086313833774,22.709984434819216,22.817768693760716,23.8555389100045,23.795929602812755,temporal_shift
predictive_consensus_greedy,57,inside-out/active/bruhl/2025-03-01/ping-frntdeu1-2a0d:3341:b100:1e99::1-10ms-1h-2025-03-01-04-00-00.txt,bruhl,active,22.9062954602458,23.509030998291433,20.59482673267327,2.9142042656181637,0,1,255.625,22.38277182657839,23.978527069091797,22.77146389057098,0.31909784374606065,1.5957552425134054,22.94128616145808,23.4200127342121,24.18673856183503,24.755539546917948,temporal_shift
predictive_consensus_greedy,58,inside-out/active/bruhl/2025-03-01/ping-frntdeu1-2a0d:3341:b100:1e99::1-10ms-1h-2025-03-01-00-00-00.txt,bruhl,active,21.582094763092268,22.15585844093735,20.75279534530736,1.4030630956299923,0,1,302.417,22.99788807798359,23.991046905517578,23.04248701069922,0.36525323183475594,0.9931588275339891,23.345493667620485,23.643441315880683,24.14305668583823,24.56938694989702,temporal_shift
predictive_consensus_greedy,59,inside-out/active/bruhl/2025-03-02/ping-frntdeu1-2a0d:3341:b100:1e99::1-10ms-1h-2025-03-02-09-00-00.txt,bruhl,active,20.75279534530736,19.0,19.0,0.0,1,1,254.75,22.61433853746894,22.989450454711914,22.904697090882095,0.44655537023314473,0.3751119172429753,22.74562770850398,22.858161283676875,24.074459144372103,23.730518001216318,temporal_shift
ensemble_uncertainty_selector,47,inside-out/active/brisbane/2025-03-29/ping--2406:2d40:4600:8118::1-10ms-1h-2025-03-29-02-00-00.txt,brisbane,active,27.7485584941625,35.6140397672163,35.6140397672163,0.0,1,1,152.667,32.79760863012416,33.31794357299805,33.247631837150806,1.4119031577208576,0.5203349428738875,32.97972586013002,33.13582634299218,35.8850512582437,34.76635189008182,temporal_shift
ensemble_uncertainty_selector,48,inside-out/active/brisbane/2025-03-29/ping--2406:2d40:4600:8118::1-10ms-1h-2025-03-29-02-00-00.txt,brisbane,active,35.6140397672163,27.973393160320157,27.973393160320157,0.0,1,1,151.0,34.57739027834032,32.20564270019531,34.22440911452741,0.9016912883018303,2.371747578145005,33.747278625989566,34.45880289943307,36.37161503514617,37.115614142897954,temporal_shift
ensemble_uncertainty_selector,49,inside-out/active/brisbane/2025-03-29/ping--2406:2d40:4600:8118::1-10ms-1h-2025-03-29-02-00-00.txt,brisbane,active,27.973393160320157,35.63712515489467,35.63712515489467,0.0,1,1,138.25,32.0355085041283,32.589515686035156,31.941626787771934,0.23647622895533565,0.5540071819068544,32.2294110177957,32.39561317236775,33.87182183906395,34.203851770133944,temporal_shift
ensemble_uncertainty_selector,50,inside-out/active/bruhl/2025-03-02/ping-frntdeu1-2a0d:3341:b100:1e99::1-10ms-1h-2025-03-02-06-00-00.txt,bruhl,active,21.906589147286823,22.849779843444228,20.44888777805549,2.4008920653887387,0,1,262.834,22.05065590957929,22.600170135498047,22.213429630611564,0.23604912024847588,0.549514225918756,22.242985888650857,22.407840156426484,23.22529548113708,23.297620589357518,temporal_shift
ensemble_uncertainty_selector,51,inside-out/active/bruhl/2025-03-02/ping-frntdeu1-2a0d:3341:b100:1e99::1-10ms-1h-2025-03-02-04-00-00.txt,bruhl,active,20.458820551759047,23.986740467404672,20.069478908188582,3.91726155921609,0,1,267.167,22.18159424091391,22.16353988647461,22.17130476630839,0.33968561223009713,0.01805435443930037,22.175275216860154,22.180691523191943,23.223731159385817,22.987380884316448,temporal_shift
ensemble_uncertainty_selector,52,inside-out/active/bruhl/2025-03-01/ping-frntdeu1-2a0d:3341:b100:1e99::1-10ms-1h-2025-03-01-01-00-00.txt,bruhl,active,20.069478908188582,26.109423828125,20.596300893743795,5.5131229343812045,0,1,261.709,22.510293523651853,23.327316284179688,22.621783423953307,0.351164033150341,0.8170227605278342,22.796251489836596,23.041358317994945,23.64177306375801,23.879677208989676,temporal_shift
ensemble_uncertainty_selector,53,inside-out/active/bruhl/2025-03-01/ping-frntdeu1-2a0d:3341:b100:1e99::1-10ms-1h-2025-03-01-04-00-00.txt,bruhl,active,20.8537343358396,20.851403061224488,20.62198079838302,0.22942226284146727,0,1,259.834,22.936189328087494,22.597959518432617,22.881777949848892,0.21655765804118954,0.3382298096548766,22.817808894708286,22.91927783760475,23.896231564908774,23.940428113961175,temporal_shift
ensemble_uncertainty_selector,54,inside-out/active/bruhl/2025-03-01/ping-frntdeu1-2a0d:3341:b100:1e99::1-10ms-1h-2025-03-01-11-00-00.txt,bruhl,active,20.62198079838302,22.029937076476283,21.13926191696566,0.890675159510625,0,1,260.041,22.53874366103628,23.65190315246582,22.314335624990594,0.37534332390701897,1.113159491429542,22.92834948303662,23.262297330465483,23.464938082378477,24.242708244066055,temporal_shift
ensemble_uncertainty_selector,55,inside-out/active/bruhl/2025-03-01/ping-frntdeu1-2a0d:3341:b100:1e99::1-10ms-1h-2025-03-01-11-00-00.txt,bruhl,active,22.029937076476283,22.01310262529833,20.780806331931736,1.2322962933665949,0,1,257.584,22.58285352749226,22.772062301635742,22.65669354177711,0.22117537173186183,0.1892087741434807,22.64907659844248,22.705839230685523,23.846185039772095,23.748370077295963,temporal_shift
ensemble_uncertainty_selector,56,inside-out/active/bruhl/2025-03-02/ping-frntdeu1-2a0d:3341:b100:1e99::1-10ms-1h-2025-03-02-09-00-00.txt,bruhl,active,21.538257768721344,25.36848499285374,21.17579214195184,4.192692850901903,0,1,262.917,22.605816392191628,22.93202018737793,22.598808183480187,0.2448843081628963,0.32620379518630216,22.719987720506833,22.817848859062725,23.636461175220067,23.70445899919906,temporal_shift
ensemble_uncertainty_selector,57,inside-out/active/bruhl/2025-03-02/ping-frntdeu1-2a0d:3341:b100:1e99::1-10ms-1h-2025-03-02-00-00-00.txt,bruhl,active,21.458488196885988,21.655938697318007,20.59482673267327,1.0611119646447378,0,1,258.709,22.78562441629765,24.45357894897461,22.83527336287752,0.24802553701632382,1.6679545326769585,23.369408502734586,23.869794862537674,23.821299027633867,24.83659682779947,temporal_shift
ensemble_uncertainty_selector,58,inside-out/active/bruhl/2025-03-02/ping-frntdeu1-2a0d:3341:b100:1e99::1-10ms-1h-2025-03-02-00-00-00.txt,bruhl,active,21.655938697318007,25.23721722208708,20.75279534530736,4.48442187677972,0,1,260.292,22.39887959891712,24.674333572387695,22.500418654947055,0.3003509647650503,2.275453973470576,23.19528848963182,23.877924681672994,23.59407402204348,24.97386222254269,temporal_shift
ensemble_uncertainty_selector,59,inside-out/active/bruhl/2025-03-02/ping-frntdeu1-2a0d:3341:b100:1e99::1-10ms-1h-2025-03-02-09-00-00.txt,bruhl,active,20.75279534530736,19.0,19.0,0.0,1,1,252.917,22.61433853746894,22.989450454711914,22.904697090882095,0.44655537023314473,0.3751119172429753,22.74562770850398,22.858161283676875,24.074459144372103,23.730518001216318,temporal_shift
disagreement_aware_selector,47,inside-out/active/brisbane/2025-03-29/ping--2406:2d40:4600:8118::1-10ms-1h-2025-03-29-02-00-00.txt,brisbane,active,27.7485584941625,35.6140397672163,35.6140397672163,0.0,1,1,149.042,32.79760863012416,33.31794357299805,33.247631837150806,1.4119031577208576,0.5203349428738875,32.97972586013002,33.13582634299218,35.8850512582437,34.76635189008182,temporal_shift
disagreement_aware_selector,48,inside-out/active/brisbane/2025-03-29/ping--2406:2d40:4600:8118::1-10ms-1h-2025-03-29-02-00-00.txt,brisbane,active,35.6140397672163,27.973393160320157,27.973393160320157,0.0,1,1,142.791,34.57739027834032,32.20564270019531,34.22440911452741,0.9016912883018303,2.371747578145005,33.747278625989566,34.45880289943307,36.37161503514617,37.115614142897954,temporal_shift
disagreement_aware_selector,49,inside-out/active/brisbane/2025-03-29/ping--2406:2d40:4600:8118::1-10ms-1h-2025-03-29-02-00-00.txt,brisbane,active,27.973393160320157,35.63712515489467,35.63712515489467,0.0,1,1,139.417,32.0355085041283,32.589515686035156,31.941626787771934,0.23647622895533565,0.5540071819068544,32.2294110177957,32.39561317236775,33.87182183906395,34.203851770133944,temporal_shift
disagreement_aware_selector,50,inside-out/active/bruhl/2025-03-02/ping-frntdeu1-2a0d:3341:b100:1e99::1-10ms-1h-2025-03-02-06-00-00.txt,bruhl,active,21.906589147286823,22.849779843444228,20.44888777805549,2.4008920653887387,0,1,266.334,22.05065590957929,22.600170135498047,22.213429630611564,0.23604912024847588,0.549514225918756,22.242985888650857,22.407840156426484,23.22529548113708,23.297620589357518,temporal_shift
disagreement_aware_selector,51,inside-out/active/bruhl/2025-03-02/ping-frntdeu1-2a0d:3341:b100:1e99::1-10ms-1h-2025-03-02-04-00-00.txt,bruhl,active,20.458820551759047,23.986740467404672,20.069478908188582,3.91726155921609,0,1,264.875,22.18159424091391,22.16353988647461,22.17130476630839,0.33968561223009713,0.01805435443930037,22.175275216860154,22.180691523191943,23.223731159385817,22.987380884316448,temporal_shift
disagreement_aware_selector,52,inside-out/active/bruhl/2025-03-02/ping-frntdeu1-2a0d:3341:b100:1e99::1-10ms-1h-2025-03-02-02-00-00.txt,bruhl,active,20.13179845708775,22.22624908603461,20.596300893743795,1.629948192290815,0,1,260.667,22.31604678120675,22.664878845214844,22.479211148605955,0.47211985611935886,0.34883206400809286,22.438138003609584,22.54278762281201,23.66802977974133,23.412399568258678,temporal_shift
disagreement_aware_selector,53,inside-out/active/bruhl/2025-03-01/ping-frntdeu1-2a0d:3341:b100:1e99::1-10ms-1h-2025-03-01-04-00-00.txt,bruhl,active,20.8537343358396,20.851403061224488,20.62198079838302,0.22942226284146727,0,1,261.625,22.936189328087494,22.597959518432617,22.881777949848892,0.21655765804118954,0.3382298096548766,22.817808894708286,22.91927783760475,23.896231564908774,23.940428113961175,temporal_shift
disagreement_aware_selector,54,inside-out/active/bruhl/2025-03-02/ping-frntdeu1-2a0d:3341:b100:1e99::1-10ms-1h-2025-03-02-09-00-00.txt,bruhl,active,20.63209197700575,23.170796019900497,21.13926191696566,2.031534102934838,0,1,260.833,22.569258963912944,23.28299331665039,22.62620756318154,0.19674470660635116,0.7137343527374469,22.819065987371047,23.03318629319228,23.502662773891156,23.83345640922088,temporal_shift
disagreement_aware_selector,55,inside-out/active/bruhl/2025-03-01/ping-frntdeu1-2a0d:3341:b100:1e99::1-10ms-1h-2025-03-01-11-00-00.txt,bruhl,active,22.029937076476283,22.01310262529833,20.780806331931736,1.2322962933665949,0,1,260.75,22.58285352749226,22.772062301635742,22.65669354177711,0.22117537173186183,0.1892087741434807,22.64907659844248,22.705839230685523,23.846185039772095,23.748370077295963,temporal_shift
disagreement_aware_selector,56,inside-out/active/bruhl/2025-03-02/ping-frntdeu1-2a0d:3341:b100:1e99::1-10ms-1h-2025-03-02-09-00-00.txt,bruhl,active,21.538257768721344,25.36848499285374,21.17579214195184,4.192692850901903,0,1,263.042,22.605816392191628,22.93202018737793,22.598808183480187,0.2448843081628963,0.32620379518630216,22.719987720506833,22.817848859062725,23.636461175220067,23.70445899919906,temporal_shift
disagreement_aware_selector,57,inside-out/active/bruhl/2025-03-02/ping-frntdeu1-2a0d:3341:b100:1e99::1-10ms-1h-2025-03-02-01-00-00.txt,bruhl,active,22.1087841191067,23.286052894211576,20.59482673267327,2.6912261615383066,0,1,258.125,22.831931665656157,23.82318687438965,22.912560658814858,0.2619626290707997,0.9912552087334916,23.17887098871288,23.47624755133293,24.03610852000687,24.50244896159519,temporal_shift
disagreement_aware_selector,58,inside-out/active/bruhl/2025-03-01/ping-frntdeu1-2a0d:3341:b100:1e99::1-10ms-1h-2025-03-01-00-00-00.txt,bruhl,active,21.582094763092268,22.15585844093735,20.75279534530736,1.4030630956299923,0,1,256.625,22.99788807798359,23.991046905517578,23.04248701069922,0.36525323183475594,0.9931588275339891,23.345493667620485,23.643441315880683,24.14305668583823,24.56938694989702,temporal_shift
disagreement_aware_selector,59,inside-out/active/bruhl/2025-03-02/ping-frntdeu1-2a0d:3341:b100:1e99::1-10ms-1h-2025-03-02-09-00-00.txt,bruhl,active,20.75279534530736,19.0,19.0,0.0,1,1,257.708,22.61433853746894,22.989450454711914,22.904697090882095,0.44655537023314473,0.3751119172429753,22.74562770850398,22.858161283676875,24.074459144372103,23.730518001216318,temporal_shift
random,0,inside-out/active/bruhl/2025-03-01/ping-frntdeu1-2a0d:3341:b100:1e99::1-10ms-1h-2025-03-01-13-00-00.txt,bruhl,active,29.38771578684013,40.57087635689701,20.71283367556468,19.85804268133233,0,1,444.333,33.296256490341875,36.470272064208984,33.846067681112146,3.3806657038235497,3.174015573867109,34.40716194119536,35.3593666133555,38.0395948054776,37.334796017239995,site_holdout
random,1,inside-out/active/bruhl/2025-03-02/ping-frntdeu1-2a0d:3341:b100:1e99::1-10ms-1h-2025-03-02-03-00-00.txt,bruhl,active,27.220705709384955,33.399157790438444,21.105583756345176,12.293574034093268,0,1,294.209,30.789944531407855,32.9340934753418,32.37119234836223,2.036508929854308,2.144148943933942,31.540396661784737,32.18364134496492,36.20477279920895,34.704254992814306,site_holdout
random,2,inside-out/active/bruhl/2025-03-01/ping-frntdeu1-2a0d:3341:b100:1e99::1-10ms-1h-2025-03-01-01-00-00.txt,bruhl,active,25.311986652977417,22.85916585838991,20.28618881118881,2.5729770472010998,0,1,278.25,31.317030467106633,40.11393356323242,31.00440325012207,2.0937744220529684,8.796903096125789,34.39594655075066,37.0350174795884,34.54012713806279,39.88010086060197,site_holdout
random,3,inside-out/active/bruhl/2025-03-01/ping-frntdeu1-2a0d:3341:b100:1e99::1-10ms-1h-2025-03-01-15-00-00.txt,bruhl,active,24.25518255329576,23.06587478346944,20.13326633165829,2.9326084518111486,0,1,264.417,31.395179753913908,37.51922607421875,32.2224573625417,1.4587092924529241,6.124046320304842,33.53859596602061,35.375809862112064,34.8596588115831,37.53138397384424,site_holdout
random,4,inside-out/active/bruhl/2025-03-01/ping-frntdeu1-2a0d:3341:b100:1e99::1-10ms-1h-2025-03-01-02-00-00.txt,bruhl,active,27.83498366423725,27.16546184738956,20.880678314491263,6.284783532898299,0,1,262.916,32.79992789951575,33.95357131958008,33.88152630734848,1.7872407032060442,1.153643420064327,33.20370309653826,33.54979612255756,38.01322192976887,36.45642555957985,site_holdout
random,5,inside-out/active/bruhl/2025-03-01/ping-frntdeu1-2a0d:3341:b100:1e99::1-10ms-1h-2025-03-01-16-00-00.txt,bruhl,active,26.42394437420986,24.88748717948718,20.2340598073999,4.6534273720872825,0,1,258.125,30.38016834735481,40.026710510253906,31.62858833102667,2.483503752830623,9.646542162899095,33.75645810436949,36.650420753239224,35.05701433357655,39.18087315745604,site_holdout
random,6,inside-out/active/bruhl/2025-03-02/ping-frntdeu1-2a0d:3341:b100:1e99::1-10ms-1h-2025-03-02-06-00-00.txt,bruhl,active,22.24912150457807,22.435783071464776,20.65521835677276,1.7805647146920158,0,1,258.791,28.708210077657895,34.27448654174805,29.99697700431716,2.711829844419919,5.566276464090151,30.65640684008945,32.3262897793165,33.33829886630058,34.19036690439398,site_holdout
random,7,inside-out/active/bruhl/2025-03-01/ping-frntdeu1-2a0d:3341:b100:1e99::1-10ms-1h-2025-03-01-04-00-00.txt,bruhl,active,20.897625733980085,22.093841712773635,21.00799489144317,1.0858468213304668,0,1,263.042,27.936118547729166,36.420406341552734,29.306528742371118,3.2873347612670245,8.484287793823569,30.905619275567414,33.45090561371448,32.73833295091921,35.26563753069467,site_holdout
random,8,inside-out/active/bruhl/2025-03-01/ping-frntdeu1-2a0d:3341:b100:1e99::1-10ms-1h-2025-03-01-18-00-00.txt,bruhl,active,21.00799489144317,22.749379344587886,20.726799007444168,2.0225803371437188,0,1,260.917,30.402084921109235,39.572139739990234,31.165772863950735,1.661391335530044,9.170054818880999,33.61160410771758,36.36262055338188,33.53846275935658,38.40627242902829,site_holdout
random,9,inside-out/active/bruhl/2025-03-01/ping-frntdeu1-2a0d:3341:b100:1e99::1-10ms-1h-2025-03-01-05-00-00.txt,bruhl,active,27.55455915599096,22.71952707856598,20.73554078240859,1.98398629615739,0,1,267.125,30.788508511939654,37.14286804199219,31.677493248743353,2.4120161725466485,6.354359530052534,33.01253434745804,34.918842206473805,35.616417775177354,37.68419055650307,site_holdout
random,10,inside-out/active/bruhl/2025-03-01/ping-frntdeu1-2a0d:3341:b100:1e99::1-10ms-1h-2025-03-01-19-00-00.txt,bruhl,active,26.970840397190603,24.18754466564574,20.62792480831066,3.559619857335079,0,1,269.083,33.14081945815178,32.101844787597656,34.36480220241399,1.6476302084057293,1.0389746705541256,32.77717832345783,33.08887072462407,37.77077168654404,35.778604887726885,site_holdout
random,11,inside-out/active/bruhl/2025-03-02/ping-frntdeu1-2a0d:3341:b100:1e99::1-10ms-1h-2025-03-02-09-00-00.txt,bruhl,active,24.14765702891326,20.360533672172807,20.360533672172807,0.0,1,1,255.209,30.26731498704885,35.6401481628418,31.703704549350945,2.5018766705802014,5.372833175792948,32.14780659857638,33.759656551314265,34.892544393892756,35.60937221050022,site_holdout
random,12,inside-out/active/bruhl/2025-03-01/ping-frntdeu1-2a0d:3341:b100:1e99::1-10ms-1h-2025-03-01-07-00-00.txt,bruhl,active,31.04058262179809,26.463725,19.729985007496257,6.733739992503743,0,1,257.5,33.40971842507315,40.02223587036133,33.807919889133586,1.6481973181029013,6.6125174452881765,35.724099530924015,37.707854764510465,38.111753537572085,41.43679216890061,site_holdout
random,13,inside-out/active/bruhl/2025-03-02/ping-frntdeu1-2a0d:3341:b100:1e99::1-10ms-1h-2025-03-02-10-00-00.txt,bruhl,active,21.228443190561684,26.219620094976257,21.172549498900025,5.047070596076232,0,1,256.5,29.97670261354415,38.09687805175781,30.629308787146638,2.0712253006168093,8.120175438213664,32.818764016918934,35.254816648383034,33.24462580037886,37.12873222997401,site_holdout
random,14,inside-out/active/bruhl/2025-03-01/ping-frntdeu1-2a0d:3341:b100:1e99::1-10ms-1h-2025-03-01-08-00-00.txt,bruhl,active,28.86560934891486,25.770645645645647,21.396557079989645,4.3740885656560025,0,1,258.208,33.70725045319068,34.98817825317383,33.47117125313684,1.5131751715779163,1.2809277999831465,34.15557518318478,34.53985352317972,36.472831951154134,36.53472562251189,site_holdout
random,15,inside-out/active/bruhl/2025-03-01/ping-frntdeu1-2a0d:3341:b100:1e99::1-10ms-1h-2025-03-01-22-00-00.txt,bruhl,active,24.517091769655536,29.401147991015723,19.798456477732795,9.602691513282927,0,1,255.25,31.306941815631035,38.60426330566406,31.802538860736693,1.4754923865952183,7.297321490033028,33.86100433714259,36.050200784152494,35.02668116343251,38.89745594590521,site_holdout
random,16,inside-out/active/bruhl/2025-03-02/ping-frntdeu1-2a0d:3341:b100:1e99::1-10ms-1h-2025-03-02-12-00-00.txt,bruhl,active,36.02399411187439,23.771926829268292,20.071084941117515,3.7008418881507765,0,1,313.459,35.607473912688874,40.22349548339844,36.313194926841405,1.230617285393635,4.616021570709563,37.22308146243722,38.60788793365009,42.02797609383304,43.861308293667456,site_holdout
random,17,inside-out/active/bruhl/2025-03-01/ping-frntdeu1-2a0d:3341:b100:1e99::1-10ms-1h-2025-03-01-10-00-00.txt,bruhl,active,21.277889700327375,23.071372644971863,19.37195544554455,3.6994171994273124,0,1,254.042,28.86056778485272,36.46049118041992,30.059380098141496,2.6483282189127597,7.5999233955672025,31.520540973301237,33.8005179919714,33.1711808755784,35.686064944780455,site_holdout
random,18,inside-out/active/bruhl/2025-03-01/ping-frntdeu1-2a0d:3341:b100:1e99::1-10ms-1h-2025-03-01-10-00-00.txt,bruhl,active,23.071372644971863,24.55142640747286,20.677525252525253,3.873901154947607,0,1,258.417,29.43982222010345,35.420936584472656,30.63818091675786,2.5727075119245066,5.981114364369205,31.533212247632672,33.32754655694343,33.94462235971009,35.3025688023892,site_holdout
random,19,inside-out/active/bruhl/2025-03-01/ping-frntdeu1-2a0d:3341:b100:1e99::1-10ms-1h-2025-03-01-11-00-00.txt,bruhl,active,24.26618740704016,23.542348565356004,20.94179447852761,2.600554086828396,0,1,255.959,30.053357597128525,34.99074935913086,31.026838826332796,2.5831100182089592,4.937391762002335,31.78144471382934,33.26266224243004,34.57511632245311,35.367346401093876,site_holdout
random,20,inside-out/active/bruhl/2025-03-02/ping-frntdeu1-2a0d:3341:b100:1e99::1-10ms-1h-2025-03-02-01-00-00.txt,bruhl,active,26.337393548387094,20.44975882203605,19.77495612935573,0.6748026926803199,0,1,256.291,30.106105110289718,42.07012176513672,31.15406033331,2.2276465364149516,11.964016654847,34.29351093948617,37.88271593594027,35.80530801188184,42.0596303776856,site_holdout
random,21,inside-out/active/bruhl/2025-03-01/ping-frntdeu1-2a0d:3341:b100:1e99::1-10ms-1h-2025-03-01-12-00-00.txt,bruhl,active,24.158544542032622,23.379335976214072,20.51191919191919,2.867416784294882,0,1,256.875,30.080529816766102,35.33036804199219,30.991163064876453,2.505433847116193,5.249838225226085,31.91797319559523,33.49292466316306,34.34945765284944,35.497127688321505,site_holdout
random,22,inside-out/active/bruhl/2025-03-01/ping-frntdeu1-2a0d:3341:b100:1e99::1-10ms-1h-2025-03-01-13-00-00.txt,bruhl,active,23.151875642343267,24.35047782406273,20.78126399601891,3.569213828043818,0,1,252.958,30.841690185699008,38.59247589111328,31.44240266467476,1.890196689684186,7.750785705414273,33.554465182594,35.87970089421828,34.17409810667607,37.968827389497875,site_holdout
random,23,inside-out/active/bruhl/2025-03-01/ping-frntdeu1-2a0d:3341:b100:1e99::1-10ms-1h-2025-03-01-00-00-00.txt,bruhl,active,20.78126399601891,25.691423001949317,19.5905023744064,6.100920627542916,0,1,685.0,30.3896642799682,32.491119384765625,30.71077086494654,2.0551688991587294,2.1014551047974237,31.125173566647298,31.755610098086525,33.48002359282792,33.1936316620786,site_holdout
random,24,inside-out/active/bruhl/2025-03-01/ping-frntdeu1-2a0d:3341:b100:1e99::1-10ms-1h-2025-03-01-01-00-00.txt,bruhl,active,23.193178989295493,22.598756154444157,20.604673379808933,1.994082774635224,0,1,397.334,30.71342686853859,36.86130905151367,31.19984448399508,2.2131678128205623,6.147882182975081,32.865185632579866,34.70955028747239,34.49943199383287,36.96405015599227,site_holdout
random,25,inside-out/active/bruhl/2025-03-02/ping-frntdeu1-2a0d:3341:b100:1e99::1-10ms-1h-2025-03-02-04-00-00.txt,bruhl,active,21.503425012973533,22.81045364891519,20.34140703517588,2.469046613739309,0,1,454.334,27.84315289225833,40.15430450439453,28.99890713431158,2.943797175653801,12.3111516121362,32.152055956506,35.84540144014686,32.327078415899834,38.196840001208386,site_holdout
random,26,inside-out/active/bruhl/2025-03-01/ping-frntdeu1-2a0d:3341:b100:1e99::1-10ms-1h-2025-03-01-02-00-00.txt,bruhl,active,20.90941031941032,21.86394135188867,21.017214654767496,0.8467266971211735,0,1,475.25,28.938456151619903,37.725830078125,29.812193343831602,2.7077498291676974,8.787373926505097,32.014037025896684,34.65024920384821,33.02459897954395,36.71057986033531,site_holdout
random,27,inside-out/active/bruhl/2025-03-01/ping-frntdeu1-2a0d:3341:b100:1e99::1-10ms-1h-2025-03-01-16-00-00.txt,bruhl,active,25.988121680347657,23.739117276166457,20.733073244399694,3.0060440317667627,0,1,326.375,31.43646385755892,34.76184844970703,32.12729223748229,2.178751480552964,3.3253845921481116,32.600348464810764,33.5979638424552,35.20842090029743,35.37756735407043,site_holdout
random,28,inside-out/active/bruhl/2025-03-01/ping-frntdeu1-2a0d:3341:b100:1e99::1-10ms-1h-2025-03-01-03-00-00.txt,bruhl,active,22.203138337936227,21.282998493219488,20.735983159980183,0.5470153332393046,0,1,275.5,29.61385253523622,37.0830192565918,30.240407995427095,2.574288064509647,7.4691667213555775,32.22806088771067,34.46881090411734,33.53841019247651,36.58301372492008,site_holdout
random,29,inside-out/active/bruhl/2025-03-01/ping-frntdeu1-2a0d:3341:b100:1e99::1-10ms-1h-2025-03-01-04-00-00.txt,bruhl,active,22.393945218644884,20.4912965798877,20.4912965798877,0.0,1,1,269.542,30.200530544306275,35.345726013183594,31.200316796346872,2.4312729702144145,5.1451954688773185,32.00134895841334,33.54490759907653,34.16053024825512,35.1961858702117,site_holdout
random,30,inside-out/active/bruhl/2025-03-02/ping-frntdeu1-2a0d:3341:b100:1e99::1-10ms-1h-2025-03-02-07-00-00.txt,bruhl,active,25.271421767087404,29.969476248477463,21.047496206373292,8.92198004210417,0,1,261.167,31.23195859642783,36.078041076660156,31.547255073499755,1.7198406185772634,4.846082480232326,32.92808746450915,34.381912208578846,34.413094732822806,36.44247965199218,site_holdout
random,31,inside-out/active/bruhl/2025-03-01/ping-frntdeu1-2a0d:3341:b100:1e99::1-10ms-1h-2025-03-01-05-00-00.txt,bruhl,active,21.06034614405701,23.704039887496805,20.748861949529935,2.9551779379668695,0,1,260.667,30.261646057912913,36.75886154174805,30.837228565093394,2.1438029005574024,6.497215483835134,32.53567147725521,34.484836122405746,33.62716922872691,36.31664615900473,site_holdout
random,32,inside-out/active/bruhl/2025-03-01/ping-frntdeu1-2a0d:3341:b100:1e99::1-10ms-1h-2025-03-01-19-00-00.txt,bruhl,active,23.982975043241908,28.26489146895507,19.962515754978572,8.302375713976499,0,1,256.0,29.490234227369,36.550132751464844,30.887763473259795,2.5834960209134885,7.059898524095843,31.961198710802545,34.079168268031296,34.11613807286296,36.07591070435893,site_holdout
random,33,inside-out/active/bruhl/2025-03-01/ping-frntdeu1-2a0d:3341:b100:1e99::1-10ms-1h-2025-03-01-06-00-00.txt,bruhl,active,19.962515754978572,23.406362515413072,20.64453380246293,2.761828712950141,0,1,257.916,27.55328822840147,36.48138427734375,28.846120953566633,2.9802424125933134,8.92809604894228,30.67812184553127,33.356550660213955,31.889901157373707,35.05795865947026,site_holdout
random,34,inside-out/active/bruhl/2025-03-01/ping-frntdeu1-2a0d:3341:b100:1e99::1-10ms-1h-2025-03-01-07-00-00.txt,bruhl,active,24.009758576874205,25.889450656295576,21.48294363770613,4.406507018589448,0,1,256.084,29.56769125881692,38.99630355834961,30.611608069154208,2.6110990321330303,9.428612299532688,32.86770556365336,35.696289253513164,34.264453999775554,38.33367213998801,site_holdout
random,35,inside-out/active/bruhl/2025-03-02/ping-frntdeu1-2a0d:3341:b100:1e99::1-10ms-1h-2025-03-02-10-00-00.txt,bruhl,active,22.929957805907172,26.48961137922276,20.164751826656587,6.324859552566174,0,1,257.833,28.72169531823056,38.58249282836914,29.811016251794033,2.4747545578692436,9.860797510138582,32.172974446779065,35.13121369982064,33.05820957547665,37.50842085611519,site_holdout
random,36,inside-out/active/bruhl/2025-03-01/ping-frntdeu1-2a0d:3341:b100:1e99::1-10ms-1h-2025-03-01-08-00-00.txt,bruhl,active,24.279854854854857,26.283597621407335,20.86603063017826,5.4175669912290765,0,1,255.958,30.387040275875734,36.285850524902344,30.919991593290515,2.5034185393362245,5.89881024902661,32.451623863035046,34.22126693774303,34.326971143352296,36.3405636082053,site_holdout
random,37,inside-out/active/bruhl/2025-03-01/ping-frntdeu1-2a0d:3341:b100:1e99::1-10ms-1h-2025-03-01-22-00-00.txt,bruhl,active,25.0950439453125,27.511207753479127,20.363096741601417,7.14811101187771,0,1,256.333,34.01774855364147,33.586822509765625,34.09344226005479,1.19448794284918,0.4309260438758429,33.866924438284926,33.99620225144768,36.783774790817894,36.00613184701181,site_holdout
random,38,inside-out/active/bruhl/2025-03-01/ping-frntdeu1-2a0d:3341:b100:1e99::1-10ms-1h-2025-03-01-09-00-00.txt,bruhl,active,24.505990899898887,23.665898504535427,18.971765564202336,4.694132940333091,0,1,254.083,31.231134996164656,36.921653747558594,31.857215737296592,1.92335389647015,5.690518751393938,33.222816559152534,34.929972184570715,35.178995285879154,37.37828818594006,site_holdout
random,39,inside-out/active/bruhl/2025-03-01/ping-frntdeu1-2a0d:3341:b100:1e99::1-10ms-1h-2025-03-01-10-00-00.txt,bruhl,active,23.901005025125627,23.42681549910187,21.30540060851927,2.1214148905825994,0,1,255.25,29.973205017583496,35.180179595947266,31.012006449234118,2.46086885697256,5.20697457836377,31.795646120010815,33.357738493519946,34.04031089592602,35.061088755318806,site_holdout
random,40,inside-out/active/bruhl/2025-03-01/ping-frntdeu1-2a0d:3341:b100:1e99::1-10ms-1h-2025-03-01-10-00-00.txt,bruhl,active,23.42681549910187,22.985311822778716,19.68281829419036,3.302493528588357,0,1,255.292,30.371987658612852,38.91104507446289,30.815060818007662,2.304908371647834,8.539057415850039,33.360657754160364,35.92237497891538,34.24538812104133,38.477926744798175,site_holdout
random,41,inside-out/active/bruhl/2025-03-01/ping-frntdeu1-2a0d:3341:b100:1e99::1-10ms-1h-2025-03-01-11-00-00.txt,bruhl,active,22.38736489963973,23.930179090029043,21.646034963263237,2.2841441267658062,0,1,256.083,32.42411922487918,38.399574279785156,32.67318883320898,2.4938285135485407,5.975455054905979,34.51552849409627,36.30816501056807,37.559958814588526,39.9221091122768,site_holdout
random,42,inside-out/active/bruhl/2025-03-02/ping-frntdeu1-2a0d:3341:b100:1e99::1-10ms-1h-2025-03-02-01-00-00.txt,bruhl,active,24.44104218362283,26.844292013718764,20.27023478919465,6.574057224524115,0,1,252.667,31.689359751149823,35.285179138183594,32.00903900120411,2.04495567034712,3.595819387033771,32.947896536611644,34.02664235272177,35.92850222144357,36.771970758904274,site_holdout
random,43,inside-out/active/bruhl/2025-03-01/ping-frntdeu1-2a0d:3341:b100:1e99::1-10ms-1h-2025-03-01-12-00-00.txt,bruhl,active,22.499598191863384,23.917904903417533,21.099264892268696,2.8186400111488368,0,1,253.875,29.778784610171897,36.096153259277344,30.628269243908775,2.252804754157516,6.317368649105447,31.989863637358805,33.88507423209044,33.57528287895747,35.774221166431545,site_holdout
random,44,inside-out/active/bruhl/2025-03-01/ping-frntdeu1-2a0d:3341:b100:1e99::1-10ms-1h-2025-03-01-13-00-00.txt,bruhl,active,27.789106753812636,26.52635310801229,20.49430331023865,6.032049797773642,0,1,282.917,31.36129455585251,36.52772521972656,32.02789266779328,2.0333824917289327,5.166430663874053,33.169545288208425,34.71947448737064,35.33465819805724,37.01784621522531,site_holdout
random,45,inside-out/active/bruhl/2025-03-01/ping-frntdeu1-2a0d:3341:b100:1e99::1-10ms-1h-2025-03-01-00-00-00.txt,bruhl,active,23.20818557201846,21.02388673765731,20.57347623966942,0.4504104979878889,0,1,254.458,31.253376581727025,32.82451629638672,31.76207278601103,1.978225464966816,1.5711397146596937,31.80327548185792,32.27461739625583,34.57623871839451,33.76222820138016,site_holdout
random,46,inside-out/active/bruhl/2025-03-01/ping-frntdeu1-2a0d:3341:b100:1e99::1-10ms-1h-2025-03-01-01-00-00.txt,bruhl,active,27.378888334995015,23.504803384768543,19.863144779466733,3.64165860530181,0,1,257.0,31.67113288401015,39.39015579223633,32.10212818553972,1.9106322111986263,7.719022908226179,34.37279090188931,36.68849777435717,36.16069756485665,40.08599528609774,site_holdout
random,47,inside-out/active/bruhl/2025-03-02/ping-frntdeu1-2a0d:3341:b100:1e99::1-10ms-1h-2025-03-02-04-00-00.txt,bruhl,active,26.3069967972407,23.46305133767173,20.61034654699576,2.8527047906759684,0,1,252.541,31.5618249592153,34.36799621582031,31.460146905690674,1.8494795062883493,2.806171256605012,32.54398489902705,33.385836276008554,34.8836835533421,35.70288041960423,site_holdout
random,48,inside-out/active/bruhl/2025-03-01/ping-frntdeu1-2a0d:3341:b100:1e99::1-10ms-1h-2025-03-01-02-00-00.txt,bruhl,active,24.088048108243548,25.65237975951904,20.629825,5.022554759519039,0,1,254.917,29.5723629530612,38.71108627319336,30.361183971266616,2.3827103575920274,9.138723320132158,32.770916115107454,35.5125331111471,33.55920675821866,37.83739546191834,site_holdout
random,49,inside-out/active/bruhl/2025-03-01/ping-frntdeu1-2a0d:3341:b100:1e99::1-10ms-1h-2025-03-01-16-00-00.txt,bruhl,active,22.581813725490196,24.910641711229943,21.08513931888545,3.825502392344493,0,1,498.625,30.655692650362653,33.85052490234375,30.865635149025202,1.8734513293803845,3.194832251981097,31.77388393855604,32.73233361415037,33.440461726642326,34.22155491993031,site_holdout
random,50,inside-out/active/bruhl/2025-03-01/ping-frntdeu1-2a0d:3341:b100:1e99::1-10ms-1h-2025-03-01-03-00-00.txt,bruhl,active,24.655419847328243,20.44888777805549,20.44888777805549,0.0,1,1,406.583,30.100248151004052,36.49225616455078,31.257968955344722,2.8340355990212602,6.392008013546729,32.33745095574541,34.25505335980943,35.18630318522883,36.69706169178226,site_holdout
random,51,inside-out/active/bruhl/2025-03-01/ping-frntdeu1-2a0d:3341:b100:1e99::1-10ms-1h-2025-03-01-04-00-00.txt,bruhl,active,22.393175591531755,23.018295426143464,20.069478908188582,2.9488165179548815,0,1,387.875,29.61820402522426,37.10618591308594,30.72385877255461,2.73558173340163,7.487981887861679,32.238997685975846,34.48539225233435,34.427619123605055,36.88626449211975,site_holdout
random,52,inside-out/active/bruhl/2025-03-02/ping-frntdeu1-2a0d:3341:b100:1e99::1-10ms-1h-2025-03-02-07-00-00.txt,bruhl,active,26.58480228680324,21.682807731434384,20.596300893743795,1.0865068376905889,0,1,320.375,32.302523081260915,35.975120544433594,32.800220848395355,1.991590249893573,3.6725974631726785,33.58793219337135,34.68971143232316,36.474464359585454,37.237522002410344,site_holdout
random,53,inside-out/active/bruhl/2025-03-01/ping-frntdeu1-2a0d:3341:b100:1e99::1-10ms-1h-2025-03-01-05-00-00.txt,bruhl,active,23.405839780384326,25.85693307655272,20.62198079838302,5.2349522781697,0,1,359.167,30.524082303577416,39.313377380371094,31.042079329493024,2.149434375011109,8.789295076793678,33.6003355804552,36.23712410349331,34.51339709111952,38.97529559154084,site_holdout
random,54,inside-out/active/bruhl/2025-03-01/ping-frntdeu1-2a0d:3341:b100:1e99::1-10ms-1h-2025-03-01-19-00-00.txt,bruhl,active,21.4102892244689,23.863647830474267,21.13926191696566,2.724385913508609,0,1,358.541,29.894474473846458,36.847652435302734,30.49085667605295,2.0336691155103974,6.9531779614562765,32.32808676035616,34.41404014879304,33.04542204043215,36.13867147268507,site_holdout
random,55,inside-out/active/bruhl/2025-03-01/ping-frntdeu1-2a0d:3341:b100:1e99::1-10ms-1h-2025-03-01-06-00-00.txt,bruhl,active,25.29561320754717,23.24929542645241,20.780806331931736,2.468489094520674,0,1,333.542,32.62325931902615,30.358394622802734,33.545815350257406,1.9567799974205287,2.2648646962234125,31.830556675347953,32.510016084214975,36.6518795832387,35.28092766724258,site_holdout
random,56,inside-out/active/bruhl/2025-03-01/ping-frntdeu1-2a0d:3341:b100:1e99::1-10ms-1h-2025-03-01-20-00-00.txt,bruhl,active,24.490243284338572,25.970713201820946,21.17579214195184,4.794921059869107,0,1,349.417,29.39678517533048,38.22055435180664,30.713096851472883,2.843177726807113,8.823769176476162,32.48510438709714,35.13223514003999,34.55644506320793,37.72557697431731,site_holdout
random,57,inside-out/active/bruhl/2025-03-02/ping-frntdeu1-2a0d:3341:b100:1e99::1-10ms-1h-2025-03-02-10-00-00.txt,bruhl,active,26.183045228510537,25.9915099009901,20.59482673267327,5.39668316831683,0,1,368.5,30.44622404564143,34.77579116821289,31.58835886747346,2.446405593926221,4.329567122571461,31.961572538541443,33.26044267531288,34.75378275304498,35.02401907769688,site_holdout
random,58,inside-out/active/bruhl/2025-03-01/ping-frntdeu1-2a0d:3341:b100:1e99::1-10ms-1h-2025-03-01-08-00-00.txt,bruhl,active,21.670523345305284,26.699448621553884,20.75279534530736,5.946653276246526,0,1,384.917,28.695106509710968,39.489620208740234,29.57990585172759,2.749569439659427,10.794513699029267,32.47318630437121,35.71154041407999,32.903791527791505,38.05270038030226,site_holdout
random,59,inside-out/active/bruhl/2025-03-02/ping-frntdeu1-2a0d:3341:b100:1e99::1-10ms-1h-2025-03-02-10-00-00.txt,bruhl,active,21.839370078740156,25.9,19.0,6.899999999999999,0,1,363.625,31.410743117196944,34.91550064086914,31.531560167350264,1.7601669455336728,3.504757523672197,32.63740825048221,33.68883550758387,33.99812834293253,35.185754226383104,site_holdout
best_historical_path,0,inside-out/active/bruhl/2025-03-01/ping-frntdeu1-2a0d:3341:b100:1e99::1-10ms-1h-2025-03-01-00-00-00.txt,bruhl,active,27.07407501267106,24.97766990291262,20.71283367556468,4.2648362273479385,0,1,362.5,32.349043247273585,37.26478958129883,32.81787180627111,3.743244036909238,4.915746334025243,34.06955446418242,35.54427836438999,36.97801271570249,37.38856087954196,site_holdout
best_historical_path,1,inside-out/active/bruhl/2025-03-01/ping-frntdeu1-2a0d:3341:b100:1e99::1-10ms-1h-2025-03-01-00-00-00.txt,bruhl,active,24.97766990291262,22.37728974294984,21.105583756345176,1.2717059866046654,0,1,300.916,29.51290007060561,34.74345779418945,30.990010599645693,1.9925132028221972,5.230557723583843,31.343595273859954,32.91276259093511,33.78392801140551,34.73535087293666,site_holdout
best_historical_path,2,inside-out/active/bruhl/2025-03-01/ping-frntdeu1-2a0d:3341:b100:1e99::1-10ms-1h-2025-03-01-00-00-00.txt,bruhl,active,22.37728974294984,23.073955597994747,20.28618881118881,2.7877667868059355,0,1,291.209,32.27994227292038,34.68937683105469,31.627215650717314,1.7554474658014372,2.4094345581343077,33.123244368267386,33.84607473570768,34.62305582174814,35.76627276320086,site_holdout
best_historical_path,3,inside-out/active/bruhl/2025-03-01/ping-frntdeu1-2a0d:3341:b100:1e99::1-10ms-1h-2025-03-01-00-00-00.txt,bruhl,active,23.073955597994747,42.303030303030305,20.13326633165829,22.169763971372014,0,1,275.625,30.83185395187411,35.06431198120117,31.924796290465824,2.157275214983837,4.232458029327063,32.31321426213858,33.5829516709367,34.94323339763876,35.40667816980446,site_holdout
best_historical_path,4,inside-out/active/bruhl/2025-03-01/ping-frntdeu1-2a0d:3341:b100:1e99::1-10ms-1h-2025-03-01-00-00-00.txt,bruhl,active,42.303030303030305,32.536741519350215,20.880678314491263,11.656063204858953,0,1,273.166,34.07593967181401,37.9598388671875,33.716926772990256,2.7144127715115,3.8838991953734876,35.43530439019473,36.600474148806775,38.07050362869217,39.30663134541242,site_holdout
best_historical_path,5,inside-out/active/bruhl/2025-03-01/ping-frntdeu1-2a0d:3341:b100:1e99::1-10ms-1h-2025-03-01-00-00-00.txt,bruhl,active,32.536741519350215,23.614710180224066,20.2340598073999,3.3806503728241672,0,1,270.667,36.43118027741002,37.12760925292969,37.109572657415974,1.7674639105343746,0.696428975519666,36.67493041884191,36.88385911149781,43.15293183135533,41.67126325008834,site_holdout
best_historical_path,6,inside-out/active/bruhl/2025-03-01/ping-frntdeu1-2a0d:3341:b100:1e99::1-10ms-1h-2025-03-01-00-00-00.txt,bruhl,active,23.614710180224066,22.99311127933384,20.65521835677276,2.3378929225610783,0,1,371.959,31.79179099419889,35.356842041015625,33.12208584807997,1.7173206828460088,3.565051046816734,33.03955886058475,34.10907417462977,36.21632669449295,36.271829613589915,site_holdout
best_historical_path,7,inside-out/active/bruhl/2025-03-01/ping-frntdeu1-2a0d:3341:b100:1e99::1-10ms-1h-2025-03-01-00-00-00.txt,bruhl,active,22.99311127933384,28.921536286522148,21.00799489144317,7.91354139507898,0,1,413.833,31.319408178678714,37.420230865478516,32.429053659262635,1.2162419757881724,6.100822686799802,33.454696119058646,35.28494292509858,34.70705692586734,37.26084697854214,site_holdout
best_historical_path,8,inside-out/active/bruhl/2025-03-01/ping-frntdeu1-2a0d:3341:b100:1e99::1-10ms-1h-2025-03-01-00-00-00.txt,bruhl,active,28.921536286522148,25.433851869050383,20.726799007444168,4.707052861606215,0,1,330.875,33.03395063438711,37.000701904296875,33.20009130125439,1.3988033491209517,3.9667512699097642,34.42231357885553,35.612338959828456,35.64253259618838,37.40235286991271,site_holdout
best_historical_path,9,inside-out/active/bruhl/2025-03-01/ping-frntdeu1-2a0d:3341:b100:1e99::1-10ms-1h-2025-03-01-00-00-00.txt,bruhl,active,25.433851869050383,25.882044198895027,20.73554078240859,5.146503416486436,0,1,289.375,33.43546617285847,32.900718688964844,33.299136833589756,1.376681076057314,0.534747483893625,33.2483045534957,33.40872879866379,35.81907169929109,35.16352659926895,site_holdout
best_historical_path,10,inside-out/active/bruhl/2025-03-01/ping-frntdeu1-2a0d:3341:b100:1e99::1-10ms-1h-2025-03-01-00-00-00.txt,bruhl,active,25.882044198895027,25.750533462657614,20.62792480831066,5.122608654346955,0,1,284.167,31.187570475779467,39.0447883605957,32.328363650809635,1.8646113257787624,7.857217884816237,33.93759673546515,36.29476210091002,35.58032959858762,38.933991342835554,site_holdout
best_historical_path,11,inside-out/active/bruhl/2025-03-01/ping-frntdeu1-2a0d:3341:b100:1e99::1-10ms-1h-2025-03-01-00-00-00.txt,bruhl,active,25.750533462657614,22.125767790262177,20.360533672172807,1.7652341180893707,0,1,276.292,32.54169225932492,34.43687057495117,33.115590746302715,2.113540197525623,1.8951783156262536,33.20500466979411,33.77355816448198,36.598626118419325,35.860956220017,site_holdout
best_historical_path,12,inside-out/active/bruhl/2025-03-01/ping-frntdeu1-2a0d:3341:b100:1e99::1-10ms-1h-2025-03-01-00-00-00.txt,bruhl,active,22.125767790262177,21.589034767809384,19.729985007496257,1.8590497603131269,0,1,276.209,31.87291487429229,36.934391021728516,31.92686447535679,1.612670876169075,5.061476147436224,33.64443152589497,35.16287437012584,34.386425241940536,36.9190795943264,site_holdout
best_historical_path,13,inside-out/active/bruhl/2025-03-01/ping-frntdeu1-2a0d:3341:b100:1e99::1-10ms-1h-2025-03-01-00-00-00.txt,bruhl,active,21.589034767809384,21.97288456980327,21.172549498900025,0.8003350709032446,0,1,272.833,31.65663662843326,34.7095947265625,31.87934872948708,1.5418023466518687,3.0529580981292384,32.7251719627785,33.641059392217265,34.189257000179055,35.09991171273326,site_holdout
best_historical_path,14,inside-out/active/bruhl/2025-03-01/ping-frntdeu1-2a0d:3341:b100:1e99::1-10ms-1h-2025-03-01-00-00-00.txt,bruhl,active,21.97288456980327,24.03143200962695,21.396557079989645,2.6348749296373057,0,1,274.167,30.279009044624217,35.182376861572266,31.078293278670497,2.3098367964760294,4.903367816948048,31.995187780556037,33.46619812564045,34.14099431360488,35.286858344912616,site_holdout
best_historical_path,15,inside-out/active/bruhl/2025-03-01/ping-frntdeu1-2a0d:3341:b100:1e99::1-10ms-1h-2025-03-01-00-00-00.txt,bruhl,active,24.03143200962695,23.004963144963146,19.798456477732795,3.20650666723035,0,1,273.458,30.992534347066794,34.82473373413086,31.450563462128045,2.106728153746106,3.8321993870640654,32.333804132539214,33.48346394865843,34.79110919623487,35.62718350616209,site_holdout
best_historical_path,16,inside-out/active/bruhl/2025-03-01/ping-frntdeu1-2a0d:3341:b100:1e99::1-10ms-1h-2025-03-01-00-00-00.txt,bruhl,active,23.004963144963146,20.537673956262424,20.071084941117515,0.46658901514490836,0,1,270.167,29.553684795773734,33.77508544921875,30.522159126259655,2.4507501460143906,4.221400653445016,31.031175024479488,32.297595220512996,33.668298666583276,34.02781221667032,site_holdout
best_historical_path,17,inside-out/active/bruhl/2025-03-01/ping-frntdeu1-2a0d:3341:b100:1e99::1-10ms-1h-2025-03-01-00-00-00.txt,bruhl,active,20.537673956262424,23.20944672626238,19.37195544554455,3.837491280717831,0,1,269.625,28.942038963370578,36.49113082885742,29.86756890826416,2.2217747530494134,7.549091865486844,31.584221116290973,33.848948675937024,32.51412280917631,35.5840806986108,site_holdout
best_historical_path,18,inside-out/active/bruhl/2025-03-01/ping-frntdeu1-2a0d:3341:b100:1e99::1-10ms-1h-2025-03-01-00-00-00.txt,bruhl,active,23.20944672626238,23.09785732291404,20.677525252525253,2.4203320703887883,0,1,271.875,30.3406596672703,35.12693405151367,31.172718968634488,2.3018144121572455,4.78627438424337,32.015855701755484,33.4517380170285,34.57708335906295,35.60836903676336,site_holdout
best_historical_path,19,inside-out/active/bruhl/2025-03-01/ping-frntdeu1-2a0d:3341:b100:1e99::1-10ms-1h-2025-03-01-00-00-00.txt,bruhl,active,23.09785732291404,26.45620368156825,20.94179447852761,5.514409203040643,0,1,274.542,29.474659463663556,39.69398498535156,30.109795004920855,2.3865558978744916,10.219325521688006,33.051423396254364,36.11722105276077,33.21071885202825,38.45016052863109,site_holdout
best_historical_path,20,inside-out/active/bruhl/2025-03-01/ping-frntdeu1-2a0d:3341:b100:1e99::1-10ms-1h-2025-03-01-00-00-00.txt,bruhl,active,26.45620368156825,24.028005115089513,19.77495612935573,4.253048985733784,0,1,269.583,30.886532927894223,35.421566009521484,31.631658839248797,2.274605369711144,4.535033081627262,32.47379450646376,33.83430443095194,34.76193862629057,35.71213349887308,site_holdout
best_historical_path,21,inside-out/active/bruhl/2025-03-01/ping-frntdeu1-2a0d:3341:b100:1e99::1-10ms-1h-2025-03-01-00-00-00.txt,bruhl,active,24.028005115089513,21.83513115959794,20.51191919191919,1.3232119676787484,0,1,268.5,29.803766168666698,39.283714294433594,30.607042569995997,2.332233434338782,9.479948125766896,33.12174801268512,35.96573245041519,33.92473042215745,38.48224003939924,site_holdout
best_historical_path,22,inside-out/active/bruhl/2025-03-01/ping-frntdeu1-2a0d:3341:b100:1e99::1-10ms-1h-2025-03-01-00-00-00.txt,bruhl,active,21.83513115959794,20.78126399601891,20.78126399601891,0.0,1,1,305.333,31.35674650695637,34.923927307128906,31.499101448078573,1.8429703451485282,3.5671808001725367,32.605259787016756,33.67541402706852,34.08094741364969,35.231750313795494,site_holdout
best_historical_path,23,inside-out/active/bruhl/2025-03-01/ping-frntdeu1-2a0d:3341:b100:1e99::1-10ms-1h-2025-03-01-00-00-00.txt,bruhl,active,20.78126399601891,25.691423001949317,19.5905023744064,6.100920627542916,0,1,327.416,30.3896642799682,32.491119384765625,30.71077086494654,2.0551688991587294,2.1014551047974237,31.125173566647298,31.755610098086525,33.48002359282792,33.1936316620786,site_holdout
best_historical_path,24,inside-out/active/bruhl/2025-03-01/ping-frntdeu1-2a0d:3341:b100:1e99::1-10ms-1h-2025-03-01-00-00-00.txt,bruhl,active,25.691423001949317,25.31570834352826,20.604673379808933,4.711034963719328,0,1,390.417,31.339805939190228,35.431941986083984,31.557826593670104,1.8845097112198967,4.092136046893756,32.77205355560304,33.99969436967116,34.71465985225128,36.1523589495268,site_holdout
best_historical_path,25,inside-out/active/bruhl/2025-03-01/ping-frntdeu1-2a0d:3341:b100:1e99::1-10ms-1h-2025-03-01-00-00-00.txt,bruhl,active,25.31570834352826,23.690644594933534,20.34140703517588,3.349237559757654,0,1,358.583,32.35937526181624,34.404048919677734,32.45947041194897,1.7830722491437676,2.0446736578614946,33.075011042067764,33.68841313942621,36.13689358951321,36.23299949591876,site_holdout
best_historical_path,26,inside-out/active/bruhl/2025-03-01/ping-frntdeu1-2a0d:3341:b100:1e99::1-10ms-1h-2025-03-01-00-00-00.txt,bruhl,active,23.690644594933534,23.84599413776258,21.017214654767496,2.8287794829950847,0,1,342.209,30.39581296520919,36.06370162963867,31.555837191685693,2.3252523491249573,5.6678886644294835,32.37957399775951,34.07994059708835,35.22309051467051,36.5700435246724,site_holdout
best_historical_path,27,inside-out/active/bruhl/2025-03-01/ping-frntdeu1-2a0d:3341:b100:1e99::1-10ms-1h-2025-03-01-00-00-00.txt,bruhl,active,23.84599413776258,24.604550956184944,20.733073244399694,3.87147771178525,0,1,375.333,30.658922083758625,35.22726058959961,31.718106035288656,2.377423378809406,4.568338505840984,32.257840560802975,33.62834211255527,35.06904285841568,35.65304525215933,site_holdout
best_historical_path,28,inside-out/active/bruhl/2025-03-01/ping-frntdeu1-2a0d:3341:b100:1e99::1-10ms-1h-2025-03-01-00-00-00.txt,bruhl,active,24.604550956184944,21.528704402515725,20.735983159980183,0.7927212425355421,0,1,264.875,31.1478402401699,37.62437438964844,31.777558705661818,2.36356353024185,6.476534149478539,33.41462719248739,35.35758743733095,34.82399419192283,37.279003690858424,site_holdout
best_historical_path,29,inside-out/active/bruhl/2025-03-01/ping-frntdeu1-2a0d:3341:b100:1e99::1-10ms-1h-2025-03-01-00-00-00.txt,bruhl,active,21.528704402515725,27.082259638848218,20.4912965798877,6.590963058960519,0,1,258.25,30.59846268415822,37.61146545410156,31.085147032279693,1.8934917287297164,7.013002769943341,33.05301365363839,35.15691448462139,33.81713101247145,37.1700799452602,site_holdout
best_historical_path,30,inside-out/active/bruhl/2025-03-01/ping-frntdeu1-2a0d:3341:b100:1e99::1-10ms-1h-2025-03-01-00-00-00.txt,bruhl,active,27.082259638848218,24.366641791044778,21.047496206373292,3.3191455846714852,0,1,256.333,40.61067802032812,37.60569763183594,39.57022068171197,2.0742181692980783,3.0049803884921857,39.55893488435586,40.46042900090351,48.54879871566686,49.38583360213093,site_holdout
best_historical_path,31,inside-out/active/bruhl/2025-03-01/ping-frntdeu1-2a0d:3341:b100:1e99::1-10ms-1h-2025-03-01-00-00-00.txt,bruhl,active,24.366641791044778,20.835882501899217,20.748861949529935,0.08702055236928175,0,1,257.25,30.81828806345402,38.41385269165039,31.132193336812392,2.0800533532056247,7.595564628196371,33.476735683322744,35.75540507178165,34.25116474387855,38.073892926763236,site_holdout
best_historical_path,32,inside-out/active/bruhl/2025-03-01/ping-frntdeu1-2a0d:3341:b100:1e99::1-10ms-1h-2025-03-01-00-00-00.txt,bruhl,active,20.835882501899217,23.87307595256119,19.962515754978572,3.910560197582619,0,1,254.5,30.001752539345034,36.994224548339844,30.66565835357662,1.9093381963763219,6.99247200899481,32.449117742493215,34.546859345191656,33.23714175177991,36.38558629701219,site_holdout
best_historical_path,33,inside-out/active/bruhl/2025-03-01/ping-frntdeu1-2a0d:3341:b100:1e99::1-10ms-1h-2025-03-01-00-00-00.txt,bruhl,active,23.87307595256119,24.908365853658538,20.64453380246293,4.263832051195607,0,1,364.542,30.71342539249781,36.801422119140625,31.467804788927033,2.3135877456176357,6.087996726642814,32.8442242468228,34.67062326481564,35.44780971832085,37.52423705766051,site_holdout
best_historical_path,34,inside-out/active/bruhl/2025-03-01/ping-frntdeu1-2a0d:3341:b100:1e99::1-10ms-1h-2025-03-01-00-00-00.txt,bruhl,active,24.908365853658538,24.222476717845456,21.48294363770613,2.739533080139328,0,1,394.792,31.16129448115953,36.19049835205078,31.698678936596327,2.181567623417293,5.029203870891251,32.92151583597147,34.43027699723884,35.3990425699772,36.99738530014587,site_holdout
best_historical_path,35,inside-out/active/bruhl/2025-03-01/ping-frntdeu1-2a0d:3341:b100:1e99::1-10ms-1h-2025-03-01-00-00-00.txt,bruhl,active,24.222476717845456,27.30537914691943,20.164751826656587,7.140627320262844,0,1,391.083,29.947592112362145,38.87138748168945,30.87468090467108,2.736735272815128,8.923795369327308,33.0709204916267,35.7480591024249,34.7617344944134,38.4749407744886,site_holdout
best_historical_path,36,inside-out/active/bruhl/2025-03-01/ping-frntdeu1-2a0d:3341:b100:1e99::1-10ms-1h-2025-03-01-00-00-00.txt,bruhl,active,27.30537914691943,25.450416871015204,20.86603063017826,4.584386240836945,0,1,368.209,30.362251888928768,35.57440948486328,31.60873917677875,2.5414785300367,5.212157595934514,32.18650704750585,33.7501543262862,34.93428704472328,35.69080905629665,site_holdout
best_historical_path,37,inside-out/active/bruhl/2025-03-01/ping-frntdeu1-2a0d:3341:b100:1e99::1-10ms-1h-2025-03-01-00-00-00.txt,bruhl,active,25.450416871015204,23.30203262233375,20.363096741601417,2.938935880732334,0,1,347.125,32.22455284764419,33.72381591796875,32.20558672740674,2.0480401297802686,1.4992630703245595,32.74929492225779,33.19907384335516,35.49313853307503,35.100521858720704,site_holdout
best_historical_path,38,inside-out/active/bruhl/2025-03-01/ping-frntdeu1-2a0d:3341:b100:1e99::1-10ms-1h-2025-03-01-00-00-00.txt,bruhl,active,23.30203262233375,18.971765564202336,18.971765564202336,0.0,1,1,374.708,32.791361679505826,34.91889572143555,33.16050260806513,1.6317933557700142,2.127534041929721,33.53599859418123,34.17425880676014,36.98421504762489,36.98687963368537,site_holdout
best_historical_path,39,inside-out/active/bruhl/2025-03-01/ping-frntdeu1-2a0d:3341:b100:1e99::1-10ms-1h-2025-03-01-00-00-00.txt,bruhl,active,18.971765564202336,21.30540060851927,21.30540060851927,0.0,1,1,456.667,30.831866404440916,31.331710815429688,31.145265060404125,1.6457919762114543,0.4998444109887714,31.006811948286988,31.15676527158362,33.193836477187766,32.02097714730755,site_holdout
best_historical_path,40,inside-out/active/bruhl/2025-03-01/ping-frntdeu1-2a0d:3341:b100:1e99::1-10ms-1h-2025-03-01-00-00-00.txt,bruhl,active,21.30540060851927,23.23990551964197,19.68281829419036,3.5570872254516104,0,1,377.542,29.875838370960082,39.22789764404297,30.012199361504397,1.864271612196768,9.352059273082887,33.14905911653909,35.95467689846396,32.5122319175455,37.99171167266577,site_holdout
best_historical_path,41,inside-out/active/bruhl/2025-03-01/ping-frntdeu1-2a0d:3341:b100:1e99::1-10ms-1h-2025-03-01-00-00-00.txt,bruhl,active,23.23990551964197,21.646034963263237,21.646034963263237,0.0,1,1,375.334,30.115399819584127,36.44459533691406,30.022811975139934,2.032001087947295,6.329195517329936,32.33061825064961,34.22937690584859,32.74794736752205,36.06343103400323,site_holdout
best_historical_path,42,inside-out/active/bruhl/2025-03-01/ping-frntdeu1-2a0d:3341:b100:1e99::1-10ms-1h-2025-03-01-00-00-00.txt,bruhl,active,21.646034963263237,24.3424787363305,20.27023478919465,4.072243947135849,0,1,371.875,28.531111018851334,36.799095153808594,29.382627100069424,2.7428843277185937,8.26798413495726,31.424905466086372,33.90530070657355,32.591399524956934,35.88370829916784,site_holdout
best_historical_path,43,inside-out/active/bruhl/2025-03-01/ping-frntdeu1-2a0d:3341:b100:1e99::1-10ms-1h-2025-03-01-00-00-00.txt,bruhl,active,24.3424787363305,27.94518943170489,21.099264892268696,6.845924539436194,0,1,369.333,29.156124585140788,35.608848571777344,30.38363691490065,2.6126627624740024,6.452723986636556,31.41457798046358,33.35039517645455,33.702591496233595,35.35512508459565,site_holdout
best_historical_path,44,inside-out/active/bruhl/2025-03-01/ping-frntdeu1-2a0d:3341:b100:1e99::1-10ms-1h-2025-03-01-00-00-00.txt,bruhl,active,27.94518943170489,23.20818557201846,20.49430331023865,2.713882261779812,0,1,363.708,31.664945419553078,37.17002868652344,31.729614978387076,2.0152297427551784,5.5050832669703595,33.59172456299271,35.24324954308382,35.31865470167962,37.871375286007,site_holdout
best_historical_path,45,inside-out/active/bruhl/2025-03-01/ping-frntdeu1-2a0d:3341:b100:1e99::1-10ms-1h-2025-03-01-00-00-00.txt,bruhl,active,23.20818557201846,21.02388673765731,20.57347623966942,0.4504104979878889,0,1,375.834,31.253376581727025,32.82451629638672,31.76207278601103,1.978225464966816,1.5711397146596937,31.80327548185792,32.27461739625583,34.57623871839451,33.76222820138016,site_holdout
best_historical_path,46,inside-out/active/bruhl/2025-03-01/ping-frntdeu1-2a0d:3341:b100:1e99::1-10ms-1h-2025-03-01-00-00-00.txt,bruhl,active,21.02388673765731,22.713118751524014,19.863144779466733,2.849973972057281,0,1,342.917,31.089724898815803,34.61841583251953,31.28054704924005,1.6373047342709122,3.5286909337037287,32.32476672561211,33.383374005723226,33.42003995850161,34.64775745765198,site_holdout
best_historical_path,47,inside-out/active/bruhl/2025-03-01/ping-frntdeu1-2a0d:3341:b100:1e99::1-10ms-1h-2025-03-01-00-00-00.txt,bruhl,active,22.713118751524014,22.954475,20.61034654699576,2.344128453004238,0,1,258.25,30.33278156888082,34.453041076660156,30.86087788605444,2.111616291914689,4.120259507779338,31.774872396603588,33.01095024893739,33.849245570720946,34.827631665445814,site_holdout
best_historical_path,48,inside-out/active/bruhl/2025-03-01/ping-frntdeu1-2a0d:3341:b100:1e99::1-10ms-1h-2025-03-01-00-00-00.txt,bruhl,active,22.954475,22.63668212261721,20.629825,2.006857122617209,0,1,254.833,29.139333346650346,38.3372802734375,29.978081961126968,2.337550328066893,9.197946926787154,32.35861477102585,35.117998849062,33.1156134105299,37.422162245093475,site_holdout
best_historical_path,49,inside-out/active/bruhl/2025-03-01/ping-frntdeu1-2a0d:3341:b100:1e99::1-10ms-1h-2025-03-01-00-00-00.txt,bruhl,active,22.63668212261721,21.97667011910927,21.08513931888545,0.8915308002238191,0,1,253.583,28.28350820740252,40.75019454956055,29.560011423842,3.0719973762740507,12.466686342158027,32.64684842715783,36.38685432980524,33.14167138325821,38.91118489123172,site_holdout
best_historical_path,50,inside-out/active/bruhl/2025-03-01/ping-frntdeu1-2a0d:3341:b100:1e99::1-10ms-1h-2025-03-01-00-00-00.txt,bruhl,active,21.97667011910927,24.668115222249813,20.44888777805549,4.219227444194324,0,1,253.916,28.237693513756312,38.94084930419922,29.468635285366158,3.1956421912733637,10.703155790442906,31.98379804041133,35.1947447775442,33.01920506575984,37.41889849352715,site_holdout
best_historical_path,51,inside-out/active/bruhl/2025-03-01/ping-frntdeu1-2a0d:3341:b100:1e99::1-10ms-1h-2025-03-01-00-00-00.txt,bruhl,active,24.668115222249813,20.901080673536065,20.069478908188582,0.8316017653474823,0,1,255.5,29.53432018563035,36.688133239746094,30.60461689013284,2.796954412297645,7.153813054115744,32.03815475457086,34.18429867080558,34.32729895883097,36.52464623569206,site_holdout
best_historical_path,52,inside-out/active/bruhl/2025-03-01/ping-frntdeu1-2a0d:3341:b100:1e99::1-10ms-1h-2025-03-01-00-00-00.txt,bruhl,active,20.901080673536065,24.760024183796855,20.596300893743795,4.16372329005306,0,1,254.041,29.757651257320504,37.96671676635742,30.101451624290423,2.4076146268821312,8.209065509036918,32.630824185483426,35.0935438381945,33.00557273900031,37.01286053364648,site_holdout
best_historical_path,53,inside-out/active/bruhl/2025-03-01/ping-frntdeu1-2a0d:3341:b100:1e99::1-10ms-1h-2025-03-01-00-00-00.txt,bruhl,active,24.760024183796855,27.50608409678177,20.62198079838302,6.884103298398749,0,1,252.834,30.192759689333798,35.716270446777344,30.93293542062789,2.2613633377681897,5.523510757443546,32.12598845443904,33.7830416816721,34.05671381764905,35.76314865111147,site_holdout
best_historical_path,54,inside-out/active/bruhl/2025-03-01/ping-frntdeu1-2a0d:3341:b100:1e99::1-10ms-1h-2025-03-01-00-00-00.txt,bruhl,active,27.50608409678177,24.577353753452172,21.13926191696566,3.438091836486514,0,1,256.459,31.552783860942327,33.52051544189453,31.70228266697074,2.0947188984263887,1.9677315809522042,32.2414899142756,32.83180938856126,34.82268494738757,34.57794565325352,site_holdout
best_historical_path,55,inside-out/active/bruhl/2025-03-01/ping-frntdeu1-2a0d:3341:b100:1e99::1-10ms-1h-2025-03-01-00-00-00.txt,bruhl,active,24.577353753452172,21.02136168058719,20.780806331931736,0.24055534865545525,0,1,252.75,30.85823091102793,36.39070129394531,31.495042024714493,2.109853247697873,5.532470382917381,32.79459554504901,34.45433665992423,34.912981885387495,36.84313362311556,site_holdout
best_historical_path,56,inside-out/active/bruhl/2025-03-01/ping-frntdeu1-2a0d:3341:b100:1e99::1-10ms-1h-2025-03-01-00-00-00.txt,bruhl,active,21.02136168058719,22.863147410358565,21.17579214195184,1.6873552684067263,0,1,252.5,30.46380600869543,38.23588562011719,30.734813947913228,1.8111770639152018,7.772079611421759,33.18403387269304,35.51565775611957,33.200825982148785,37.4004949535609,site_holdout
best_historical_path,57,inside-out/active/bruhl/2025-03-01/ping-frntdeu1-2a0d:3341:b100:1e99::1-10ms-1h-2025-03-01-00-00-00.txt,bruhl,active,22.863147410358565,21.582094763092268,20.59482673267327,0.9872680304189991,0,1,255.375,32.466492969625506,39.52715301513672,32.73105224010223,1.973935262241463,7.060660045511213,34.93772398555443,37.05592199920779,37.30728197335541,40.85776629033099,site_holdout
best_historical_path,58,inside-out/active/bruhl/2025-03-01/ping-frntdeu1-2a0d:3341:b100:1e99::1-10ms-1h-2025-03-01-00-00-00.txt,bruhl,active,21.582094763092268,22.15585844093735,20.75279534530736,1.4030630956299923,0,1,452.584,29.14341683924249,34.996456146240234,29.795633076762883,2.6089505722215005,5.8530393069977436,31.1919805966917,32.947892388791026,32.80224402874941,34.5830943423112,site_holdout
best_historical_path,59,inside-out/active/bruhl/2025-03-01/ping-frntdeu1-2a0d:3341:b100:1e99::1-10ms-1h-2025-03-01-08-00-00.txt,bruhl,active,26.699448621553884,24.6,19.0,5.600000000000001,0,1,301.125,29.817357564735175,36.57097244262695,30.235563344292284,2.336828951830056,6.753614877891778,32.181122771997295,34.20720723536483,33.333683685547115,36.22806735053629,site_holdout
highest_reply_availability,0,inside-out/active/bruhl/2025-03-01/ping-frntdeu1-2a0d:3341:b100:1e99::1-10ms-1h-2025-03-01-07-00-00.txt,bruhl,active,27.46878433245761,24.24869204869205,20.71283367556468,3.5358583731273683,0,1,445.75,34.1850812772218,34.53627014160156,34.26135599746981,3.0189486500679648,0.3511888643797647,34.30799737975471,34.413354039068636,38.583808688591205,36.50671412907704,site_holdout
highest_reply_availability,1,inside-out/active/bruhl/2025-03-01/ping-frntdeu1-2a0d:3341:b100:1e99::1-10ms-1h-2025-03-01-10-00-00.txt,bruhl,active,26.935494716618635,23.36642409033877,21.105583756345176,2.2608403339935954,0,1,331.125,34.01877778040944,39.41375732421875,34.75364312035108,1.367635229476425,5.394979543809313,35.9070206207427,37.525514483885495,39.965080143303766,42.25072303911179,site_holdout
highest_reply_availability,2,inside-out/active/bruhl/2025-03-01/ping-frntdeu1-2a0d:3341:b100:1e99::1-10ms-1h-2025-03-01-18-00-00.txt,bruhl,active,29.17358710882765,26.785191594561187,20.28618881118881,6.499002783372376,0,1,392.208,33.13681098978759,35.38218688964844,32.83796620208493,1.4775380409525456,2.2453758998608464,33.92269255473889,34.59630532469714,35.40673265259053,36.281455834474414,site_holdout
highest_reply_availability,3,inside-out/active/bruhl/2025-03-02/ping-frntdeu1-2a0d:3341:b100:1e99::1-10ms-1h-2025-03-02-08-00-00.txt,bruhl,active,27.31981512206684,26.052495738982227,20.13326633165829,5.919229407323936,0,1,310.334,30.768622104273163,35.09941101074219,32.48820549299172,2.645471663563541,4.330788906469024,32.28439822153732,33.58363489347803,36.0436394013382,35.588043944798756,site_holdout
highest_reply_availability,4,inside-out/active/bruhl/2025-03-01/ping-frntdeu1-2a0d:3341:b100:1e99::1-10ms-1h-2025-03-01-01-00-00.txt,bruhl,active,23.037128370592303,20.92266046055855,20.880678314491263,0.04198214606728712,0,1,256.708,31.106488608963446,35.473899841308594,31.985829598152392,2.146052651969038,4.367411232345148,32.635082540284245,33.94530590998779,34.76439923801909,35.55107718411222,site_holdout
highest_reply_availability,5,inside-out/active/bruhl/2025-03-01/ping-frntdeu1-2a0d:3341:b100:1e99::1-10ms-1h-2025-03-01-08-00-00.txt,bruhl,active,25.364857819905215,23.488372093023255,20.2340598073999,3.2543122856233566,0,1,258.083,33.35439637389118,34.16047286987305,33.45673975995646,1.5555289249316404,0.8060764959818698,33.63652314748483,33.878346096279394,36.54700735565045,35.882574647872836,site_holdout
highest_reply_availability,6,inside-out/active/bruhl/2025-03-01/ping-frntdeu1-2a0d:3341:b100:1e99::1-10ms-1h-2025-03-01-07-00-00.txt,bruhl,active,23.93331750178105,23.790252615463128,20.65521835677276,3.135034258690368,0,1,256.208,32.423397833295894,32.12369918823242,33.26392535919653,1.9002518025313824,0.2996986450634722,32.318503307523684,32.40841290104272,36.24137747805305,34.11052549053244,site_holdout
highest_reply_availability,7,inside-out/active/bruhl/2025-03-02/ping-frntdeu1-2a0d:3341:b100:1e99::1-10ms-1h-2025-03-02-12-00-00.txt,bruhl,active,27.82407667134175,22.95779792746114,21.00799489144317,1.949803036017972,0,1,255.125,31.472080902519338,34.6551628112793,32.95587530817854,2.120551225975799,3.1830819087599593,32.58615957058532,33.54108414321331,35.97510272626047,35.288206332689384,site_holdout
highest_reply_availability,8,inside-out/active/bruhl/2025-03-01/ping-frntdeu1-2a0d:3341:b100:1e99::1-10ms-1h-2025-03-01-23-00-00.txt,bruhl,active,25.24192726430391,25.00981331987891,20.726799007444168,4.283014312434741,0,1,255.667,32.0121602261861,33.82921600341797,32.916768206048545,1.646964717558718,1.8170557772318716,32.64812974821725,33.193246481386815,35.43779103115519,34.66075134604761,site_holdout
highest_reply_availability,9,inside-out/active/bruhl/2025-03-01/ping-frntdeu1-2a0d:3341:b100:1e99::1-10ms-1h-2025-03-01-00-00-00.txt,bruhl,active,25.433851869050383,25.882044198895027,20.73554078240859,5.146503416486436,0,1,253.375,33.43546617285847,32.900718688964844,33.299136833589756,1.376681076057314,0.534747483893625,33.2483045534957,33.40872879866379,35.81907169929109,35.16352659926895,site_holdout
highest_reply_availability,10,inside-out/active/bruhl/2025-03-01/ping-frntdeu1-2a0d:3341:b100:1e99::1-10ms-1h-2025-03-01-12-00-00.txt,bruhl,active,26.553223495702007,26.64848308051342,20.62792480831066,6.020558272202759,0,1,256.167,31.003304704649963,34.613460540771484,32.316860500508064,2.285316440491118,3.610155836121521,32.266859247292494,33.34990599812895,35.963763110969616,35.643836861834316,site_holdout
highest_reply_availability,11,inside-out/active/bruhl/2025-03-01/ping-frntdeu1-2a0d:3341:b100:1e99::1-10ms-1h-2025-03-01-10-00-00.txt,bruhl,active,25.794090056285174,22.789042126379137,20.360533672172807,2.42850845420633,0,1,252.625,31.104271157098992,36.95242691040039,31.896478089917018,1.8938075699227157,5.848155753301398,33.15112567075448,34.9055723967449,34.73030846594764,36.90386267066362,site_holdout
highest_reply_availability,12,inside-out/active/bruhl/2025-03-02/ping-frntdeu1-2a0d:3341:b100:1e99::1-10ms-1h-2025-03-02-08-00-00.txt,bruhl,active,26.62693045563549,21.198529038802945,19.729985007496257,1.4685440313066884,0,1,254.667,32.06927305534009,36.06092834472656,33.33098090569328,2.014307325549867,3.991655289386472,33.466352406625354,34.6638489934413,36.8611539257314,37.08245704825566,site_holdout
highest_reply_availability,13,inside-out/active/bruhl/2025-03-01/ping-frntdeu1-2a0d:3341:b100:1e99::1-10ms-1h-2025-03-01-23-00-00.txt,bruhl,active,25.41992974238876,29.042975794969152,21.172549498900025,7.870426296069127,0,1,251.708,32.08460652940812,36.08736801147461,32.96742826062301,1.8482012642299788,4.002761482066489,33.48557304813139,34.68640149275134,35.88421136357479,36.617309795737285,site_holdout
highest_reply_availability,14,inside-out/active/bruhl/2025-03-01/ping-frntdeu1-2a0d:3341:b100:1e99::1-10ms-1h-2025-03-01-00-00-00.txt,bruhl,active,21.97288456980327,24.03143200962695,21.396557079989645,2.6348749296373057,0,1,253.292,30.279009044624217,35.182376861572266,31.078293278670497,2.3098367964760294,4.903367816948048,31.995187780556037,33.46619812564045,34.14099431360488,35.286858344912616,site_holdout
highest_reply_availability,15,inside-out/active/bruhl/2025-03-01/ping-frntdeu1-2a0d:3341:b100:1e99::1-10ms-1h-2025-03-01-14-00-00.txt,bruhl,active,30.038679914833217,28.10637400793651,19.798456477732795,8.307917530203714,0,1,254.542,33.44190074821836,36.8626823425293,33.90735415008508,1.5077306226751879,3.420781594310938,34.63917430622719,35.66540878452047,37.26372244026455,38.23305726712464,site_holdout
highest_reply_availability,16,inside-out/active/bruhl/2025-03-02/ping-frntdeu1-2a0d:3341:b100:1e99::1-10ms-1h-2025-03-02-06-00-00.txt,bruhl,active,22.167397521449,21.268296296296295,20.071084941117515,1.19721135517878,0,1,254.5,29.834346898488548,34.98593521118164,31.15538096119547,2.260044594613703,5.151588312693093,31.63740280793113,33.18287930173906,33.99039308801372,34.83801681386634,site_holdout
highest_reply_availability,17,inside-out/active/bruhl/2025-03-01/ping-frntdeu1-2a0d:3341:b100:1e99::1-10ms-1h-2025-03-01-16-00-00.txt,bruhl,active,23.744287063267233,24.817393496344845,19.37195544554455,5.445438050800295,0,1,253.625,30.23688402339394,34.283355712890625,31.44987550116073,2.259717036506428,4.046471689496684,31.65314911471778,32.86709062156679,34.66746741731281,34.794541929288705,site_holdout
highest_reply_availability,18,inside-out/active/bruhl/2025-03-02/ping-frntdeu1-2a0d:3341:b100:1e99::1-10ms-1h-2025-03-02-12-00-00.txt,bruhl,active,24.015190172454524,22.950624687656173,20.677525252525253,2.27309943513092,0,1,253.625,32.676850654963346,35.162418365478516,33.01620702489081,1.2843784306724337,2.48556771051517,33.54679935364366,34.292469666798205,35.40577784916365,35.967313439118236,site_holdout
highest_reply_availability,19,inside-out/active/bruhl/2025-03-02/ping-frntdeu1-2a0d:3341:b100:1e99::1-10ms-1h-2025-03-02-02-00-00.txt,bruhl,active,27.50709692783996,23.361506782945735,20.94179447852761,2.419712304418127,0,1,257.541,30.95491381634929,35.44797134399414,31.917555472900386,2.278961332607152,4.493057527644851,32.52748395102499,33.87540120931845,35.438638813367845,36.13656930309502,site_holdout
highest_reply_availability,20,inside-out/active/bruhl/2025-03-01/ping-frntdeu1-2a0d:3341:b100:1e99::1-10ms-1h-2025-03-01-09-00-00.txt,bruhl,active,23.34223266745006,23.00277296360485,19.77495612935573,3.227816834249122,0,1,372.583,30.924772039340496,32.845985412597656,31.945293741713368,2.1041894003093047,1.9212133732571601,31.597196719980502,32.17356073195765,34.97073611059646,33.81298238793448,site_holdout
highest_reply_availability,21,inside-out/active/bruhl/2025-03-01/ping-frntdeu1-2a0d:3341:b100:1e99::1-10ms-1h-2025-03-01-03-00-00.txt,bruhl,active,25.303981986252666,22.372519455252917,20.51191919191919,1.8606002633337262,0,1,304.209,29.66951966340457,35.34775161743164,31.30413685153912,2.726968847385766,5.678231954027069,31.656900847314045,33.360370433522164,35.066372988345194,35.645203130191625,site_holdout
highest_reply_availability,22,inside-out/active/bruhl/2025-03-02/ping-frntdeu1-2a0d:3341:b100:1e99::1-10ms-1h-2025-03-02-05-00-00.txt,bruhl,active,27.160826446280993,22.062245404868357,20.78126399601891,1.2809814088494456,0,1,280.666,32.609159792397804,36.230899810791016,33.275877804606615,2.098104981969252,3.6217400183932114,33.87676879883543,34.96329080435339,37.17095379410307,37.64696205921223,site_holdout
highest_reply_availability,23,inside-out/active/bruhl/2025-03-01/ping-frntdeu1-2a0d:3341:b100:1e99::1-10ms-1h-2025-03-01-21-00-00.txt,bruhl,active,27.438258823529413,22.46892641129032,19.5905023744064,2.878424036883917,0,1,279.5,30.667263594716133,35.084136962890625,31.280853884548403,1.9742198997065512,4.4168733681744925,32.21316927357721,33.53823128402956,34.1030084345684,35.32140824608709,site_holdout
highest_reply_availability,24,inside-out/active/bruhl/2025-03-01/ping-frntdeu1-2a0d:3341:b100:1e99::1-10ms-1h-2025-03-01-08-00-00.txt,bruhl,active,28.62369859757547,24.57695351137488,20.604673379808933,3.972280131565949,0,1,275.292,32.442783921505,35.67970657348633,32.90737959162095,1.886114965979055,3.236922651981331,33.57570684969846,34.54678364529286,35.98940217242935,36.537912266815106,site_holdout
highest_reply_availability,25,inside-out/active/bruhl/2025-03-01/ping-frntdeu1-2a0d:3341:b100:1e99::1-10ms-1h-2025-03-01-21-00-00.txt,bruhl,active,25.248134948918985,25.81194906953967,20.34140703517588,5.470542034363788,0,1,319.917,33.59846259198821,38.34973907470703,33.661758111477106,1.3702039726129744,4.751276482718822,35.261409360939794,36.68679230575544,37.28557126309147,39.75808012618196,site_holdout
highest_reply_availability,26,inside-out/active/bruhl/2025-03-01/ping-frntdeu1-2a0d:3341:b100:1e99::1-10ms-1h-2025-03-01-09-00-00.txt,bruhl,active,24.40736225087925,22.454860050890584,21.017214654767496,1.437645396123088,0,1,306.625,30.908354522621266,34.638832092285156,31.217715491574932,1.7705253345141096,3.73047756966389,32.214021672003625,33.33316494290279,33.89161546383634,35.05221867124501,site_holdout
highest_reply_availability,27,inside-out/active/bruhl/2025-03-01/ping-frntdeu1-2a0d:3341:b100:1e99::1-10ms-1h-2025-03-01-06-00-00.txt,bruhl,active,21.017214654767496,21.831869997574582,20.733073244399694,1.098796753174888,0,1,257.541,29.07019252907594,33.75464630126953,30.243837449492585,2.6078518845905383,4.684453772193592,30.709751349343698,32.11508748100177,33.23070676459196,33.614513259877604,site_holdout
highest_reply_availability,28,inside-out/active/bruhl/2025-03-01/ping-frntdeu1-2a0d:3341:b100:1e99::1-10ms-1h-2025-03-01-22-00-00.txt,bruhl,active,26.337052831082683,24.528986889153753,20.735983159980183,3.79300372917357,0,1,256.583,30.917522627303697,35.67259216308594,32.23087610316728,2.2191597152795124,4.755069535782241,32.581796964827475,34.008317825562145,35.37501749778682,35.96359638730028,site_holdout
highest_reply_availability,29,inside-out/active/bruhl/2025-03-01/ping-frntdeu1-2a0d:3341:b100:1e99::1-10ms-1h-2025-03-01-02-00-00.txt,bruhl,active,24.469428636467107,21.694780014914244,20.4912965798877,1.2034834350265449,0,1,253.375,30.73554256753414,35.37865447998047,31.442196869749562,1.99472421107445,4.643111912446329,32.360631736890355,33.75356531062425,34.03174218406628,35.31137865787977,site_holdout
highest_reply_availability,30,inside-out/active/bruhl/2025-03-01/ping-frntdeu1-2a0d:3341:b100:1e99::1-10ms-1h-2025-03-01-18-00-00.txt,bruhl,active,30.626528669997622,23.194906166219837,21.047496206373292,2.147409959846545,0,1,253.792,33.03391347541492,35.963623046875,34.255313075026955,1.985466737743994,2.92970957146008,34.05931182542595,34.938224696863976,37.86407449948872,37.350857025163755,site_holdout
highest_reply_availability,31,inside-out/active/bruhl/2025-03-02/ping-frntdeu1-2a0d:3341:b100:1e99::1-10ms-1h-2025-03-02-01-00-00.txt,bruhl,active,27.493393536121673,24.104232133806388,20.748861949529935,3.3553701842764525,0,1,254.333,31.955530723662378,39.713253021240234,32.34635529545737,1.8781138344223025,7.757722297577857,34.670733527814626,36.998050217087986,36.10215197494738,40.121033750519054,site_holdout
highest_reply_availability,32,inside-out/active/bruhl/2025-03-02/ping-frntdeu1-2a0d:3341:b100:1e99::1-10ms-1h-2025-03-02-12-00-00.txt,bruhl,active,31.02137278106509,25.6689843555997,19.962515754978572,5.706468600621129,0,1,253.0,32.461600832532895,35.306819915771484,33.416799234745284,1.9430144344591773,2.8452190832385895,33.457427511666396,34.31099323663797,36.46027515397954,36.181730238351705,site_holdout
highest_reply_availability,33,inside-out/active/bruhl/2025-03-02/ping-frntdeu1-2a0d:3341:b100:1e99::1-10ms-1h-2025-03-02-02-00-00.txt,bruhl,active,24.967783018867923,24.353159307148086,20.64453380246293,3.7086255046851555,0,1,256.792,30.951321337925947,34.920223236083984,31.667427688131713,2.1690673119624435,3.9689018981580375,32.34043700228126,33.531107571728676,34.75601157699222,35.38978116643315,site_holdout
highest_reply_availability,34,inside-out/active/bruhl/2025-03-01/ping-frntdeu1-2a0d:3341:b100:1e99::1-10ms-1h-2025-03-01-03-00-00.txt,bruhl,active,25.98878504672897,23.7993315177024,21.48294363770613,2.3163878799962703,0,1,253.042,31.774690844516044,36.987770080566406,32.65893630929545,2.2182401449236213,5.213079236050362,33.59926857713367,35.16319234794878,36.481850424766705,37.843734278332356,site_holdout
highest_reply_availability,35,inside-out/active/bruhl/2025-03-01/ping-frntdeu1-2a0d:3341:b100:1e99::1-10ms-1h-2025-03-01-21-00-00.txt,bruhl,active,27.619421191102607,30.77157968970381,20.164751826656587,10.606827863047222,0,1,264.042,31.890424958999574,33.076847076416016,33.073390411430196,2.3488127304829067,1.1864221174164413,32.30567270009533,32.66159933532026,36.288612052297644,34.233853640067174,site_holdout
highest_reply_availability,36,inside-out/active/bruhl/2025-03-01/ping-frntdeu1-2a0d:3341:b100:1e99::1-10ms-1h-2025-03-01-21-00-00.txt,bruhl,active,30.77157968970381,29.77551312649165,20.86603063017826,8.909482496313391,0,1,249.334,34.626636838233026,36.789947509765625,35.297110045293806,2.001000768330794,2.1633106715325994,35.38379557326944,36.03278877472922,37.89466046943387,37.34591968977445,site_holdout
highest_reply_availability,37,inside-out/active/bruhl/2025-03-01/ping-frntdeu1-2a0d:3341:b100:1e99::1-10ms-1h-2025-03-01-02-00-00.txt,bruhl,active,23.17398857142857,22.468261086198307,20.363096741601417,2.10516434459689,0,1,250.458,29.99033900717768,32.15102767944336,31.364964899358533,2.8152966868869354,2.160688672265678,30.74658004247067,31.394786644150372,34.73986854053573,32.87428663738893,site_holdout
highest_reply_availability,38,inside-out/active/bruhl/2025-03-01/ping-frntdeu1-2a0d:3341:b100:1e99::1-10ms-1h-2025-03-01-19-00-00.txt,bruhl,active,32.30756484149856,25.484191829484903,18.971765564202336,6.512426265282567,0,1,254.916,31.668773693625553,35.42097854614258,32.17303030619979,2.217997882744984,3.752204852517025,32.98204539200651,34.10770684776162,35.35294088204753,35.99933949680232,site_holdout
highest_reply_availability,39,inside-out/active/bruhl/2025-03-01/ping-frntdeu1-2a0d:3341:b100:1e99::1-10ms-1h-2025-03-01-02-00-00.txt,bruhl,active,22.566714456391875,22.362235352043328,21.30540060851927,1.0568347435240568,0,1,252.75,31.613658880497496,33.0406494140625,31.477389557552,2.273495783489491,1.4269905335650037,32.11310556724525,32.54120272731475,34.48918656486909,33.990576950371214,site_holdout
highest_reply_availability,40,inside-out/active/bruhl/2025-03-01/ping-frntdeu1-2a0d:3341:b100:1e99::1-10ms-1h-2025-03-01-23-00-00.txt,bruhl,active,24.792169857633777,23.397382583170256,19.68281829419036,3.714564288979897,0,1,255.417,29.77728068617489,35.153385162353516,31.081428016610314,2.4763517169851745,5.376104476178625,31.658917252837412,33.271748595691,34.356766682586,35.22743392154566,site_holdout
highest_reply_availability,41,inside-out/active/bruhl/2025-03-01/ping-frntdeu1-2a0d:3341:b100:1e99::1-10ms-1h-2025-03-01-09-00-00.txt,bruhl,active,23.53679735474728,25.78268030945845,21.646034963263237,4.136645346195213,0,1,255.167,30.56801739682851,33.84658432006836,31.526185081554257,2.3384987843219194,3.2785669232398504,31.715515819962455,32.69908589693441,34.63050037309709,34.37738379255979,site_holdout
highest_reply_availability,42,inside-out/active/bruhl/2025-03-01/ping-frntdeu1-2a0d:3341:b100:1e99::1-10ms-1h-2025-03-01-21-00-00.txt,bruhl,active,29.638581395348837,27.05807609475951,20.27023478919465,6.787841305564861,0,1,252.584,32.77352366608193,32.15505599975586,33.519983526437166,1.8620513349282475,0.6184676663260689,32.557059982867806,32.74260028276563,36.44618968558359,34.5815017738789,site_holdout
highest_reply_availability,43,inside-out/active/bruhl/2025-03-02/ping-frntdeu1-2a0d:3341:b100:1e99::1-10ms-1h-2025-03-02-08-00-00.txt,bruhl,active,28.522238129324744,22.85325814536341,21.099264892268696,1.7539932530947127,0,1,254.875,32.02200883183741,32.88267135620117,33.0769124990114,2.197566380411263,0.8606625243637609,32.32324071536473,32.581439472673864,36.32221696176259,34.26463540255297,site_holdout
highest_reply_availability,44,inside-out/active/bruhl/2025-03-01/ping-frntdeu1-2a0d:3341:b100:1e99::1-10ms-1h-2025-03-01-14-00-00.txt,bruhl,active,28.501202034211744,29.42643561851758,20.49430331023865,8.93213230827893,0,1,252.417,34.125348919704265,36.16056823730469,34.652926891502425,1.4636441684890595,2.035219317600422,34.83767568086441,35.44824147614453,37.862669646655505,37.763773036690864,site_holdout
highest_reply_availability,45,inside-out/active/bruhl/2025-03-01/ping-frntdeu1-2a0d:3341:b100:1e99::1-10ms-1h-2025-03-01-13-00-00.txt,bruhl,active,26.52635310801229,21.850785468826707,20.57347623966942,1.2773092291572858,0,1,252.958,31.487366764740727,33.022789001464844,32.24865033632778,2.13593633587093,1.5354222367241164,32.02476454759417,32.485391218611404,35.276440081417924,34.06477093547076,site_holdout
highest_reply_availability,46,inside-out/active/bruhl/2025-03-02/ping-frntdeu1-2a0d:3341:b100:1e99::1-10ms-1h-2025-03-02-08-00-00.txt,bruhl,active,31.4436449704142,27.36731780616078,19.863144779466733,7.504173026694048,0,1,254.459,34.9991671812013,37.81433868408203,34.88513957070706,1.0799467792413415,2.8151715028807303,35.98447720720956,36.829028658073774,38.39396210924595,39.80940826246973,site_holdout
highest_reply_availability,47,inside-out/active/bruhl/2025-03-01/ping-frntdeu1-2a0d:3341:b100:1e99::1-10ms-1h-2025-03-01-02-00-00.txt,bruhl,active,22.70186013656699,24.088048108243548,20.61034654699576,3.4777015612477875,0,1,251.375,30.75043945865491,34.36225128173828,31.159569364649023,2.106088821816238,3.6118118230833716,32.01457359673409,33.0981171436591,33.954813569928994,34.67497591488523,site_holdout
highest_reply_availability,48,inside-out/active/bruhl/2025-03-01/ping-frntdeu1-2a0d:3341:b100:1e99::1-10ms-1h-2025-03-01-07-00-00.txt,bruhl,active,27.932604607428303,25.646902226524684,20.629825,5.017077226524684,0,1,505.958,33.262063099192346,33.885807037353516,33.37850758903806,1.3746434703243355,0.6237439381611694,33.48037347754875,33.6674966589971,36.46350906844586,35.783889929477766,site_holdout
highest_reply_availability,49,inside-out/active/bruhl/2025-03-01/ping-frntdeu1-2a0d:3341:b100:1e99::1-10ms-1h-2025-03-01-22-00-00.txt,bruhl,active,27.645473833097597,25.22182817182817,21.08513931888545,4.136688852942722,0,1,369.875,31.598677233065246,35.50632858276367,32.099492752033285,1.8610632768388577,3.907651349698426,32.96635520545969,34.13865061036922,34.97791377711644,36.01203931279307,site_holdout
highest_reply_availability,50,inside-out/active/bruhl/2025-03-02/ping-frntdeu1-2a0d:3341:b100:1e99::1-10ms-1h-2025-03-02-12-00-00.txt,bruhl,active,26.027478622602263,28.21679980634229,20.44888777805549,7.767912028286801,0,1,487.625,31.9652052083502,35.06098556518555,32.80437164611922,2.0309465997735057,3.0957803568353484,33.04872833324257,33.97746244029317,35.6577273070191,35.61718618704646,site_holdout
highest_reply_availability,51,inside-out/active/bruhl/2025-03-01/ping-frntdeu1-2a0d:3341:b100:1e99::1-10ms-1h-2025-03-01-11-00-00.txt,bruhl,active,23.788984230055657,21.314613320322028,20.069478908188582,1.2451344121334458,0,1,371.542,30.034075917956216,36.10465621948242,31.284385304322313,2.6668995682693484,6.070580301526206,32.15877902349039,33.97995311394825,34.517986353863094,35.82043751743964,site_holdout
highest_reply_availability,52,inside-out/active/bruhl/2025-03-01/ping-frntdeu1-2a0d:3341:b100:1e99::1-10ms-1h-2025-03-01-09-00-00.txt,bruhl,active,26.06695095948827,24.50820537428023,20.596300893743795,3.9119044805364354,0,1,376.833,31.144105188138383,35.08736038208008,31.752317539826663,2.0825340813196846,3.9432551939416953,32.52424450601798,33.70722106420049,34.915192616913764,35.70252109969199,site_holdout
highest_reply_availability,53,inside-out/active/bruhl/2025-03-01/ping-frntdeu1-2a0d:3341:b100:1e99::1-10ms-1h-2025-03-01-09-00-00.txt,bruhl,active,24.50820537428023,23.472487684729064,20.62198079838302,2.850506886346043,0,1,347.25,31.37838027865564,35.94237518310547,31.434364893447334,2.000711377922342,4.563994904449828,32.97577849521308,34.344976966548025,34.21290837469028,36.07938640479419,site_holdout
highest_reply_availability,54,inside-out/active/bruhl/2025-03-01/ping-frntdeu1-2a0d:3341:b100:1e99::1-10ms-1h-2025-03-01-00-00-00.txt,bruhl,active,27.50608409678177,24.577353753452172,21.13926191696566,3.438091836486514,0,1,324.041,31.552783860942327,33.52051544189453,31.70228266697074,2.0947188984263887,1.9677315809522042,32.2414899142756,32.83180938856126,34.82268494738757,34.57794565325352,site_holdout
highest_reply_availability,55,inside-out/active/bruhl/2025-03-02/ping-frntdeu1-2a0d:3341:b100:1e99::1-10ms-1h-2025-03-02-12-00-00.txt,bruhl,active,25.959775228283775,27.91176760216642,20.780806331931736,7.130961270234685,0,1,369.541,33.07916184068745,33.64200210571289,33.48619657334109,1.8175014574447257,0.5628402650254429,33.276155933446354,33.445008012953984,36.4835127626892,35.1354821357211,site_holdout
highest_reply_availability,56,inside-out/active/bruhl/2025-03-01/ping-frntdeu1-2a0d:3341:b100:1e99::1-10ms-1h-2025-03-01-11-00-00.txt,bruhl,active,22.01310262529833,25.01591978212429,21.17579214195184,3.840127640172451,0,1,341.708,29.38262909336936,35.412837982177734,30.053434393820353,2.531013715745729,6.0302088888083745,31.49320220445229,33.302264871094806,33.10467403493134,35.05826511427733,site_holdout
highest_reply_availability,57,inside-out/active/bruhl/2025-03-02/ping-frntdeu1-2a0d:3341:b100:1e99::1-10ms-1h-2025-03-02-10-00-00.txt,bruhl,active,26.183045228510537,25.9915099009901,20.59482673267327,5.39668316831683,0,1,363.875,30.44622404564143,34.77579116821289,31.58835886747346,2.446405593926221,4.329567122571461,31.961572538541443,33.26044267531288,34.75378275304498,35.02401907769688,site_holdout
highest_reply_availability,58,inside-out/active/bruhl/2025-03-01/ping-frntdeu1-2a0d:3341:b100:1e99::1-10ms-1h-2025-03-01-19-00-00.txt,bruhl,active,26.58515294117647,25.73585220500596,20.75279534530736,4.9830568596986,0,1,354.542,30.795367434819127,33.24595642089844,32.08170044223758,2.4847898716719805,2.4505889860793104,31.653073579946884,32.38825027577068,35.597391172927,34.28540750131404,site_holdout
highest_reply_availability,59,inside-out/active/bruhl/2025-03-02/ping-frntdeu1-2a0d:3341:b100:1e99::1-10ms-1h-2025-03-02-00-00-00.txt,bruhl,active,25.23721722208708,26.2,19.0,7.199999999999999,0,1,367.333,30.198116650885822,36.6204719543457,30.785907260827116,2.1944468916919058,6.422355303459881,32.44594100709678,34.37264759813474,34.15577213123876,36.73891283012345,site_holdout
reactive_greedy,0,inside-out/active/bruhl/2025-03-01/ping-frntdeu1-2a0d:3341:b100:1e99::1-10ms-1h-2025-03-01-08-00-00.txt,bruhl,active,21.084192968950475,25.242821965033244,20.71283367556468,4.529988289468562,0,1,396.875,28.222782576759528,37.33665084838867,28.704522155999395,4.407290446595495,9.113868271629144,31.412636471829728,34.14679695331847,33.121338056422616,36.169531845957984,site_holdout
reactive_greedy,1,inside-out/active/bruhl/2025-03-01/ping-frntdeu1-2a0d:3341:b100:1e99::1-10ms-1h-2025-03-01-09-00-00.txt,bruhl,active,20.71283367556468,22.828332918016446,21.105583756345176,1.7227491616712705,0,1,345.375,27.213336324967713,38.29585266113281,28.5288116479448,1.7949436281612723,11.0825163361651,31.0922170426255,34.416971943475026,30.89044475671183,36.54064896473761,site_holdout
reactive_greedy,2,inside-out/active/bruhl/2025-03-01/ping-frntdeu1-2a0d:3341:b100:1e99::1-10ms-1h-2025-03-01-04-00-00.txt,bruhl,active,21.105583756345176,22.299923136049195,20.28618881118881,2.0137343248603834,0,1,364.125,29.758207140016566,38.780452728271484,29.768684392639337,2.0232788973621876,9.022245588254918,32.91599309590579,35.62266677238227,32.36419902490966,37.602946790456436,site_holdout
reactive_greedy,3,inside-out/active/bruhl/2025-03-02/ping-frntdeu1-2a0d:3341:b100:1e99::1-10ms-1h-2025-03-02-06-00-00.txt,bruhl,active,20.28618881118881,20.13326633165829,20.13326633165829,0.0,1,1,398.083,28.275368789405547,36.426963806152344,29.56840905923038,2.5375392128173337,8.151595016746796,31.12842704526693,33.57390555029097,32.458534319322375,35.37603590244464,site_holdout
reactive_greedy,4,inside-out/active/bruhl/2025-03-02/ping-frntdeu1-2a0d:3341:b100:1e99::1-10ms-1h-2025-03-02-06-00-00.txt,bruhl,active,20.13326633165829,22.04747169811321,20.880678314491263,1.1667933836219468,0,1,270.0,28.06262546603648,36.584381103515625,29.393832267173806,2.721516418625131,8.521755637479146,31.04523993915418,33.601766630397925,32.35132964552348,35.370302258526664,site_holdout
reactive_greedy,5,inside-out/active/bruhl/2025-03-02/ping-frntdeu1-2a0d:3341:b100:1e99::1-10ms-1h-2025-03-02-10-00-00.txt,bruhl,active,20.880678314491263,25.612046696472927,20.2340598073999,5.3779868890730285,0,1,255.25,28.521485697837306,38.729278564453125,29.565614127571962,2.579366781025514,10.207792866615819,32.09421320115284,35.156551061137584,32.615374213600326,37.292565348058396,site_holdout
reactive_greedy,6,inside-out/active/bruhl/2025-03-01/ping-frntdeu1-2a0d:3341:b100:1e99::1-10ms-1h-2025-03-01-10-00-00.txt,bruhl,active,20.2340598073999,22.75308126687945,20.65521835677276,2.0978629101066915,0,1,348.333,30.763560088524173,36.69342803955078,31.216345940877392,1.5435336184569501,5.929867951026608,32.839013871383486,34.61797425669147,33.353246067384475,36.1902109644585,site_holdout
reactive_greedy,7,inside-out/active/bruhl/2025-03-02/ping-frntdeu1-2a0d:3341:b100:1e99::1-10ms-1h-2025-03-02-01-00-00.txt,bruhl,active,20.65521835677276,23.865394768418525,21.00799489144317,2.8573998769753572,0,1,319.75,30.82433379302438,34.1669807434082,31.435968779719587,1.6764693210592558,3.3426469503838234,31.99426022565872,32.99705431077387,33.761136455958614,34.39913469125683,site_holdout
reactive_greedy,8,inside-out/active/bruhl/2025-03-01/ping-frntdeu1-2a0d:3341:b100:1e99::1-10ms-1h-2025-03-01-18-00-00.txt,bruhl,active,21.00799489144317,22.749379344587886,20.726799007444168,2.0225803371437188,0,1,273.708,30.402084921109235,39.572139739990234,31.165772863950735,1.661391335530044,9.170054818880999,33.61160410771758,36.36262055338188,33.53846275935658,38.40627242902829,site_holdout
reactive_greedy,9,inside-out/active/bruhl/2025-03-01/ping-frntdeu1-2a0d:3341:b100:1e99::1-10ms-1h-2025-03-01-02-00-00.txt,bruhl,active,20.726799007444168,22.534695451040864,20.73554078240859,1.7991546686322728,0,1,266.542,29.398044151671456,32.49225616455078,30.50136555243462,2.5223454507648,3.094212012879325,30.48101835617922,31.409281960043018,33.41647282595567,32.7420513467784,site_holdout
reactive_greedy,10,inside-out/active/bruhl/2025-03-02/ping-frntdeu1-2a0d:3341:b100:1e99::1-10ms-1h-2025-03-02-01-00-00.txt,bruhl,active,20.73554078240859,25.168114837398377,20.62792480831066,4.540190029087718,0,1,268.459,29.021547997259404,40.06126022338867,29.877734818869538,1.953577457467924,11.039712226129268,32.88544727640465,36.19736094424343,32.52248719897688,38.48090145386276,site_holdout
reactive_greedy,11,inside-out/active/bruhl/2025-03-02/ping-frntdeu1-2a0d:3341:b100:1e99::1-10ms-1h-2025-03-02-05-00-00.txt,bruhl,active,20.62792480831066,26.839090690401733,20.360533672172807,6.478557018228926,0,1,265.292,30.01529268180002,32.378273010253906,30.902630144028155,2.1536952980457307,2.3629803284538866,30.84233579675888,31.551229895295048,33.537158862927306,32.80678517350529,site_holdout
reactive_greedy,12,inside-out/active/bruhl/2025-03-02/ping-frntdeu1-2a0d:3341:b100:1e99::1-10ms-1h-2025-03-02-09-00-00.txt,bruhl,active,20.360533672172807,23.906487419832263,19.729985007496257,4.176502412336006,0,1,263.458,31.659915587198157,35.70124053955078,31.496575353538375,1.5180577548940457,4.041324952352625,33.07437932052157,34.28677680622736,33.84820738809925,35.903998019852956,site_holdout
reactive_greedy,13,inside-out/active/bruhl/2025-03-01/ping-frntdeu1-2a0d:3341:b100:1e99::1-10ms-1h-2025-03-01-06-00-00.txt,bruhl,active,19.729985007496257,21.19345311346296,21.172549498900025,0.020903614562936212,0,1,259.208,30.820754062222477,34.378997802734375,30.971289799074206,1.459499936296109,3.558243740511898,32.06613937140164,33.13361249355521,32.914659013979474,34.338181130289584,site_holdout
reactive_greedy,14,inside-out/active/bruhl/2025-03-02/ping-frntdeu1-2a0d:3341:b100:1e99::1-10ms-1h-2025-03-02-05-00-00.txt,bruhl,active,21.172549498900025,21.644422059934524,21.396557079989645,0.24786497994487888,0,1,263.167,31.416596721845053,35.18096923828125,31.534114543593407,1.4889776654570637,3.7643725164361967,32.734127102597725,33.863438857528585,33.93582141368323,35.52484973016922,site_holdout
reactive_greedy,15,inside-out/active/bruhl/2025-03-01/ping-frntdeu1-2a0d:3341:b100:1e99::1-10ms-1h-2025-03-01-04-00-00.txt,bruhl,active,21.396557079989645,21.747318768619664,19.798456477732795,1.9488622908868685,0,1,264.875,29.808747609024067,41.27372741699219,30.28029655430341,1.905221733218996,11.46497980796812,33.821490541812906,37.26098448420334,32.97088418183333,39.66915379261583,site_holdout
reactive_greedy,16,inside-out/active/bruhl/2025-03-02/ping-frntdeu1-2a0d:3341:b100:1e99::1-10ms-1h-2025-03-02-02-00-00.txt,bruhl,active,19.798456477732795,23.1912027833002,20.071084941117515,3.120117842182683,0,1,257.584,30.357982553751754,35.91781234741211,31.258859962425326,1.3116265107579523,5.559829793660356,32.30392298153288,33.971871919630985,33.16453354270262,35.44980859620585,site_holdout
reactive_greedy,17,inside-out/active/bruhl/2025-03-02/ping-frntdeu1-2a0d:3341:b100:1e99::1-10ms-1h-2025-03-02-01-00-00.txt,bruhl,active,20.071084941117515,22.09531914893617,19.37195544554455,2.7233637033916196,0,1,258.75,28.740496038269157,34.04777145385742,29.748599357084043,2.448535693034353,5.307275415588265,30.59804243372505,32.19022505840153,32.47993555973608,33.615887032836625,site_holdout
reactive_greedy,18,inside-out/active/bruhl/2025-03-01/ping-frntdeu1-2a0d:3341:b100:1e99::1-10ms-1h-2025-03-01-04-00-00.txt,bruhl,active,19.37195544554455,21.47008588957055,20.677525252525253,0.7925606370452982,0,1,264.167,28.65953036371684,32.89763641357422,29.666941349600197,2.501525211378595,4.238106049857379,30.142867481166924,31.41429929612414,32.28186507790687,32.5768897208826,site_holdout
reactive_greedy,19,inside-out/active/bruhl/2025-03-01/ping-frntdeu1-2a0d:3341:b100:1e99::1-10ms-1h-2025-03-01-01-00-00.txt,bruhl,active,20.677525252525253,26.587663914521613,20.94179447852761,5.645869435994005,0,1,261.625,30.751104976086935,37.8671875,30.76864613916996,1.517807947756204,7.1160825239130645,33.2417338594565,35.37655861663042,33.045049433632045,37.22621420266666,site_holdout
reactive_greedy,20,inside-out/active/bruhl/2025-03-01/ping-frntdeu1-2a0d:3341:b100:1e99::1-10ms-1h-2025-03-01-06-00-00.txt,bruhl,active,20.94179447852761,24.665066798614543,19.77495612935573,4.890110669258814,0,1,263.708,27.462634680965493,38.498653411865234,28.679880313451438,3.0756366481579382,11.036018730899741,31.325241236780403,34.63604685605033,32.107834625041,36.8608755546114,site_holdout
reactive_greedy,21,inside-out/active/bruhl/2025-03-02/ping-frntdeu1-2a0d:3341:b100:1e99::1-10ms-1h-2025-03-02-07-00-00.txt,bruhl,active,19.77495612935573,22.93720050441362,20.51191919191919,2.4252813124944304,0,1,267.792,29.282323678728062,32.746864318847656,30.269996014881308,2.1608645609859862,3.464540640119594,30.49491290276992,31.534275094805796,32.80328579560294,32.7933705187999,site_holdout
reactive_greedy,22,inside-out/active/bruhl/2025-03-01/ping-frntdeu1-2a0d:3341:b100:1e99::1-10ms-1h-2025-03-01-10-00-00.txt,bruhl,active,20.51191919191919,21.848869223205508,20.78126399601891,1.067605227186597,0,1,264.709,29.97075070612027,35.78681945800781,30.647023679500236,2.1286173952728036,5.816068751887542,32.00637476928091,33.75119539484717,33.16975695273935,35.25907249682044,site_holdout
reactive_greedy,23,inside-out/active/bruhl/2025-03-01/ping-frntdeu1-2a0d:3341:b100:1e99::1-10ms-1h-2025-03-01-00-00-00.txt,bruhl,active,20.78126399601891,25.691423001949317,19.5905023744064,6.100920627542916,0,1,257.5,30.3896642799682,32.491119384765625,30.71077086494654,2.0551688991587294,2.1014551047974237,31.125173566647298,31.755610098086525,33.48002359282792,33.1936316620786,site_holdout
reactive_greedy,24,inside-out/active/bruhl/2025-03-01/ping-frntdeu1-2a0d:3341:b100:1e99::1-10ms-1h-2025-03-01-09-00-00.txt,bruhl,active,19.5905023744064,25.015916787614906,20.604673379808933,4.411243407805973,0,1,257.917,28.934323922550902,33.884159088134766,29.779126699750066,2.2274777446650487,4.949835165583863,30.666766230505253,32.151716780180415,32.3350743040675,33.532039592557446,site_holdout
reactive_greedy,25,inside-out/active/bruhl/2025-03-01/ping-frntdeu1-2a0d:3341:b100:1e99::1-10ms-1h-2025-03-01-02-00-00.txt,bruhl,active,20.604673379808933,20.90941031941032,20.34140703517588,0.5680032842344396,0,1,258.708,28.833381725305117,38.72406768798828,29.59879746215798,2.4754239050915885,9.890685962683165,32.295121812244226,35.26232760104917,32.586414977628706,37.38244578396952,site_holdout
reactive_greedy,26,inside-out/active/bruhl/2025-03-01/ping-frntdeu1-2a0d:3341:b100:1e99::1-10ms-1h-2025-03-01-06-00-00.txt,bruhl,active,20.34140703517588,21.017214654767496,21.017214654767496,0.0,1,1,330.917,29.092670771256962,37.56001663208008,29.716641483557524,2.6226385880262706,8.467345860823116,32.056241822545054,34.596445580791986,32.727050118730475,36.486609861027546,site_holdout
reactive_greedy,27,inside-out/active/bruhl/2025-03-01/ping-frntdeu1-2a0d:3341:b100:1e99::1-10ms-1h-2025-03-01-06-00-00.txt,bruhl,active,21.017214654767496,21.831869997574582,20.733073244399694,1.098796753174888,0,1,272.875,29.07019252907594,33.75464630126953,30.243837449492585,2.6078518845905383,4.684453772193592,30.709751349343698,32.11508748100177,33.23070676459196,33.614513259877604,site_holdout
reactive_greedy,28,inside-out/active/bruhl/2025-03-01/ping-frntdeu1-2a0d:3341:b100:1e99::1-10ms-1h-2025-03-01-02-00-00.txt,bruhl,active,20.733073244399694,24.469428636467107,20.735983159980183,3.7334454764869243,0,1,330.208,27.77876663346524,39.80472183227539,28.84577491126663,2.7978037953598145,12.025955198810152,31.987850953048792,35.59563751269184,32.01214549218241,37.866250766968776,site_holdout
reactive_greedy,29,inside-out/active/bruhl/2025-03-02/ping-frntdeu1-2a0d:3341:b100:1e99::1-10ms-1h-2025-03-02-04-00-00.txt,bruhl,active,20.735983159980183,22.66416426889877,20.4912965798877,2.1728676890110705,0,1,264.667,28.90372821625897,35.252811431884766,29.938614290231442,2.70511267983767,6.349083215625797,31.125907341728,33.03063230641574,33.23883211098752,34.93692393885615,site_holdout
reactive_greedy,30,inside-out/active/bruhl/2025-03-01/ping-frntdeu1-2a0d:3341:b100:1e99::1-10ms-1h-2025-03-01-04-00-00.txt,bruhl,active,20.4912965798877,21.59710764587525,21.047496206373292,0.5496114395019589,0,1,264.458,29.732616648332623,38.648983001708984,30.133977592905936,2.16380498474929,8.916366353376361,32.85334487201435,35.528254778027254,32.917025585266295,37.58008566716328,site_holdout
reactive_greedy,31,inside-out/active/bruhl/2025-03-01/ping-frntdeu1-2a0d:3341:b100:1e99::1-10ms-1h-2025-03-01-02-00-00.txt,bruhl,active,21.047496206373292,21.059639007269993,20.748861949529935,0.3107770577400579,0,1,259.0,30.161193287946844,38.30215072631836,30.397504083228398,1.7260530258117723,8.140957438371515,33.01052839137687,35.45281562288833,32.76823399981238,37.343101513950636,site_holdout
reactive_greedy,32,inside-out/active/bruhl/2025-03-01/ping-frntdeu1-2a0d:3341:b100:1e99::1-10ms-1h-2025-03-01-06-00-00.txt,bruhl,active,20.748861949529935,19.962515754978572,19.962515754978572,0.0,1,1,261.25,28.883021008312426,34.158077239990234,30.05853314661094,2.4588711106070122,5.275056231677809,30.729290689399658,32.311807558903,32.969963180723646,33.90658988322823,site_holdout
reactive_greedy,33,inside-out/active/bruhl/2025-03-01/ping-frntdeu1-2a0d:3341:b100:1e99::1-10ms-1h-2025-03-01-06-00-00.txt,bruhl,active,19.962515754978572,23.406362515413072,20.64453380246293,2.761828712950141,0,1,257.334,27.55328822840147,36.48138427734375,28.846120953566633,2.9802424125933134,8.92809604894228,30.67812184553127,33.356550660213955,31.889901157373707,35.05795865947026,site_holdout
reactive_greedy,34,inside-out/active/bruhl/2025-03-01/ping-frntdeu1-2a0d:3341:b100:1e99::1-10ms-1h-2025-03-01-02-00-00.txt,bruhl,active,20.64453380246293,23.2448424796748,21.48294363770613,1.761898841968673,0,1,262.25,28.058642025626796,36.453941345214844,29.15366769725363,3.0097846919617544,8.395299319588048,30.996996787482615,33.51558658335903,32.2698855053804,35.213995804473285,site_holdout
reactive_greedy,35,inside-out/active/bruhl/2025-03-01/ping-frntdeu1-2a0d:3341:b100:1e99::1-10ms-1h-2025-03-01-01-00-00.txt,bruhl,active,21.48294363770613,20.83353703251039,20.164751826656587,0.6687852058538013,0,1,263.708,31.176793989500766,33.00373077392578,31.2057822706831,1.7221228258330734,1.8269367844250155,31.81622186404952,32.36430289937702,33.653150349178524,33.702772536940145,site_holdout
reactive_greedy,36,inside-out/active/bruhl/2025-03-01/ping-frntdeu1-2a0d:3341:b100:1e99::1-10ms-1h-2025-03-01-11-00-00.txt,bruhl,active,20.164751826656587,21.917024832855777,20.86603063017826,1.0509942026775185,0,1,256.625,28.749773934523546,35.361820220947266,29.878887681726944,2.550844791143471,6.61204628642372,31.06399013477185,33.04760402069896,32.63505047864125,34.55183785289804,site_holdout
reactive_greedy,37,inside-out/active/bruhl/2025-03-01/ping-frntdeu1-2a0d:3341:b100:1e99::1-10ms-1h-2025-03-01-05-00-00.txt,bruhl,active,20.86603063017826,20.98900420064245,20.363096741601417,0.6259074590410343,0,1,259.708,29.23969232473155,35.50823211669922,29.80837370184316,2.3666115104638235,6.268539791967669,31.433681251920234,33.314243189510535,32.636935925555065,34.994700759571344,site_holdout
reactive_greedy,38,inside-out/active/bruhl/2025-03-02/ping-frntdeu1-2a0d:3341:b100:1e99::1-10ms-1h-2025-03-02-03-00-00.txt,bruhl,active,20.363096741601417,25.04346959122632,18.971765564202336,6.0717040270239835,0,1,264.125,28.360656973112782,36.17276382446289,29.23527264195449,2.578996246464011,7.812106851350109,31.09489437108532,33.438526426490355,32.22408869068159,35.274305975504454,site_holdout
reactive_greedy,39,inside-out/active/bruhl/2025-03-01/ping-frntdeu1-2a0d:3341:b100:1e99::1-10ms-1h-2025-03-01-00-00-00.txt,bruhl,active,18.971765564202336,21.30540060851927,21.30540060851927,0.0,1,1,259.0,30.831866404440916,31.331710815429688,31.145265060404125,1.6457919762114543,0.4998444109887714,31.006811948286988,31.15676527158362,33.193836477187766,32.02097714730755,site_holdout
reactive_greedy,40,inside-out/active/bruhl/2025-03-01/ping-frntdeu1-2a0d:3341:b100:1e99::1-10ms-1h-2025-03-01-00-00-00.txt,bruhl,active,21.30540060851927,23.23990551964197,19.68281829419036,3.5570872254516104,0,1,257.417,29.875838370960082,39.22789764404297,30.012199361504397,1.864271612196768,9.352059273082887,33.14905911653909,35.95467689846396,32.5122319175455,37.99171167266577,site_holdout
reactive_greedy,41,inside-out/active/bruhl/2025-03-01/ping-frntdeu1-2a0d:3341:b100:1e99::1-10ms-1h-2025-03-01-05-00-00.txt,bruhl,active,19.68281829419036,24.781019760917296,21.646034963263237,3.1349847976540595,0,1,260.916,29.44763101493845,34.67078399658203,29.76788335916765,2.4006937456556052,5.2231529816435796,31.275734558513705,32.84268045300678,32.547775274781685,34.34436735754346,site_holdout
reactive_greedy,42,inside-out/active/bruhl/2025-03-01/ping-frntdeu1-2a0d:3341:b100:1e99::1-10ms-1h-2025-03-01-00-00-00.txt,bruhl,active,21.646034963263237,24.3424787363305,20.27023478919465,4.072243947135849,0,1,253.875,28.531111018851334,36.799095153808594,29.382627100069424,2.7428843277185937,8.26798413495726,31.424905466086372,33.90530070657355,32.591399524956934,35.88370829916784,site_holdout
reactive_greedy,43,inside-out/active/bruhl/2025-03-01/ping-frntdeu1-2a0d:3341:b100:1e99::1-10ms-1h-2025-03-01-06-00-00.txt,bruhl,active,20.27023478919465,24.46656596173213,21.099264892268696,3.3673010694634335,0,1,256.542,29.61771301461613,36.240623474121094,30.092502277557173,2.0992514971373732,6.622910459504965,31.935731675442867,33.922604813294356,32.61761339259677,35.53556835143142,site_holdout
reactive_greedy,44,inside-out/active/bruhl/2025-03-02/ping-frntdeu1-2a0d:3341:b100:1e99::1-10ms-1h-2025-03-02-05-00-00.txt,bruhl,active,21.099264892268696,21.735788407997976,20.49430331023865,1.2414850977593268,0,1,256.833,28.17502554594921,39.19369888305664,29.042866095404374,2.6119792681738887,11.01867333710743,32.03156121393681,35.33716321506904,32.00582248392919,37.44300248617418,site_holdout
reactive_greedy,45,inside-out/active/bruhl/2025-03-01/ping-frntdeu1-2a0d:3341:b100:1e99::1-10ms-1h-2025-03-01-05-00-00.txt,bruhl,active,20.49430331023865,20.57347623966942,20.57347623966942,0.0,1,1,253.375,28.316361636459078,38.39911651611328,29.305139936534072,2.3791755485894988,10.082754879654203,31.84532584433805,34.87015230823431,32.28042948921587,37.069335687439406,site_holdout
reactive_greedy,46,inside-out/active/bruhl/2025-03-01/ping-frntdeu1-2a0d:3341:b100:1e99::1-10ms-1h-2025-03-01-05-00-00.txt,bruhl,active,20.57347623966942,22.688559959859507,19.863144779466733,2.825415180392774,0,1,257.709,29.02372079599536,40.36139678955078,29.50370640237611,2.321961066046425,11.337675993555422,32.99190739373976,36.39321019180638,32.23868092403465,38.52048151328564,site_holdout
reactive_greedy,47,inside-out/active/bruhl/2025-03-02/ping-frntdeu1-2a0d:3341:b100:1e99::1-10ms-1h-2025-03-02-06-00-00.txt,bruhl,active,19.863144779466733,21.352409021014864,20.61034654699576,0.7420624740191037,0,1,255.791,28.889303797506727,32.63517761230469,29.703009559460227,2.2824044679382727,3.74587381479796,30.200359632686013,31.324121777125402,32.32200326132218,32.60589950951344,site_holdout
reactive_greedy,48,inside-out/active/bruhl/2025-03-02/ping-frntdeu1-2a0d:3341:b100:1e99::1-10ms-1h-2025-03-02-02-00-00.txt,bruhl,active,20.61034654699576,22.92061456569078,20.629825,2.2907895656907797,0,1,255.167,28.993863938736467,34.98418426513672,29.946382171491937,2.374895558243001,5.990320326400251,31.090476052976555,32.88757215089663,32.66217467045761,34.42122501382008,site_holdout
reactive_greedy,49,inside-out/active/bruhl/2025-03-02/ping-frntdeu1-2a0d:3341:b100:1e99::1-10ms-1h-2025-03-02-04-00-00.txt,bruhl,active,20.629825,21.287345995893222,21.08513931888545,0.20220667700777284,0,1,296.167,34.382262845236255,36.91014099121094,33.38173141166114,3.082661942212244,2.5278781459746824,35.267020196327394,36.0253836401198,39.01626726461745,39.60071085101439,site_holdout
reactive_greedy,50,inside-out/active/bruhl/2025-03-01/ping-frntdeu1-2a0d:3341:b100:1e99::1-10ms-1h-2025-03-01-02-00-00.txt,bruhl,active,21.08513931888545,20.572501897293193,20.44888777805549,0.12361411923770405,0,1,297.791,28.83197920076873,38.56583786010742,29.68628931531321,2.4205286004065387,9.733858659338694,32.23882973153727,35.15898732933888,32.74612256500464,37.376809994659276,site_holdout
reactive_greedy,51,inside-out/active/bruhl/2025-03-01/ping-frntdeu1-2a0d:3341:b100:1e99::1-10ms-1h-2025-03-01-03-00-00.txt,bruhl,active,20.44888777805549,23.379133266533067,20.069478908188582,3.309654358344485,0,1,263.5,30.48446470935869,34.0047492980957,31.09046425933295,2.0622641213094592,3.520284588737013,31.716564315416644,32.772649692037746,33.66804563876708,34.15556143936349,site_holdout
reactive_greedy,52,inside-out/active/bruhl/2025-03-01/ping-frntdeu1-2a0d:3341:b100:1e99::1-10ms-1h-2025-03-01-01-00-00.txt,bruhl,active,20.069478908188582,26.109423828125,20.596300893743795,5.5131229343812045,0,1,262.708,28.993370302776384,35.69830322265625,29.601703639115083,2.306246375275688,6.704932919879866,31.340096824734335,33.351576700698295,32.288476080763985,34.97915765287842,site_holdout
reactive_greedy,53,inside-out/active/bruhl/2025-03-02/ping-frntdeu1-2a0d:3341:b100:1e99::1-10ms-1h-2025-03-02-08-00-00.txt,bruhl,active,20.596300893743795,22.775910780669147,20.62198079838302,2.153929982286126,0,1,261.833,31.680324666278466,33.411888122558594,31.43802132799974,1.4824890517069853,1.7315634562801279,32.28637187597651,32.80584091286055,33.5321183268439,33.96122746855249,site_holdout
reactive_greedy,54,inside-out/active/bruhl/2025-03-01/ping-frntdeu1-2a0d:3341:b100:1e99::1-10ms-1h-2025-03-01-11-00-00.txt,bruhl,active,20.62198079838302,22.029937076476283,21.13926191696566,0.890675159510625,0,1,261.416,28.940407858264734,36.86420822143555,29.37124948027973,2.921095333064317,7.9238003631708125,31.713737985374518,34.09087809432576,32.66590384289611,35.98709099346099,site_holdout
reactive_greedy,55,inside-out/active/bruhl/2025-03-02/ping-frntdeu1-2a0d:3341:b100:1e99::1-10ms-1h-2025-03-02-05-00-00.txt,bruhl,active,21.13926191696566,23.040902255639097,20.780806331931736,2.260095923707361,0,1,257.416,29.281746492024467,38.49982833862305,30.127524132521255,2.113686747513664,9.21808184659858,32.50807513833397,35.27349969231354,33.10227554417812,37.58479422799502,site_holdout
reactive_greedy,56,inside-out/active/bruhl/2025-03-02/ping-frntdeu1-2a0d:3341:b100:1e99::1-10ms-1h-2025-03-02-01-00-00.txt,bruhl,active,20.780806331931736,22.1087841191067,21.17579214195184,0.9329919771548632,0,1,259.333,28.792799262890185,33.5687255859375,29.94433380350929,2.703111948599248,4.775926323047315,30.464373475956744,31.89715137287094,33.1830644976978,33.58614073791475,site_holdout
reactive_greedy,57,inside-out/active/bruhl/2025-03-01/ping-frntdeu1-2a0d:3341:b100:1e99::1-10ms-1h-2025-03-01-08-00-00.txt,bruhl,active,21.17579214195184,21.670523345305284,20.59482673267327,1.075696612632015,0,1,260.917,29.324972802632146,36.993106842041016,29.94014916673766,2.5622395167676335,7.668134039408869,32.00881971642525,34.30925992824791,32.98920486184151,36.20344938971692,site_holdout
reactive_greedy,58,inside-out/active/bruhl/2025-03-02/ping-frntdeu1-2a0d:3341:b100:1e99::1-10ms-1h-2025-03-02-09-00-00.txt,bruhl,active,20.59482673267327,20.75279534530736,20.75279534530736,0.0,1,1,265.5,30.433588436564605,35.297828674316406,30.1502398365584,1.848278187764084,4.864240237751801,32.136072519777734,33.59534459110328,32.61031292621159,35.155633063708585,site_holdout
reactive_greedy,59,inside-out/active/bruhl/2025-03-02/ping-frntdeu1-2a0d:3341:b100:1e99::1-10ms-1h-2025-03-02-09-00-00.txt,bruhl,active,20.75279534530736,19.0,19.0,0.0,1,1,257.792,29.21151313498831,40.994789123535156,29.463165286316876,1.6956786509414616,11.783275988546848,33.33565973097971,36.87064252754376,31.776868251464567,39.09091410334004,site_holdout
predictive_greedy,0,inside-out/active/bruhl/2025-03-01/ping-frntdeu1-2a0d:3341:b100:1e99::1-10ms-1h-2025-03-01-08-00-00.txt,bruhl,active,21.084192968950475,25.242821965033244,20.71283367556468,4.529988289468562,0,1,280.75,28.222782576759528,37.33665084838867,28.704522155999395,4.407290446595495,9.113868271629144,31.412636471829728,34.14679695331847,33.121338056422616,36.169531845957984,site_holdout
predictive_greedy,1,inside-out/active/bruhl/2025-03-02/ping-frntdeu1-2a0d:3341:b100:1e99::1-10ms-1h-2025-03-02-07-00-00.txt,bruhl,active,21.621100691016785,22.383109452736317,21.105583756345176,1.277525696391141,0,1,264.875,26.968662113996288,37.18593978881836,28.791385100362138,2.6158555654902558,10.217277674822071,30.544709300184014,33.60989260263064,32.01948112484036,35.897824720473366,site_holdout
predictive_greedy,2,inside-out/active/bruhl/2025-03-02/ping-frntdeu1-2a0d:3341:b100:1e99::1-10ms-1h-2025-03-02-01-00-00.txt,bruhl,active,21.83260422027792,22.613771712158808,20.28618881118881,2.327582900969997,0,1,262.083,28.935656640248453,38.769229888916016,28.95176468358871,2.7525243974687466,9.833573248667562,32.3774072772821,35.32747925188237,31.90471101535879,37.19938961041764,site_holdout
predictive_greedy,3,inside-out/active/bruhl/2025-03-01/ping-frntdeu1-2a0d:3341:b100:1e99::1-10ms-1h-2025-03-01-12-00-00.txt,bruhl,active,22.920963244613436,26.77020901536137,20.13326633165829,6.636942683703079,0,1,258.583,28.258944078246714,39.85005569458008,29.801730110643177,2.8801094833893757,11.591111616333365,32.31583314396339,35.793166628863396,33.25604191474452,38.24650748205605,site_holdout
predictive_greedy,4,inside-out/active/bruhl/2025-03-02/ping-frntdeu1-2a0d:3341:b100:1e99::1-10ms-1h-2025-03-02-06-00-00.txt,bruhl,active,20.13326633165829,22.04747169811321,20.880678314491263,1.1667933836219468,0,1,261.375,28.06262546603648,36.584381103515625,29.393832267173806,2.721516418625131,8.521755637479146,31.04523993915418,33.601766630397925,32.35132964552348,35.370302258526664,site_holdout
predictive_greedy,5,inside-out/active/bruhl/2025-03-01/ping-frntdeu1-2a0d:3341:b100:1e99::1-10ms-1h-2025-03-01-04-00-00.txt,bruhl,active,21.36253074610549,20.95093565752371,20.2340598073999,0.716875850123813,0,1,257.625,27.85257522138636,38.22349548339844,29.017082002550247,2.5867454031581225,10.370920262012078,31.482397313090587,34.59367339169421,32.252300053722344,36.92592441669892,site_holdout
predictive_greedy,6,inside-out/active/bruhl/2025-03-02/ping-frntdeu1-2a0d:3341:b100:1e99::1-10ms-1h-2025-03-02-06-00-00.txt,bruhl,active,22.24912150457807,22.435783071464776,20.65521835677276,1.7805647146920158,0,1,257.958,28.708210077657895,34.27448654174805,29.99697700431716,2.711829844419919,5.566276464090151,30.65640684008945,32.3262897793165,33.33829886630058,34.19036690439398,site_holdout
predictive_greedy,7,inside-out/active/bruhl/2025-03-02/ping-frntdeu1-2a0d:3341:b100:1e99::1-10ms-1h-2025-03-02-06-00-00.txt,bruhl,active,22.435783071464776,23.368759018759015,21.00799489144317,2.3607641273158464,0,1,261.042,27.86153432483934,39.676116943359375,29.546043986327657,3.11742771006447,11.814582618520035,31.996638241321353,35.541013026877366,33.15557876146527,37.99393528131862,site_holdout
predictive_greedy,8,inside-out/active/bruhl/2025-03-01/ping-frntdeu1-2a0d:3341:b100:1e99::1-10ms-1h-2025-03-01-06-00-00.txt,bruhl,active,21.514926904334445,23.433044365119837,20.726799007444168,2.7062453576756695,0,1,258.0,28.0569330023136,41.91279220581055,29.376934920143828,2.632746427215435,13.855859203496948,32.906483723537534,37.06324148458662,32.64974045730254,39.74707312168346,site_holdout
predictive_greedy,9,inside-out/active/bruhl/2025-03-01/ping-frntdeu1-2a0d:3341:b100:1e99::1-10ms-1h-2025-03-01-13-00-00.txt,bruhl,active,21.181658611040447,21.353409385532796,20.73554078240859,0.6178686031242044,0,1,258.958,28.43441899463869,35.799293518066406,29.71316572760246,2.8447489471570533,7.364874523427716,31.01212507783839,33.221587434866706,32.861162917256166,34.97251036649539,site_holdout
predictive_greedy,10,inside-out/active/bruhl/2025-03-01/ping-frntdeu1-2a0d:3341:b100:1e99::1-10ms-1h-2025-03-01-13-00-00.txt,bruhl,active,21.353409385532796,23.848705823792933,20.62792480831066,3.220781015482274,0,1,368.375,27.647218255124244,40.06712341308594,28.99505206179343,2.8523993964740058,12.419905157961693,31.994185060410835,35.720156607799346,32.231628809890054,38.05942432433663,site_holdout
predictive_greedy,11,inside-out/active/bruhl/2025-03-02/ping-frntdeu1-2a0d:3341:b100:1e99::1-10ms-1h-2025-03-02-04-00-00.txt,bruhl,active,22.097878566203367,20.988393297190733,20.360533672172807,0.6278596250179262,0,1,269.584,28.925455860987313,34.959625244140625,30.414502256185287,2.8012606889301104,6.034169383153312,31.03741514509097,32.84766596003696,33.567058587329065,34.50269371279849,site_holdout
predictive_greedy,12,inside-out/active/bruhl/2025-03-02/ping-frntdeu1-2a0d:3341:b100:1e99::1-10ms-1h-2025-03-02-00-00-00.txt,bruhl,active,21.726165413533835,22.926119969627944,19.729985007496257,3.196134962131687,0,1,261.375,28.385610196986818,36.45603942871094,29.637380767203,2.9850773063005716,8.07042923172412,31.21026042809026,33.6313891976075,32.92183866216235,35.48408203601383,site_holdout
predictive_greedy,13,inside-out/active/bruhl/2025-03-01/ping-frntdeu1-2a0d:3341:b100:1e99::1-10ms-1h-2025-03-01-09-00-00.txt,bruhl,active,21.19303153611394,24.769858595881914,21.172549498900025,3.5973090969818884,0,1,251.083,28.40679465775247,38.50759506225586,29.549360899385547,2.698565692178472,10.100800404503389,31.94207479932866,34.97231492067967,32.70851897986255,37.11762877247317,site_holdout
predictive_greedy,14,inside-out/active/bruhl/2025-03-02/ping-frntdeu1-2a0d:3341:b100:1e99::1-10ms-1h-2025-03-02-04-00-00.txt,bruhl,active,21.568996731204425,23.252703712932966,21.396557079989645,1.8561466329433216,0,1,352.042,28.383987684335807,41.281089782714844,29.416394585805783,2.654743098378565,12.897102098379037,32.897973418768466,36.76710404828218,32.691903045770424,39.3412653943008,site_holdout
predictive_greedy,15,inside-out/active/bruhl/2025-03-01/ping-frntdeu1-2a0d:3341:b100:1e99::1-10ms-1h-2025-03-01-16-00-00.txt,bruhl,active,21.567251461988302,25.35020366598778,19.798456477732795,5.551747188254986,0,1,287.875,28.33239696453802,40.43795394897461,29.53428707840315,2.7278817777646607,12.10555698443659,32.569341909090824,36.2010090044218,32.716778183483335,38.548144474622156,site_holdout
predictive_greedy,16,inside-out/active/bruhl/2025-03-02/ping-frntdeu1-2a0d:3341:b100:1e99::1-10ms-1h-2025-03-02-04-00-00.txt,bruhl,active,22.43227928155831,23.34118092354277,20.071084941117515,3.2700959824252536,0,1,265.333,28.202540052936456,37.68440628051758,29.560842438180543,2.8274431887830125,9.481866227581122,31.521193232589848,34.36575310086418,32.84254732985937,36.47506222371386,site_holdout
predictive_greedy,17,inside-out/active/bruhl/2025-03-01/ping-frntdeu1-2a0d:3341:b100:1e99::1-10ms-1h-2025-03-01-09-00-00.txt,bruhl,active,22.380256980479366,25.123856129190116,19.37195544554455,5.751900683645566,0,1,257.959,28.135619445756674,37.33324432373047,29.660789690330958,3.0566980082268658,9.197624877973794,31.3547881530475,34.11407561643964,33.015320670375985,36.0958455781119,site_holdout
predictive_greedy,18,inside-out/active/bruhl/2025-03-02/ping-frntdeu1-2a0d:3341:b100:1e99::1-10ms-1h-2025-03-02-04-00-00.txt,bruhl,active,21.12011788826243,22.1106783919598,20.677525252525253,1.4331531394345483,0,1,262.125,28.05377102635157,39.005741119384766,29.316347827878367,2.7807377230430417,10.951970093033196,31.886960558913188,35.17255158682315,32.57496611244049,37.440813588406314,site_holdout
predictive_greedy,19,inside-out/active/bruhl/2025-03-01/ping-frntdeu1-2a0d:3341:b100:1e99::1-10ms-1h-2025-03-01-06-00-00.txt,bruhl,active,20.900098015192356,20.94179447852761,20.94179447852761,0.0,1,1,263.417,28.121435943559845,33.847694396972656,29.56020269399077,2.8715824750111176,5.726258453412811,30.12562640225433,31.84350393827817,32.745425189789145,33.447665423159485,site_holdout
predictive_greedy,20,inside-out/active/bruhl/2025-03-01/ping-frntdeu1-2a0d:3341:b100:1e99::1-10ms-1h-2025-03-01-06-00-00.txt,bruhl,active,20.94179447852761,24.665066798614543,19.77495612935573,4.890110669258814,0,1,257.875,27.462634680965493,38.498653411865234,28.679880313451438,3.0756366481579382,11.036018730899741,31.325241236780403,34.63604685605033,32.107834625041,36.8608755546114,site_holdout
predictive_greedy,21,inside-out/active/bruhl/2025-03-01/ping-frntdeu1-2a0d:3341:b100:1e99::1-10ms-1h-2025-03-01-10-00-00.txt,bruhl,active,23.785933568193258,20.51191919191919,20.51191919191919,0.0,1,1,263.208,28.71750752108528,37.89632034301758,30.349584255826553,2.957667709865107,9.178812821932297,31.930092008761584,34.683735855341276,33.94085310392303,36.974635203232154,site_holdout
predictive_greedy,22,inside-out/active/bruhl/2025-03-01/ping-frntdeu1-2a0d:3341:b100:1e99::1-10ms-1h-2025-03-01-21-00-00.txt,bruhl,active,22.388236757025616,27.438258823529413,20.78126399601891,6.656994827510502,0,1,260.542,28.622855521588463,33.05695343017578,29.983465610805965,2.6824202170301445,4.434097908587319,30.174789789594023,31.505019162170218,33.21712483280629,33.17027301225667,site_holdout
predictive_greedy,23,inside-out/active/bruhl/2025-03-02/ping-frntdeu1-2a0d:3341:b100:1e99::1-10ms-1h-2025-03-02-01-00-00.txt,bruhl,active,23.1512762193581,21.07638709677419,19.5905023744064,1.4858847223677891,0,1,258.542,28.363959977238665,38.445640563964844,29.285259988123787,2.664747907893283,10.08168058672618,31.892548182592826,34.91705235861068,32.66166831544436,37.30306781368391,site_holdout
predictive_greedy,24,inside-out/active/bruhl/2025-03-02/ping-frntdeu1-2a0d:3341:b100:1e99::1-10ms-1h-2025-03-02-01-00-00.txt,bruhl,active,21.07638709677419,21.33086696562033,20.604673379808933,0.7261935858113979,0,1,258.542,27.380869972990695,37.600921630859375,28.388029163070534,2.6879440776608923,10.22005165786868,30.957888053244734,34.02390355060534,31.32909707337718,35.971018568453175,site_holdout
predictive_greedy,25,inside-out/active/bruhl/2025-03-02/ping-frntdeu1-2a0d:3341:b100:1e99::1-10ms-1h-2025-03-02-04-00-00.txt,bruhl,active,21.503425012973533,22.81045364891519,20.34140703517588,2.469046613739309,0,1,266.375,27.84315289225833,40.15430450439453,28.99890713431158,2.943797175653801,12.3111516121362,32.152055956506,35.84540144014686,32.327078415899834,38.196840001208386,site_holdout
predictive_greedy,26,inside-out/active/bruhl/2025-03-02/ping-frntdeu1-2a0d:3341:b100:1e99::1-10ms-1h-2025-03-02-01-00-00.txt,bruhl,active,22.0592759051186,21.921303130567573,21.017214654767496,0.9040884758000765,0,1,259.25,28.358891944292736,37.762184143066406,29.372124678828147,2.9283614244642266,9.40329219877367,31.65004421386352,34.47103187349562,32.68083893430616,36.52380428050283,site_holdout
predictive_greedy,27,inside-out/active/bruhl/2025-03-02/ping-frntdeu1-2a0d:3341:b100:1e99::1-10ms-1h-2025-03-02-01-00-00.txt,bruhl,active,21.921303130567573,22.291713244228433,20.733073244399694,1.5586399998287384,0,1,261.709,27.919857609287646,40.3486442565918,29.07011145655276,2.8644541602214812,12.42878664730415,32.269932935844096,35.99856893003534,32.390601244321026,38.413596762367916,site_holdout
predictive_greedy,28,inside-out/active/bruhl/2025-03-01/ping-frntdeu1-2a0d:3341:b100:1e99::1-10ms-1h-2025-03-01-02-00-00.txt,bruhl,active,20.733073244399694,24.469428636467107,20.735983159980183,3.7334454764869243,0,1,327.041,27.77876663346524,39.80472183227539,28.84577491126663,2.7978037953598145,12.025955198810152,31.987850953048792,35.59563751269184,32.01214549218241,37.866250766968776,site_holdout
predictive_greedy,29,inside-out/active/bruhl/2025-03-01/ping-frntdeu1-2a0d:3341:b100:1e99::1-10ms-1h-2025-03-01-03-00-00.txt,bruhl,active,21.282998493219488,30.472679771087336,20.4912965798877,9.981383191199637,0,1,257.959,28.677922558222235,36.24061965942383,29.68252545571061,2.8468724328268955,7.562697101201593,31.32486654364279,33.59367567400327,32.940724100748234,35.472989704540886,site_holdout
predictive_greedy,30,inside-out/active/bruhl/2025-03-02/ping-frntdeu1-2a0d:3341:b100:1e99::1-10ms-1h-2025-03-02-04-00-00.txt,bruhl,active,22.66416426889877,21.515481986368066,21.047496206373292,0.4679857799947733,0,1,256.625,28.503831694632936,40.295196533203125,29.247904278343995,2.4821473279890363,11.791364838570189,32.630809388132505,36.16821883970356,32.550030304083045,38.78787085330785,site_holdout
predictive_greedy,31,inside-out/active/bruhl/2025-03-01/ping-frntdeu1-2a0d:3341:b100:1e99::1-10ms-1h-2025-03-01-06-00-00.txt,bruhl,active,21.27803295057414,20.748861949529935,20.748861949529935,0.0,1,1,262.667,29.11242282281728,34.189353942871094,30.056341789889423,2.548293195385729,5.076931120053814,30.889348714836117,32.41242805085226,33.086158087123806,34.03871756355273,site_holdout
predictive_greedy,32,inside-out/active/bruhl/2025-03-01/ping-frntdeu1-2a0d:3341:b100:1e99::1-10ms-1h-2025-03-01-02-00-00.txt,bruhl,active,21.059639007269993,21.813275862068966,19.962515754978572,1.8507601070903945,0,1,262.084,27.630991834351335,36.601776123046875,29.03159666097575,2.999550616201193,8.97078428869554,30.77076633539477,33.462001622003434,32.37550004187259,35.45332046961894,site_holdout
predictive_greedy,33,inside-out/active/bruhl/2025-03-01/ping-frntdeu1-2a0d:3341:b100:1e99::1-10ms-1h-2025-03-01-06-00-00.txt,bruhl,active,19.962515754978572,23.406362515413072,20.64453380246293,2.761828712950141,0,1,329.667,27.55328822840147,36.48138427734375,28.846120953566633,2.9802424125933134,8.92809604894228,30.67812184553127,33.356550660213955,31.889901157373707,35.05795865947026,site_holdout
predictive_greedy,34,inside-out/active/bruhl/2025-03-01/ping-frntdeu1-2a0d:3341:b100:1e99::1-10ms-1h-2025-03-01-11-00-00.txt,bruhl,active,22.5557929969104,23.982849673202615,21.48294363770613,2.499906035496487,0,1,262.042,27.975075490174277,36.498268127441406,29.553491248622827,3.174749309380438,8.52319263726713,30.958192913217772,33.51515070439791,33.14293778761314,35.57585452507961,site_holdout
predictive_greedy,35,inside-out/active/bruhl/2025-03-01/ping-frntdeu1-2a0d:3341:b100:1e99::1-10ms-1h-2025-03-01-02-00-00.txt,bruhl,active,23.2448424796748,23.209002735637903,20.164751826656587,3.044250908981315,0,1,256.791,28.50256051796441,37.70105743408203,29.490116456685808,2.764926019572291,9.19849691611762,31.72203443860558,34.48158351344087,32.912324339849235,36.74994657353683,site_holdout
predictive_greedy,36,inside-out/active/bruhl/2025-03-02/ping-frntdeu1-2a0d:3341:b100:1e99::1-10ms-1h-2025-03-02-05-00-00.txt,bruhl,active,20.20459145889904,21.675483870967746,20.86603063017826,0.8094532407894874,0,1,256.958,28.257290447390005,33.62432098388672,29.425821951465448,2.7576909503993208,5.3670305364967135,30.135751135163858,31.745860296112873,32.46373834159578,33.25221152709338,site_holdout
predictive_greedy,37,inside-out/active/bruhl/2025-03-01/ping-frntdeu1-2a0d:3341:b100:1e99::1-10ms-1h-2025-03-01-17-00-00.txt,bruhl,active,21.274918485076498,27.031331658291457,20.363096741601417,6.668234916690039,0,1,256.417,27.950365378786046,33.54521560668945,29.369280910991368,2.5646995788375846,5.594850227903407,29.90856295855224,31.58701802692326,32.2878336809201,33.14153113551414,site_holdout
predictive_greedy,38,inside-out/active/bruhl/2025-03-01/ping-frntdeu1-2a0d:3341:b100:1e99::1-10ms-1h-2025-03-01-05-00-00.txt,bruhl,active,20.98900420064245,21.578173076923076,18.971765564202336,2.6064075127207396,0,1,254.958,27.64290077880196,35.3701286315918,29.027369137790473,3.1595105729317097,7.727227852789838,30.347430527278405,32.66559888311536,32.30359261484466,34.344912215749744,site_holdout
predictive_greedy,39,inside-out/active/bruhl/2025-03-02/ping-frntdeu1-2a0d:3341:b100:1e99::1-10ms-1h-2025-03-02-05-00-00.txt,bruhl,active,21.7218805142425,22.84447192678704,21.30540060851927,1.5390713182677693,0,1,260.041,27.794129789249382,37.51593017578125,28.995820435546566,3.007578129455821,9.721800386531868,31.196759924535534,34.1133000404951,32.62285085741698,36.456826903926824,site_holdout
predictive_greedy,40,inside-out/active/bruhl/2025-03-01/ping-frntdeu1-2a0d:3341:b100:1e99::1-10ms-1h-2025-03-01-11-00-00.txt,bruhl,active,23.84308426073132,22.38736489963973,19.68281829419036,2.704546605449373,0,1,256.5,27.325184109074144,40.2578010559082,28.86265621066603,3.166821840033213,12.93261694683406,31.851600040466064,35.73138512451628,32.36521610696369,38.15209033547244,site_holdout
predictive_greedy,41,inside-out/active/bruhl/2025-03-02/ping-frntdeu1-2a0d:3341:b100:1e99::1-10ms-1h-2025-03-02-01-00-00.txt,bruhl,active,21.241345427059713,24.44104218362283,21.646034963263237,2.7950072203595937,0,1,258.666,28.289292387724345,39.12872314453125,29.364778323776836,2.5828638041422547,10.839430756806905,32.083093152606764,35.33492237964884,32.34292567915277,37.45986495759877,site_holdout
predictive_greedy,42,inside-out/active/bruhl/2025-03-01/ping-frntdeu1-2a0d:3341:b100:1e99::1-10ms-1h-2025-03-01-00-00-00.txt,bruhl,active,21.646034963263237,24.3424787363305,20.27023478919465,4.072243947135849,0,1,267.125,28.531111018851334,36.799095153808594,29.382627100069424,2.7428843277185937,8.26798413495726,31.424905466086372,33.90530070657355,32.591399524956934,35.88370829916784,site_holdout
predictive_greedy,43,inside-out/active/bruhl/2025-03-02/ping-frntdeu1-2a0d:3341:b100:1e99::1-10ms-1h-2025-03-02-05-00-00.txt,bruhl,active,21.03521870286576,21.099264892268696,21.099264892268696,0.0,1,1,254.042,28.737455289451646,36.369808197021484,29.577683117335457,2.5693305070301586,7.632352907569839,31.408778807101086,33.69848467937204,32.57821601948557,35.53525499200652,site_holdout
predictive_greedy,44,inside-out/active/bruhl/2025-03-02/ping-frntdeu1-2a0d:3341:b100:1e99::1-10ms-1h-2025-03-02-05-00-00.txt,bruhl,active,21.099264892268696,21.735788407997976,20.49430331023865,1.2414850977593268,0,1,255.5,28.17502554594921,39.19369888305664,29.042866095404374,2.6119792681738887,11.01867333710743,32.03156121393681,35.33716321506904,32.00582248392919,37.44300248617418,site_holdout
predictive_greedy,45,inside-out/active/bruhl/2025-03-01/ping-frntdeu1-2a0d:3341:b100:1e99::1-10ms-1h-2025-03-01-05-00-00.txt,bruhl,active,20.49430331023865,20.57347623966942,20.57347623966942,0.0,1,1,262.75,28.316361636459078,38.39911651611328,29.305139936534072,2.3791755485894988,10.082754879654203,31.84532584433805,34.87015230823431,32.28042948921587,37.069335687439406,site_holdout
predictive_greedy,46,inside-out/active/bruhl/2025-03-02/ping-frntdeu1-2a0d:3341:b100:1e99::1-10ms-1h-2025-03-02-06-00-00.txt,bruhl,active,21.61528989225244,19.863144779466733,19.863144779466733,0.0,1,1,257.917,28.36613690472859,37.553306579589844,29.452522968048598,2.8196096590937665,9.187169674861252,31.58164629093003,34.337797193388404,32.6988274578698,36.38811140637541,site_holdout
predictive_greedy,47,inside-out/active/bruhl/2025-03-02/ping-frntdeu1-2a0d:3341:b100:1e99::1-10ms-1h-2025-03-02-06-00-00.txt,bruhl,active,19.863144779466733,21.352409021014864,20.61034654699576,0.7420624740191037,0,1,258.375,28.889303797506727,32.63517761230469,29.703009559460227,2.2824044679382727,3.74587381479796,30.200359632686013,31.324121777125402,32.32200326132218,32.60589950951344,site_holdout
predictive_greedy,48,inside-out/active/bruhl/2025-03-02/ping-frntdeu1-2a0d:3341:b100:1e99::1-10ms-1h-2025-03-02-11-00-00.txt,bruhl,active,20.824116781157997,21.326245596376445,20.629825,0.6964205963764449,0,1,256.083,28.417695980378994,33.7056770324707,29.686521742376776,2.568432240739052,5.287981052091709,30.26848934861109,31.854883664238603,32.634635389234575,33.405471235751286,site_holdout
predictive_greedy,49,inside-out/active/bruhl/2025-03-02/ping-frntdeu1-2a0d:3341:b100:1e99::1-10ms-1h-2025-03-02-11-00-00.txt,bruhl,active,21.326245596376445,22.19843631778058,21.08513931888545,1.1132969988951302,0,1,258.542,27.83522542965693,40.37687683105469,28.675215659975795,2.730091877488429,12.541651401397758,32.224803420146145,35.98729884056547,31.7571789547568,38.275858367369935,site_holdout
predictive_greedy,50,inside-out/active/bruhl/2025-03-01/ping-frntdeu1-2a0d:3341:b100:1e99::1-10ms-1h-2025-03-01-10-00-00.txt,bruhl,active,22.930023273855703,24.06526582278481,20.44888777805549,3.61637804472932,0,1,255.041,28.221845775645306,41.13131332397461,29.430460909147186,2.952187609115589,12.909467548329303,32.74015941756056,36.61299968205935,32.980917944759504,39.24026276566791,site_holdout
predictive_greedy,51,inside-out/active/bruhl/2025-03-02/ping-frntdeu1-2a0d:3341:b100:1e99::1-10ms-1h-2025-03-02-04-00-00.txt,bruhl,active,20.458820551759047,23.986740467404672,20.069478908188582,3.91726155921609,0,1,261.0,27.79735468693616,37.32620620727539,28.740230857138272,3.072395025381805,9.52885152033923,31.13245271905489,33.99110817515666,32.057633596732714,35.957099797748675,site_holdout
predictive_greedy,52,inside-out/active/bruhl/2025-03-01/ping-frntdeu1-2a0d:3341:b100:1e99::1-10ms-1h-2025-03-01-14-00-00.txt,bruhl,active,24.525943877551025,24.55156674068591,20.596300893743795,3.9552658469421154,0,1,253.5,28.401168973930908,43.69698715209961,29.75825820477371,2.8148723734349224,15.295818178168702,33.75470533628995,38.343450789740565,33.263421955880936,41.26704207858847,site_holdout
predictive_greedy,53,inside-out/active/bruhl/2025-03-01/ping-frntdeu1-2a0d:3341:b100:1e99::1-10ms-1h-2025-03-01-02-00-00.txt,bruhl,active,23.778984592068703,25.445037974683544,20.62198079838302,4.823057176300523,0,1,287.042,28.845030648208194,38.47909164428711,29.486829000453554,2.697218135151628,9.634060996078915,32.21695199683582,35.10717029565949,32.866874583649846,37.42770837709995,site_holdout
predictive_greedy,54,inside-out/active/bruhl/2025-03-02/ping-frntdeu1-2a0d:3341:b100:1e99::1-10ms-1h-2025-03-02-09-00-00.txt,bruhl,active,20.63209197700575,23.170796019900497,21.13926191696566,2.031534102934838,0,1,253.542,27.744325003705853,36.39537811279297,28.88541479482275,2.8660776440253524,8.651053109087115,30.772193591886346,33.36750952461248,31.96074080089334,35.158382608572765,site_holdout
predictive_greedy,55,inside-out/active/bruhl/2025-03-01/ping-frntdeu1-2a0d:3341:b100:1e99::1-10ms-1h-2025-03-01-02-00-00.txt,bruhl,active,22.561879021879022,22.591304347826085,20.780806331931736,1.8104980158943498,0,1,266.375,28.441594904355043,38.55547332763672,29.645335360811252,2.786685978184621,10.113878423281676,31.981452352503627,35.01561587948813,33.15753293555439,37.44918681292097,site_holdout
predictive_greedy,56,inside-out/active/bruhl/2025-03-02/ping-frntdeu1-2a0d:3341:b100:1e99::1-10ms-1h-2025-03-02-09-00-00.txt,bruhl,active,21.538257768721344,25.36848499285374,21.17579214195184,4.192692850901903,0,1,254.125,28.471009704513563,38.730865478515625,29.31235080663474,2.6048108001377366,10.259855774002062,32.061959225414284,35.1399159576149,32.34105496163072,37.240997589907785,site_holdout
predictive_greedy,57,inside-out/active/bruhl/2025-03-01/ping-frntdeu1-2a0d:3341:b100:1e99::1-10ms-1h-2025-03-01-04-00-00.txt,bruhl,active,22.9062954602458,23.509030998291433,20.59482673267327,2.9142042656181637,0,1,338.667,28.645546293526422,39.72685241699219,29.506782452407023,2.6002525972718034,11.081306123465765,32.524003436739434,35.84839527377916,32.93916343994616,38.438717425711026,site_holdout
predictive_greedy,58,inside-out/active/bruhl/2025-03-02/ping-frntdeu1-2a0d:3341:b100:1e99::1-10ms-1h-2025-03-02-00-00-00.txt,bruhl,active,21.655938697318007,25.23721722208708,20.75279534530736,4.48442187677972,0,1,260.375,28.138332284016542,38.70675277709961,29.104654725442906,2.97201791917494,10.568420493083067,31.837279456595617,35.007805604520534,32.427253715038795,37.158233204043526,site_holdout
predictive_greedy,59,inside-out/active/bruhl/2025-03-02/ping-frntdeu1-2a0d:3341:b100:1e99::1-10ms-1h-2025-03-02-09-00-00.txt,bruhl,active,20.75279534530736,19.0,19.0,0.0,1,1,258.209,29.21151313498831,40.994789123535156,29.463165286316876,1.6956786509414616,11.783275988546848,33.33565973097971,36.87064252754376,31.776868251464567,39.09091410334004,site_holdout
predictive_graph_greedy,0,inside-out/active/bruhl/2025-03-02/ping-frntdeu1-2a0d:3341:b100:1e99::1-10ms-1h-2025-03-02-06-00-00.txt,bruhl,active,22.556538076152304,21.8352078827205,20.71283367556468,1.1223742071558185,0,1,283.334,30.59517182727268,32.22928237915039,30.805737339952184,3.8584926029907782,1.6341105518777113,31.16711052042988,31.657343685993194,35.40037594702509,33.521523896010784,site_holdout
predictive_graph_greedy,1,inside-out/active/bruhl/2025-03-02/ping-frntdeu1-2a0d:3341:b100:1e99::1-10ms-1h-2025-03-02-03-00-00.txt,bruhl,active,27.220705709384955,33.399157790438444,21.105583756345176,12.293574034093268,0,1,259.792,30.789944531407855,32.9340934753418,32.37119234836223,2.036508929854308,2.144148943933942,31.540396661784737,32.18364134496492,36.20477279920895,34.704254992814306,site_holdout
predictive_graph_greedy,2,inside-out/active/bruhl/2025-03-01/ping-frntdeu1-2a0d:3341:b100:1e99::1-10ms-1h-2025-03-01-03-00-00.txt,bruhl,active,21.982854335544097,23.04065878803118,20.28618881118881,2.754469976842369,0,1,264.333,34.11265908483074,31.129859924316406,32.88979608818418,1.5907393427709617,2.9827991605143325,33.06867937865072,33.96351912680502,35.67466606151438,37.04673417331417,site_holdout
predictive_graph_greedy,3,inside-out/active/bruhl/2025-03-02/ping-frntdeu1-2a0d:3341:b100:1e99::1-10ms-1h-2025-03-02-02-00-00.txt,bruhl,active,21.51212121212121,24.1082687984012,20.13326633165829,3.9750024667429074,0,1,257.542,29.75389626056767,33.776466369628906,30.540783987346305,1.8570861507403824,4.022570109061235,31.161795798739103,32.36856683145747,33.02924447557288,33.86646971753488,site_holdout
predictive_graph_greedy,4,inside-out/active/bruhl/2025-03-02/ping-frntdeu1-2a0d:3341:b100:1e99::1-10ms-1h-2025-03-02-03-00-00.txt,bruhl,active,22.418503937007873,27.38860728346457,20.880678314491263,6.507928968973307,0,1,260.875,32.6345457629659,32.04185104370117,33.18508324052176,1.3579343018098289,0.5926947192647276,32.42710261122325,32.604911027002665,35.918326830948025,34.61605125070391,site_holdout
predictive_graph_greedy,5,inside-out/active/bruhl/2025-03-01/ping-frntdeu1-2a0d:3341:b100:1e99::1-10ms-1h-2025-03-01-15-00-00.txt,bruhl,active,27.56826171875,23.4781512605042,20.2340598073999,3.2440914531043035,0,1,257.417,30.989490130793456,33.301265716552734,31.872023226933656,1.965992087029999,2.3117755857592783,31.798611585809205,32.492144261536986,35.26363879845859,34.64044332636534,site_holdout
predictive_graph_greedy,6,inside-out/active/bruhl/2025-03-02/ping-frntdeu1-2a0d:3341:b100:1e99::1-10ms-1h-2025-03-02-04-00-00.txt,bruhl,active,22.532365540218944,20.941192478970805,20.65521835677276,0.28597412219804497,0,1,254.375,31.77327774823243,31.313873291015625,32.80344731732492,1.7557517557131888,0.4594044572168059,31.612486188206546,31.75030752537159,35.28022475719241,33.13997337706259,site_holdout
predictive_graph_greedy,7,inside-out/active/bruhl/2025-03-01/ping-frntdeu1-2a0d:3341:b100:1e99::1-10ms-1h-2025-03-01-02-00-00.txt,bruhl,active,22.38421184111916,22.806683291770575,21.00799489144317,1.798688400327407,0,1,259.792,31.401661919690923,33.6111946105957,32.13797015362076,1.8587941528892862,2.20953269090478,32.1749983615076,32.83785816877903,34.78222381174834,34.30896948133012,site_holdout
predictive_graph_greedy,8,inside-out/active/bruhl/2025-03-01/ping-frntdeu1-2a0d:3341:b100:1e99::1-10ms-1h-2025-03-01-21-00-00.txt,bruhl,active,24.716396263520156,29.808244680851065,20.726799007444168,9.081445673406897,0,1,259.959,32.93582961201082,32.8040885925293,33.295260822831686,1.4996248453671708,0.13174101948152384,32.88972025519229,32.929242561036745,35.918701690826175,34.49383530474662,site_holdout
predictive_graph_greedy,9,inside-out/active/bruhl/2025-03-01/ping-frntdeu1-2a0d:3341:b100:1e99::1-10ms-1h-2025-03-01-17-00-00.txt,bruhl,active,27.6420567547902,22.814248971193415,20.73554078240859,2.078708188784823,0,1,254.541,32.580551017078506,31.874879837036133,33.6519939117425,1.7384407976321743,0.7056711800423727,32.33356610406368,32.54526745807639,36.87012092481537,34.8123994629463,site_holdout
predictive_graph_greedy,10,inside-out/active/bruhl/2025-03-01/ping-frntdeu1-2a0d:3341:b100:1e99::1-10ms-1h-2025-03-01-19-00-00.txt,bruhl,active,26.970840397190603,24.18754466564574,20.62792480831066,3.559619857335079,0,1,257.875,33.14081945815178,32.101844787597656,34.36480220241399,1.6476302084057293,1.0389746705541256,32.77717832345783,33.08887072462407,37.77077168654404,35.778604887726885,site_holdout
predictive_graph_greedy,11,inside-out/active/bruhl/2025-03-02/ping-frntdeu1-2a0d:3341:b100:1e99::1-10ms-1h-2025-03-02-05-00-00.txt,bruhl,active,20.62792480831066,26.839090690401733,20.360533672172807,6.478557018228926,0,1,255.916,30.01529268180002,32.378273010253906,30.902630144028155,2.1536952980457307,2.3629803284538866,30.84233579675888,31.551229895295048,33.537158862927306,32.80678517350529,site_holdout
predictive_graph_greedy,12,inside-out/active/bruhl/2025-03-01/ping-frntdeu1-2a0d:3341:b100:1e99::1-10ms-1h-2025-03-01-21-00-00.txt,bruhl,active,22.40175824175824,30.078808265257088,19.729985007496257,10.34882325776083,0,1,259.542,32.411936031367986,33.118778228759766,32.86650390908588,1.2404654286055423,0.7068421973917793,32.65933080045511,32.87138345967264,35.002713066689324,34.14792776556111,site_holdout
predictive_graph_greedy,13,inside-out/active/bruhl/2025-03-02/ping-frntdeu1-2a0d:3341:b100:1e99::1-10ms-1h-2025-03-02-02-00-00.txt,bruhl,active,34.060214268322376,26.239388710870102,21.172549498900025,5.066839211970077,0,1,258.084,33.193006072554454,32.56544876098633,33.90935176280911,1.8395729232820792,0.6275573115681254,32.97336101350561,33.16162820697605,38.491510972012144,36.67788637950159,site_holdout
predictive_graph_greedy,14,inside-out/active/bruhl/2025-03-02/ping-frntdeu1-2a0d:3341:b100:1e99::1-10ms-1h-2025-03-02-02-00-00.txt,bruhl,active,26.239388710870102,25.74593927425327,21.396557079989645,4.349382194263626,0,1,259.292,32.83412821439833,32.43475341796875,33.288060881798714,1.36794567380738,0.3993747964295835,32.69434703564798,32.814159474576854,36.08283057516792,34.78265731080531,site_holdout
predictive_graph_greedy,15,inside-out/active/bruhl/2025-03-02/ping-frntdeu1-2a0d:3341:b100:1e99::1-10ms-1h-2025-03-02-07-00-00.txt,bruhl,active,22.342381656804733,23.569407407407407,19.798456477732795,3.770950929674612,0,1,269.334,29.502522937515096,33.390079498291016,30.72010007963635,2.5101895368159393,3.88755656077592,30.863167733786668,32.029434702019444,33.96347436330945,33.778922489158184,site_holdout
predictive_graph_greedy,16,inside-out/active/bruhl/2025-03-02/ping-frntdeu1-2a0d:3341:b100:1e99::1-10ms-1h-2025-03-02-10-00-00.txt,bruhl,active,21.90185873605948,22.486258750324087,20.071084941117515,2.4151738092065713,0,1,266.875,29.527641763601423,33.0779914855957,30.798562021240734,2.1091448971596765,3.55034972199428,30.77026416629942,31.835369082897703,33.498822887057955,33.3088062480446,site_holdout
predictive_graph_greedy,17,inside-out/active/bruhl/2025-03-02/ping-frntdeu1-2a0d:3341:b100:1e99::1-10ms-1h-2025-03-02-01-00-00.txt,bruhl,active,20.071084941117515,22.09531914893617,19.37195544554455,2.7233637033916196,0,1,312.959,28.740496038269157,34.04777145385742,29.748599357084043,2.448535693034353,5.307275415588265,30.59804243372505,32.19022505840153,32.47993555973608,33.615887032836625,site_holdout
predictive_graph_greedy,18,inside-out/active/bruhl/2025-03-01/ping-frntdeu1-2a0d:3341:b100:1e99::1-10ms-1h-2025-03-01-22-00-00.txt,bruhl,active,24.070476425573933,26.08676954211991,20.677525252525253,5.409244289594657,0,1,277.417,31.715152936039885,32.2109489440918,32.52124574836338,1.7476692150391882,0.4957960080519115,31.88868153885805,32.037420341273624,35.27827409775644,33.53327638019249,site_holdout
predictive_graph_greedy,19,inside-out/active/bruhl/2025-03-01/ping-frntdeu1-2a0d:3341:b100:1e99::1-10ms-1h-2025-03-01-19-00-00.txt,bruhl,active,22.748505231689087,24.413929961089497,20.94179447852761,3.472135482561889,0,1,258.958,31.58715272338577,32.99788284301758,32.16901087042367,1.625868257013704,1.4107301196318076,32.0809082652569,32.50412730114645,34.69525077571648,33.95203902564216,site_holdout
predictive_graph_greedy,20,inside-out/active/bruhl/2025-03-02/ping-frntdeu1-2a0d:3341:b100:1e99::1-10ms-1h-2025-03-02-02-00-00.txt,bruhl,active,23.361506782945735,22.145083628991383,19.77495612935573,2.370127499635654,0,1,260.041,31.032920588722845,32.19975280761719,31.954457201002885,2.0389825817570113,1.166832218894342,31.441311865335862,31.791361531004164,35.38704195754322,33.81139257311618,site_holdout
predictive_graph_greedy,21,inside-out/active/bruhl/2025-03-01/ping-frntdeu1-2a0d:3341:b100:1e99::1-10ms-1h-2025-03-01-18-00-00.txt,bruhl,active,23.369511889862327,27.683566433566433,20.51191919191919,7.171647241647243,0,1,256.333,31.69602548239618,31.199047088623047,32.51635020467303,1.7340917738316957,0.4969783937731336,31.522083044575584,31.671176562707526,35.8808499055515,33.98359663009879,site_holdout
predictive_graph_greedy,22,inside-out/active/bruhl/2025-03-02/ping-frntdeu1-2a0d:3341:b100:1e99::1-10ms-1h-2025-03-02-03-00-00.txt,bruhl,active,21.50070105157737,23.993275,20.78126399601891,3.2120110039810896,0,1,265.459,31.874193773542174,31.80964469909668,32.15902569407161,1.4848586767389995,0.06454907444549463,31.85160159748625,31.8709663198199,34.46648163345339,33.09705278887018,site_holdout
predictive_graph_greedy,23,inside-out/active/bruhl/2025-03-01/ping-frntdeu1-2a0d:3341:b100:1e99::1-10ms-1h-2025-03-01-17-00-00.txt,bruhl,active,21.79490158880721,21.14692001987084,19.5905023744064,1.556417645464439,0,1,257.625,30.35168108965172,31.034425735473633,31.61698224380911,2.0512500927227006,0.6827446458219129,30.59064171568939,30.795465109435963,34.24056408331018,31.948883843977196,site_holdout
predictive_graph_greedy,24,inside-out/active/bruhl/2025-03-02/ping-frntdeu1-2a0d:3341:b100:1e99::1-10ms-1h-2025-03-02-08-00-00.txt,bruhl,active,21.82529076961148,23.43152898922524,20.604673379808933,2.826855609416306,0,1,257.0,30.6332318046434,31.284748077392578,31.31062533799278,1.8088373329180052,0.651516272749177,30.86126250010561,31.056717381930362,33.84203431454588,32.29664998606988,site_holdout
predictive_graph_greedy,25,inside-out/active/bruhl/2025-03-02/ping-frntdeu1-2a0d:3341:b100:1e99::1-10ms-1h-2025-03-02-11-00-00.txt,bruhl,active,24.950158266374483,21.65918215613383,20.34140703517588,1.3177751209579505,0,1,259.084,32.486483128161126,32.79215621948242,33.12979415678795,1.683148647862294,0.30567309132129594,32.59346871012358,32.68517063751997,36.18782937477257,34.51141167874,site_holdout
predictive_graph_greedy,26,inside-out/active/bruhl/2025-03-01/ping-frntdeu1-2a0d:3341:b100:1e99::1-10ms-1h-2025-03-01-03-00-00.txt,bruhl,active,21.825442913385828,21.55470737913486,21.017214654767496,0.5374927243673646,0,1,253.833,31.263880358703318,32.89763259887695,31.945044668691278,1.5575758244527464,1.633752240173635,31.83569364276409,32.32581931481618,34.25391033193158,33.62987833373428,site_holdout
predictive_graph_greedy,27,inside-out/active/bruhl/2025-03-01/ping-frntdeu1-2a0d:3341:b100:1e99::1-10ms-1h-2025-03-01-15-00-00.txt,bruhl,active,30.781366159787595,27.587820190858864,20.733073244399694,6.854746946459169,0,1,284.167,32.361631447990476,33.470741271972656,33.6806830814998,2.225879748128386,1.1091098239821804,32.74981988638424,33.082552833578895,37.14909328047007,34.99246420385109,site_holdout
predictive_graph_greedy,28,inside-out/active/bruhl/2025-03-02/ping-frntdeu1-2a0d:3341:b100:1e99::1-10ms-1h-2025-03-02-07-00-00.txt,bruhl,active,21.548735575742697,21.17221100454316,20.735983159980183,0.43622784456297836,0,1,299.958,30.30743607385193,33.74738693237305,30.952065573793764,2.126847986245215,3.439950858521115,31.51141887433432,32.543404131890654,33.70047159572127,34.04066924998636,site_holdout
predictive_graph_greedy,29,inside-out/active/bruhl/2025-03-01/ping-frntdeu1-2a0d:3341:b100:1e99::1-10ms-1h-2025-03-01-12-00-00.txt,bruhl,active,21.57033795283248,24.35317060228177,20.4912965798877,3.8618740223940726,0,1,259.958,32.03482636168337,33.37815475463867,32.04235422095903,1.3092592369174676,1.3433283929553,32.50499129921773,32.907989817104315,34.245759367866135,34.26378337561886,site_holdout
predictive_graph_greedy,30,inside-out/active/bruhl/2025-03-01/ping-frntdeu1-2a0d:3341:b100:1e99::1-10ms-1h-2025-03-01-08-00-00.txt,bruhl,active,25.65098181818182,22.23957863054929,21.047496206373292,1.1920824241759966,0,1,253.5,32.760852902832994,31.516752243041992,33.575307555305535,1.6588754454117092,1.2441006597910018,32.325417671906145,32.69864786984345,36.33268291866577,34.833916979040396,site_holdout
predictive_graph_greedy,31,inside-out/active/bruhl/2025-03-01/ping-frntdeu1-2a0d:3341:b100:1e99::1-10ms-1h-2025-03-01-18-00-00.txt,bruhl,active,23.194906166219837,23.76128003923492,20.748861949529935,3.0124180897049833,0,1,256.75,33.6894573675354,32.572837829589844,33.20975347852843,1.245721172449751,1.116619537945553,33.298640529254456,33.63362639063812,35.36684458146738,35.414736383212535,site_holdout
predictive_graph_greedy,32,inside-out/active/bruhl/2025-03-02/ping-frntdeu1-2a0d:3341:b100:1e99::1-10ms-1h-2025-03-02-06-00-00.txt,bruhl,active,21.674417451660883,22.32166453265045,19.962515754978572,2.3591487776718765,0,1,254.5,30.03124756044599,32.154945373535156,31.16759392378384,2.0762183482732453,2.1236978130891657,30.774541795027197,31.411651138953946,33.942404560476234,32.841667795750325,site_holdout
predictive_graph_greedy,33,inside-out/active/bruhl/2025-03-01/ping-frntdeu1-2a0d:3341:b100:1e99::1-10ms-1h-2025-03-01-08-00-00.txt,bruhl,active,25.53437193326791,23.914589127686472,20.64453380246293,3.2700553252235416,0,1,259.875,31.142982360517635,33.09622573852539,31.72216201293655,2.156407249923875,1.9532433780077554,31.82661754282035,32.412590556222675,35.051916089651094,34.32036353329509,site_holdout
predictive_graph_greedy,34,inside-out/active/bruhl/2025-03-01/ping-frntdeu1-2a0d:3341:b100:1e99::1-10ms-1h-2025-03-01-04-00-00.txt,bruhl,active,21.649778652238073,31.07966978807294,21.48294363770613,9.596726150366813,0,1,253.0,28.869567585781624,31.54000473022461,30.11073352461038,2.8813274187647044,2.6704371444429853,29.80422058633667,30.605351729669565,33.503945100982406,32.10461145641236,site_holdout
predictive_graph_greedy,35,inside-out/active/bruhl/2025-03-02/ping-frntdeu1-2a0d:3341:b100:1e99::1-10ms-1h-2025-03-02-09-00-00.txt,bruhl,active,21.881436837029895,21.33587534836585,20.164751826656587,1.1711235217092621,0,1,256.792,31.944471422761126,31.544485092163086,32.13252737173502,1.4428244459933208,0.3999863305980398,31.804476207051813,31.924472106231224,34.491172901363726,33.40099246666395,site_holdout
predictive_graph_greedy,36,inside-out/active/bruhl/2025-03-01/ping-frntdeu1-2a0d:3341:b100:1e99::1-10ms-1h-2025-03-01-04-00-00.txt,bruhl,active,23.359189723320156,23.12608366935484,20.86603063017826,2.260053039176583,0,1,257.375,31.31881224468634,31.651973724365234,31.719810059200867,1.7308953268156388,0.33316147967889265,31.435418762573956,31.535367206477623,34.60309319634242,33.15379499647533,site_holdout
predictive_graph_greedy,37,inside-out/active/bruhl/2025-03-01/ping-frntdeu1-2a0d:3341:b100:1e99::1-10ms-1h-2025-03-01-19-00-00.txt,bruhl,active,23.50856313497823,32.30756484149856,20.363096741601417,11.944468099897144,0,1,278.708,31.270630822850762,31.83003044128418,32.11171110989196,1.7949619234712333,0.5593996184334173,31.46642068930246,31.634240574832486,34.78940962629323,33.021657610473675,site_holdout
predictive_graph_greedy,38,inside-out/active/bruhl/2025-03-01/ping-frntdeu1-2a0d:3341:b100:1e99::1-10ms-1h-2025-03-01-13-00-00.txt,bruhl,active,22.936026042922595,21.890744010088273,18.971765564202336,2.918978445885937,0,1,254.041,30.769103895538137,31.345369338989258,32.09533090241749,2.0167568998938727,0.5762654434511205,30.97079680074603,31.143676433781366,34.84063626958067,32.43404067036926,site_holdout
predictive_graph_greedy,39,inside-out/active/bruhl/2025-03-01/ping-frntdeu1-2a0d:3341:b100:1e99::1-10ms-1h-2025-03-01-00-00-00.txt,bruhl,active,18.971765564202336,21.30540060851927,21.30540060851927,0.0,1,1,259.625,30.831866404440916,31.331710815429688,31.145265060404125,1.6457919762114543,0.4998444109887714,31.006811948286988,31.15676527158362,33.193836477187766,32.02097714730755,site_holdout
predictive_graph_greedy,40,inside-out/active/bruhl/2025-03-01/ping-frntdeu1-2a0d:3341:b100:1e99::1-10ms-1h-2025-03-01-22-00-00.txt,bruhl,active,27.720563519525456,24.54053789731051,19.68281829419036,4.857719603120152,0,1,252.375,31.999113413025043,34.712677001953125,32.58610947276706,1.8591493599074511,2.713563588928082,32.94886066914987,33.762929745828295,35.852266576672044,35.906081188695495,site_holdout
predictive_graph_greedy,41,inside-out/active/bruhl/2025-03-02/ping-frntdeu1-2a0d:3341:b100:1e99::1-10ms-1h-2025-03-02-05-00-00.txt,bruhl,active,20.961592388582876,23.20729009552539,21.646034963263237,1.5612551322621542,0,1,295.042,29.21699482954955,32.92624282836914,29.898976407145692,2.604150613596973,3.709247998819592,30.51523162913641,31.628006028782288,33.10085772340105,33.24769918472187,site_holdout
predictive_graph_greedy,42,inside-out/active/bruhl/2025-03-01/ping-frntdeu1-2a0d:3341:b100:1e99::1-10ms-1h-2025-03-01-21-00-00.txt,bruhl,active,29.638581395348837,27.05807609475951,20.27023478919465,6.787841305564861,0,1,309.5,32.77352366608193,32.15505599975586,33.519983526437166,1.8620513349282475,0.6184676663260689,32.557059982867806,32.74260028276563,36.44618968558359,34.5815017738789,site_holdout
predictive_graph_greedy,43,inside-out/active/bruhl/2025-03-01/ping-frntdeu1-2a0d:3341:b100:1e99::1-10ms-1h-2025-03-01-22-00-00.txt,bruhl,active,20.384273797841026,27.458292563600786,21.099264892268696,6.35902767133209,0,1,275.625,30.835999143931076,31.516727447509766,31.276008922982182,1.74153230203227,0.6807283035786895,31.074254050183615,31.278472541257223,33.54772504118887,32.31211226329758,site_holdout
predictive_graph_greedy,44,inside-out/active/bruhl/2025-03-01/ping-frntdeu1-2a0d:3341:b100:1e99::1-10ms-1h-2025-03-01-16-00-00.txt,bruhl,active,23.18078055964654,23.563923421183492,20.49430331023865,3.069620110944843,0,1,268.209,33.00703725410858,32.13283920288086,32.728726733400386,1.863494528749481,0.8741980512277223,32.70106793617887,32.96332735154719,35.39126848835335,34.665347235551906,site_holdout
predictive_graph_greedy,45,inside-out/active/bruhl/2025-03-02/ping-frntdeu1-2a0d:3341:b100:1e99::1-10ms-1h-2025-03-02-12-00-00.txt,bruhl,active,30.497541789577188,24.26561506480802,20.57347623966942,3.692138825138599,0,1,269.375,32.02895070407885,31.15791130065918,32.20553384914462,1.8851517704649166,0.8710394034196725,31.724086912881965,31.985398733907868,35.37434533900236,34.17586609762675,site_holdout
predictive_graph_greedy,46,inside-out/active/bruhl/2025-03-02/ping-frntdeu1-2a0d:3341:b100:1e99::1-10ms-1h-2025-03-02-12-00-00.txt,bruhl,active,24.26561506480802,25.17975748577085,19.863144779466733,5.316612706304117,0,1,259.792,32.95620147954742,32.12179946899414,32.86062621828258,1.316828540051166,0.8344020105532763,32.66416077585377,32.914481379019755,35.61176833257567,35.0952030935511,site_holdout
predictive_graph_greedy,47,inside-out/active/bruhl/2025-03-02/ping-frntdeu1-2a0d:3341:b100:1e99::1-10ms-1h-2025-03-02-06-00-00.txt,bruhl,active,19.863144779466733,21.352409021014864,20.61034654699576,0.7420624740191037,0,1,265.917,28.889303797506727,32.63517761230469,29.703009559460227,2.2824044679382727,3.74587381479796,30.200359632686013,31.324121777125402,32.32200326132218,32.60589950951344,site_holdout
predictive_graph_greedy,48,inside-out/active/bruhl/2025-03-01/ping-frntdeu1-2a0d:3341:b100:1e99::1-10ms-1h-2025-03-01-18-00-00.txt,bruhl,active,30.725636630754163,23.779652351738243,20.629825,3.1498273517382422,0,1,256.458,32.926889144418055,32.728450775146484,33.263529112684914,1.805394638209089,0.198438369271571,32.857435715173004,32.91696722595447,36.697930638047424,35.09654195729596,site_holdout
predictive_graph_greedy,49,inside-out/active/bruhl/2025-03-01/ping-frntdeu1-2a0d:3341:b100:1e99::1-10ms-1h-2025-03-01-19-00-00.txt,bruhl,active,21.91509014571499,24.77640703517588,21.08513931888545,3.6912677162904295,0,1,261.5,31.640252867594427,32.011314392089844,32.16138581741604,1.5716146399244504,0.37106152449541696,31.77012440116782,31.881442858516444,34.541180877760546,33.119633091367156,site_holdout
predictive_graph_greedy,50,inside-out/active/bruhl/2025-03-01/ping-frntdeu1-2a0d:3341:b100:1e99::1-10ms-1h-2025-03-01-08-00-00.txt,bruhl,active,21.804290674603173,22.341340782122906,20.44888777805549,1.8924530040674163,0,1,258.833,31.776627226367964,30.365633010864258,32.28163541304594,1.6574146373788776,1.410994215503706,31.282779250941665,31.706077515592778,34.89823948017896,33.785117712443494,site_holdout
predictive_graph_greedy,51,inside-out/active/bruhl/2025-03-01/ping-frntdeu1-2a0d:3341:b100:1e99::1-10ms-1h-2025-03-01-22-00-00.txt,bruhl,active,23.258256880733946,31.151799802761342,20.069478908188582,11.08232089457276,0,1,261.916,31.180641040513365,33.47089385986328,31.701448205540764,2.091518853506592,2.2902528193499165,31.98222952728584,32.669305373090815,34.477486946753636,34.10573025610873,site_holdout
predictive_graph_greedy,52,inside-out/active/bruhl/2025-03-01/ping-frntdeu1-2a0d:3341:b100:1e99::1-10ms-1h-2025-03-01-20-00-00.txt,bruhl,active,20.958068459657703,21.096371164150025,20.596300893743795,0.5000702704062299,0,1,264.0,29.871030677613817,31.47850227355957,30.69523830707938,2.0947726350656635,1.6074715959457535,30.43364573619483,30.915887214978557,33.3506803711611,32.160996962355604,site_holdout
predictive_graph_greedy,53,inside-out/active/bruhl/2025-03-02/ping-frntdeu1-2a0d:3341:b100:1e99::1-10ms-1h-2025-03-02-03-00-00.txt,bruhl,active,20.735811648079306,22.932286555446517,20.62198079838302,2.310305757063496,0,1,255.25,30.47749860460408,32.352352142333984,30.901466300618736,1.9806580678714765,1.874853537729905,31.133697342809548,31.69615340412852,33.37305604697554,32.86973495335471,site_holdout
predictive_graph_greedy,54,inside-out/active/bruhl/2025-03-01/ping-frntdeu1-2a0d:3341:b100:1e99::1-10ms-1h-2025-03-01-23-00-00.txt,bruhl,active,32.3970515970516,25.27067367893814,21.13926191696566,4.131411761972483,0,1,258.458,31.100861552542483,32.57209014892578,31.74215530375105,2.288951828475684,1.4712285963832983,31.615791561276637,32.05716014019163,35.46204713247654,34.207460957198684,site_holdout
predictive_graph_greedy,55,inside-out/active/bruhl/2025-03-01/ping-frntdeu1-2a0d:3341:b100:1e99::1-10ms-1h-2025-03-01-06-00-00.txt,bruhl,active,25.29561320754717,23.24929542645241,20.780806331931736,2.468489094520674,0,1,257.209,32.62325931902615,30.358394622802734,33.545815350257406,1.9567799974205287,2.2648646962234125,31.830556675347953,32.510016084214975,36.6518795832387,35.28092766724258,site_holdout
predictive_graph_greedy,56,inside-out/active/bruhl/2025-03-01/ping-frntdeu1-2a0d:3341:b100:1e99::1-10ms-1h-2025-03-01-22-00-00.txt,bruhl,active,23.575561458584883,26.753855509608368,21.17579214195184,5.578063367656529,0,1,258.708,31.426697599719773,31.608705520629883,32.00213840240006,1.911430739584715,0.18200792091010953,31.490400372038312,31.545002748311344,34.84390740624826,32.971399489562025,site_holdout
predictive_graph_greedy,57,inside-out/active/bruhl/2025-03-01/ping-frntdeu1-2a0d:3341:b100:1e99::1-10ms-1h-2025-03-01-07-00-00.txt,bruhl,active,23.939675516224188,23.691736350221348,20.59482673267327,3.0969096175480786,0,1,255.791,31.832220054953723,33.26513671875,32.47633887124913,1.8081589227223234,1.4329166637962771,32.33374088728242,32.7636158864213,35.50070176453228,34.575151254042325,site_holdout
predictive_graph_greedy,58,inside-out/active/bruhl/2025-03-01/ping-frntdeu1-2a0d:3341:b100:1e99::1-10ms-1h-2025-03-01-19-00-00.txt,bruhl,active,26.58515294117647,25.73585220500596,20.75279534530736,4.9830568596986,0,1,259.209,30.795367434819127,33.24595642089844,32.08170044223758,2.4847898716719805,2.4505889860793104,31.653073579946884,32.38825027577068,35.597391172927,34.28540750131404,site_holdout
predictive_graph_greedy,59,inside-out/active/bruhl/2025-03-02/ping-frntdeu1-2a0d:3341:b100:1e99::1-10ms-1h-2025-03-02-10-00-00.txt,bruhl,active,21.839370078740156,25.9,19.0,6.899999999999999,0,1,256.625,31.410743117196944,34.91550064086914,31.531560167350264,1.7601669455336728,3.504757523672197,32.63740825048221,33.68883550758387,33.99812834293253,35.185754226383104,site_holdout
predictive_simple_fusion_greedy,0,inside-out/active/bruhl/2025-03-02/ping-frntdeu1-2a0d:3341:b100:1e99::1-10ms-1h-2025-03-02-04-00-00.txt,bruhl,active,21.132193004850652,23.307251136937847,20.71283367556468,2.5944174613731654,0,1,275.792,28.603789020206932,35.08833694458008,28.998521442302085,4.344572214883722,6.484547924373146,30.87338079373753,32.81874517104948,33.27506688030672,34.485316240328636,site_holdout
predictive_simple_fusion_greedy,1,inside-out/active/bruhl/2025-03-02/ping-frntdeu1-2a0d:3341:b100:1e99::1-10ms-1h-2025-03-02-02-00-00.txt,bruhl,active,21.54805837249567,28.38216748768473,21.105583756345176,7.276583731339553,0,1,262.875,27.685294792989225,33.90883255004883,29.387980399475495,2.7756496939785857,6.223537757059603,29.863533007960086,31.730594335077967,33.20329490424584,34.086525345070335,site_holdout
predictive_simple_fusion_greedy,2,inside-out/active/bruhl/2025-03-01/ping-frntdeu1-2a0d:3341:b100:1e99::1-10ms-1h-2025-03-01-12-00-00.txt,bruhl,active,21.99285535848114,22.920963244613436,20.28618881118881,2.6347744334246244,0,1,356.375,29.186640422213713,34.76728057861328,29.636731953363388,2.6874376851464756,5.580640156399568,31.139864476953562,32.81405652387343,32.81151645622394,34.531326778514085,site_holdout
predictive_simple_fusion_greedy,3,inside-out/active/bruhl/2025-03-02/ping-frntdeu1-2a0d:3341:b100:1e99::1-10ms-1h-2025-03-02-07-00-00.txt,bruhl,active,22.669034786869183,22.450313361744797,20.13326633165829,2.3170470300865063,0,1,270.541,29.062057842077593,34.51451873779297,30.381718024249533,2.778357151289043,5.452460895715376,30.97041915557797,32.60615742429258,33.800910146482536,34.48682777263035,site_holdout
predictive_simple_fusion_greedy,4,inside-out/active/bruhl/2025-03-01/ping-frntdeu1-2a0d:3341:b100:1e99::1-10ms-1h-2025-03-01-06-00-00.txt,bruhl,active,21.10923344947735,23.901314484126985,20.880678314491263,3.020636169635722,0,1,264.5,29.653726858916343,33.013328552246094,30.760308913650988,2.214417485121603,3.3596016933297506,30.829587451581755,31.83746795958068,33.612821142295736,33.365127243717204,site_holdout
predictive_simple_fusion_greedy,5,inside-out/active/bruhl/2025-03-02/ping-frntdeu1-2a0d:3341:b100:1e99::1-10ms-1h-2025-03-02-06-00-00.txt,bruhl,active,22.04747169811321,22.24912150457807,20.2340598073999,2.0150616971781723,0,1,259.375,28.674927076924178,35.44484329223633,29.808209386366755,2.6553681281519563,6.769916215312151,31.04439775228343,33.075372616877075,33.22510152809892,35.17773028402649,site_holdout
predictive_simple_fusion_greedy,6,inside-out/active/bruhl/2025-03-01/ping-frntdeu1-2a0d:3341:b100:1e99::1-10ms-1h-2025-03-01-06-00-00.txt,bruhl,active,20.39972839506173,22.52301961758133,20.65521835677276,1.8678012608085695,0,1,264.25,29.427642402959464,32.91618347167969,30.375840340238295,2.2401219630404063,3.488541068720224,30.64863177701154,31.69519409762761,32.961316621119984,32.949433013101014,site_holdout
predictive_simple_fusion_greedy,7,inside-out/active/bruhl/2025-03-01/ping-frntdeu1-2a0d:3341:b100:1e99::1-10ms-1h-2025-03-01-04-00-00.txt,bruhl,active,20.897625733980085,22.093841712773635,21.00799489144317,1.0858468213304668,0,1,259.792,27.936118547729166,36.420406341552734,29.306528742371118,3.2873347612670245,8.484287793823569,30.905619275567414,33.45090561371448,32.73833295091921,35.26563753069467,site_holdout
predictive_simple_fusion_greedy,8,inside-out/active/bruhl/2025-03-01/ping-frntdeu1-2a0d:3341:b100:1e99::1-10ms-1h-2025-03-01-04-00-00.txt,bruhl,active,22.093841712773635,25.313930348258708,20.726799007444168,4.58713134081454,0,1,258.833,28.700602093191264,35.44697189331055,30.157626952525884,2.7788433918394597,6.7463698001192824,31.061831523233014,33.0857424632688,33.29942351250937,34.81804345938461,site_holdout
predictive_simple_fusion_greedy,9,inside-out/active/bruhl/2025-03-01/ping-frntdeu1-2a0d:3341:b100:1e99::1-10ms-1h-2025-03-01-02-00-00.txt,bruhl,active,20.726799007444168,22.534695451040864,20.73554078240859,1.7991546686322728,0,1,259.666,29.398044151671456,32.49225616455078,30.50136555243462,2.5223454507648,3.094212012879325,30.48101835617922,31.409281960043018,33.41647282595567,32.7420513467784,site_holdout
predictive_simple_fusion_greedy,10,inside-out/active/bruhl/2025-03-02/ping-frntdeu1-2a0d:3341:b100:1e99::1-10ms-1h-2025-03-02-12-00-00.txt,bruhl,active,22.838685398896136,24.340853031860227,20.62792480831066,3.712928223549568,0,1,255.167,28.42655548610037,34.972434997558594,30.16451650628422,2.9389861089686113,6.545879511458224,30.717613315110746,32.68137716854822,33.60644565758287,34.57365468926623,site_holdout
predictive_simple_fusion_greedy,11,inside-out/active/bruhl/2025-03-01/ping-frntdeu1-2a0d:3341:b100:1e99::1-10ms-1h-2025-03-01-09-00-00.txt,bruhl,active,21.01039603960396,20.387828947368423,20.360533672172807,0.027295275195616142,0,1,257.417,29.652756747776948,32.43759536743164,30.70149769806498,2.325923510267515,2.7848386196546926,30.62745026465609,31.462901850552498,33.27348280967465,32.568928191427,site_holdout
predictive_simple_fusion_greedy,12,inside-out/active/bruhl/2025-03-02/ping-frntdeu1-2a0d:3341:b100:1e99::1-10ms-1h-2025-03-02-00-00-00.txt,bruhl,active,21.726165413533835,22.926119969627944,19.729985007496257,3.196134962131687,0,1,258.708,28.385610196986818,36.45603942871094,29.637380767203,2.9850773063005716,8.07042923172412,31.21026042809026,33.6313891976075,32.92183866216235,35.48408203601383,site_holdout
predictive_simple_fusion_greedy,13,inside-out/active/bruhl/2025-03-01/ping-frntdeu1-2a0d:3341:b100:1e99::1-10ms-1h-2025-03-01-02-00-00.txt,bruhl,active,22.09392722710163,22.085706967213113,21.172549498900025,0.9131574683130879,0,1,259.167,29.35670435445354,36.31202697753906,30.43371448029072,2.6348988472949952,6.955322623085522,31.791067272533475,33.87766405945913,33.53182041746687,35.695128123472585,site_holdout
predictive_simple_fusion_greedy,14,inside-out/active/bruhl/2025-03-01/ping-frntdeu1-2a0d:3341:b100:1e99::1-10ms-1h-2025-03-01-03-00-00.txt,bruhl,active,21.87841387856258,21.684313725490195,21.396557079989645,0.2877566455005507,0,1,254.5,29.382738418677945,33.998069763183594,30.486249710731588,2.7036373481334546,4.615331344505648,30.998104389254923,32.38270379260662,33.69699830636604,34.02725751159154,site_holdout
predictive_simple_fusion_greedy,15,inside-out/active/bruhl/2025-03-02/ping-frntdeu1-2a0d:3341:b100:1e99::1-10ms-1h-2025-03-02-07-00-00.txt,bruhl,active,22.342381656804733,23.569407407407407,19.798456477732795,3.770950929674612,0,1,260.541,29.502522937515096,33.390079498291016,30.72010007963635,2.5101895368159393,3.88755656077592,30.863167733786668,32.029434702019444,33.96347436330945,33.778922489158184,site_holdout
predictive_simple_fusion_greedy,16,inside-out/active/bruhl/2025-03-02/ping-frntdeu1-2a0d:3341:b100:1e99::1-10ms-1h-2025-03-02-05-00-00.txt,bruhl,active,20.025431789737173,21.22907005734231,20.071084941117515,1.1579851162247934,0,1,259.458,28.377380449943303,34.28274917602539,29.43999238070276,2.449886736568068,5.905368726082088,30.444259504072036,32.215870121896664,32.15535208765624,33.6843516490323,site_holdout
predictive_simple_fusion_greedy,17,inside-out/active/bruhl/2025-03-02/ping-frntdeu1-2a0d:3341:b100:1e99::1-10ms-1h-2025-03-02-01-00-00.txt,bruhl,active,20.071084941117515,22.09531914893617,19.37195544554455,2.7233637033916196,0,1,256.5,28.740496038269157,34.04777145385742,29.748599357084043,2.448535693034353,5.307275415588265,30.59804243372505,32.19022505840153,32.47993555973608,33.615887032836625,site_holdout
predictive_simple_fusion_greedy,18,inside-out/active/bruhl/2025-03-01/ping-frntdeu1-2a0d:3341:b100:1e99::1-10ms-1h-2025-03-01-04-00-00.txt,bruhl,active,19.37195544554455,21.47008588957055,20.677525252525253,0.7925606370452982,0,1,256.208,28.65953036371684,32.89763641357422,29.666941349600197,2.501525211378595,4.238106049857379,30.142867481166924,31.41429929612414,32.28186507790687,32.5768897208826,site_holdout
predictive_simple_fusion_greedy,19,inside-out/active/bruhl/2025-03-01/ping-frntdeu1-2a0d:3341:b100:1e99::1-10ms-1h-2025-03-01-06-00-00.txt,bruhl,active,20.900098015192356,20.94179447852761,20.94179447852761,0.0,1,1,254.417,28.121435943559845,33.847694396972656,29.56020269399077,2.8715824750111176,5.726258453412811,30.12562640225433,31.84350393827817,32.745425189789145,33.447665423159485,site_holdout
predictive_simple_fusion_greedy,20,inside-out/active/bruhl/2025-03-02/ping-frntdeu1-2a0d:3341:b100:1e99::1-10ms-1h-2025-03-02-09-00-00.txt,bruhl,active,23.49139517532952,20.98814612326044,19.77495612935573,1.2131899939047095,0,1,254.125,30.21979560422642,32.397247314453125,31.552277566692435,2.3164262183318614,2.1774517102267055,30.981903702805766,31.635139215873778,34.86729624346342,33.43058339991854,site_holdout
predictive_simple_fusion_greedy,21,inside-out/active/bruhl/2025-03-02/ping-frntdeu1-2a0d:3341:b100:1e99::1-10ms-1h-2025-03-02-07-00-00.txt,bruhl,active,19.77495612935573,22.93720050441362,20.51191919191919,2.4252813124944304,0,1,256.541,29.282323678728062,32.746864318847656,30.269996014881308,2.1608645609859862,3.464540640119594,30.49491290276992,31.534275094805796,32.80328579560294,32.7933705187999,site_holdout
predictive_simple_fusion_greedy,22,inside-out/active/bruhl/2025-03-01/ping-frntdeu1-2a0d:3341:b100:1e99::1-10ms-1h-2025-03-01-21-00-00.txt,bruhl,active,22.388236757025616,27.438258823529413,20.78126399601891,6.656994827510502,0,1,282.0,28.622855521588463,33.05695343017578,29.983465610805965,2.6824202170301445,4.434097908587319,30.174789789594023,31.505019162170218,33.21712483280629,33.17027301225667,site_holdout
predictive_simple_fusion_greedy,23,inside-out/active/bruhl/2025-03-01/ping-frntdeu1-2a0d:3341:b100:1e99::1-10ms-1h-2025-03-01-09-00-00.txt,bruhl,active,20.827692307692303,19.5905023744064,19.5905023744064,0.0,1,1,256.292,29.35526410085822,31.463027954101562,30.324733825104243,2.3266779921211587,2.107763853243341,30.092981449493394,30.725310605466397,32.956174865491334,31.82251953708694,site_holdout
predictive_simple_fusion_greedy,24,inside-out/active/bruhl/2025-03-02/ping-frntdeu1-2a0d:3341:b100:1e99::1-10ms-1h-2025-03-02-04-00-00.txt,bruhl,active,21.509106786427147,21.503425012973533,20.604673379808933,0.8987516331646006,0,1,263.583,28.25079982123225,33.22303771972656,29.525512322639756,2.868581370216964,4.972237898494313,29.99108308570526,31.482754455253552,32.82330256491519,33.1263324597157,site_holdout
predictive_simple_fusion_greedy,25,inside-out/active/bruhl/2025-03-01/ping-frntdeu1-2a0d:3341:b100:1e99::1-10ms-1h-2025-03-01-10-00-00.txt,bruhl,active,21.302933201873305,21.777518999754843,20.34140703517588,1.4361119645789628,0,1,255.833,28.920807274496838,33.04781723022461,29.99763579383268,2.7100038574643883,4.127009955727772,30.365260759001558,31.60336374571989,33.083513857632845,33.06943991199454,site_holdout
predictive_simple_fusion_greedy,26,inside-out/active/bruhl/2025-03-01/ping-frntdeu1-2a0d:3341:b100:1e99::1-10ms-1h-2025-03-01-10-00-00.txt,bruhl,active,21.777518999754843,21.03332496863237,21.017214654767496,0.016110313864874826,0,1,292.708,28.91920821739768,35.99514389038086,30.0108342021741,2.7159034570471388,7.075935672983178,31.395785702941794,33.51856640483675,33.382187359720895,35.560585536896504,site_holdout
predictive_simple_fusion_greedy,27,inside-out/active/bruhl/2025-03-01/ping-frntdeu1-2a0d:3341:b100:1e99::1-10ms-1h-2025-03-01-06-00-00.txt,bruhl,active,21.017214654767496,21.831869997574582,20.733073244399694,1.098796753174888,0,1,263.834,29.07019252907594,33.75464630126953,30.243837449492585,2.6078518845905383,4.684453772193592,30.709751349343698,32.11508748100177,33.23070676459196,33.614513259877604,site_holdout
predictive_simple_fusion_greedy,28,inside-out/active/bruhl/2025-03-01/ping-frntdeu1-2a0d:3341:b100:1e99::1-10ms-1h-2025-03-01-17-00-00.txt,bruhl,active,21.860635393397864,27.50054309327037,20.735983159980183,6.764559933290187,0,1,299.209,28.653443531296944,35.07341766357422,29.748691005570997,2.704033124832851,6.419974132277275,30.90043447759399,32.82642671727717,32.758914966798216,34.450623248107476,site_holdout
predictive_simple_fusion_greedy,29,inside-out/active/bruhl/2025-03-02/ping-frntdeu1-2a0d:3341:b100:1e99::1-10ms-1h-2025-03-02-04-00-00.txt,bruhl,active,20.735983159980183,22.66416426889877,20.4912965798877,2.1728676890110705,0,1,255.458,28.90372821625897,35.252811431884766,29.938614290231442,2.70511267983767,6.349083215625797,31.125907341728,33.03063230641574,33.23883211098752,34.93692393885615,site_holdout
predictive_simple_fusion_greedy,30,inside-out/active/bruhl/2025-03-01/ping-frntdeu1-2a0d:3341:b100:1e99::1-10ms-1h-2025-03-01-10-00-00.txt,bruhl,active,22.50939239893488,26.794550342130982,21.047496206373292,5.74705413575769,0,1,258.917,30.518381515420515,33.04921340942383,31.289955033556275,2.3556842230512696,2.530831894003313,31.404172678321675,32.16342224652267,34.49734564083426,33.857132875912534,site_holdout
predictive_simple_fusion_greedy,31,inside-out/active/bruhl/2025-03-02/ping-frntdeu1-2a0d:3341:b100:1e99::1-10ms-1h-2025-03-02-11-00-00.txt,bruhl,active,21.120588945208787,24.63141957364341,20.748861949529935,3.882557624113474,0,1,257.125,29.735051441919495,32.910404205322266,30.463551851253342,2.1213791280768675,3.1753527634027705,30.846424909110464,31.799030738131297,32.89183793643545,32.95381775359603,site_holdout
predictive_simple_fusion_greedy,32,inside-out/active/bruhl/2025-03-01/ping-frntdeu1-2a0d:3341:b100:1e99::1-10ms-1h-2025-03-01-06-00-00.txt,bruhl,active,20.748861949529935,19.962515754978572,19.962515754978572,0.0,1,1,255.791,28.883021008312426,34.158077239990234,30.05853314661094,2.4588711106070122,5.275056231677809,30.729290689399658,32.311807558903,32.969963180723646,33.90658988322823,site_holdout
predictive_simple_fusion_greedy,33,inside-out/active/bruhl/2025-03-01/ping-frntdeu1-2a0d:3341:b100:1e99::1-10ms-1h-2025-03-01-11-00-00.txt,bruhl,active,21.73491525423729,22.5557929969104,20.64453380246293,1.9112591944474708,0,1,260.583,28.23058717314052,34.489131927490234,29.530417955559578,2.844119110065037,6.258544754349714,30.42107783716292,32.298641263467836,32.56071725843444,33.82170570922889,site_holdout
predictive_simple_fusion_greedy,34,inside-out/active/bruhl/2025-03-01/ping-frntdeu1-2a0d:3341:b100:1e99::1-10ms-1h-2025-03-01-04-00-00.txt,bruhl,active,21.649778652238073,31.07966978807294,21.48294363770613,9.596726150366813,0,1,256.125,28.869567585781624,31.54000473022461,30.11073352461038,2.8813274187647044,2.6704371444429853,29.80422058633667,30.605351729669565,33.503945100982406,32.10461145641236,site_holdout
predictive_simple_fusion_greedy,35,inside-out/active/bruhl/2025-03-02/ping-frntdeu1-2a0d:3341:b100:1e99::1-10ms-1h-2025-03-02-01-00-00.txt,bruhl,active,23.41329035457476,23.48814726840855,20.164751826656587,3.3233954417519627,0,1,256.333,29.784703099802755,33.6563835144043,30.57388561055941,2.6272222096789832,3.871680414601542,31.139791244913297,32.30129536929376,34.079854304933974,34.224015447869235,site_holdout
predictive_simple_fusion_greedy,36,inside-out/active/bruhl/2025-03-02/ping-frntdeu1-2a0d:3341:b100:1e99::1-10ms-1h-2025-03-02-05-00-00.txt,bruhl,active,20.20459145889904,21.675483870967746,20.86603063017826,0.8094532407894874,0,1,258.917,28.257290447390005,33.62432098388672,29.425821951465448,2.7576909503993208,5.3670305364967135,30.135751135163858,31.745860296112873,32.46373834159578,33.25221152709338,site_holdout
predictive_simple_fusion_greedy,37,inside-out/active/bruhl/2025-03-01/ping-frntdeu1-2a0d:3341:b100:1e99::1-10ms-1h-2025-03-01-17-00-00.txt,bruhl,active,21.274918485076498,27.031331658291457,20.363096741601417,6.668234916690039,0,1,256.209,27.950365378786046,33.54521560668945,29.369280910991368,2.5646995788375846,5.594850227903407,29.90856295855224,31.58701802692326,32.2878336809201,33.14153113551414,site_holdout
predictive_simple_fusion_greedy,38,inside-out/active/bruhl/2025-03-01/ping-frntdeu1-2a0d:3341:b100:1e99::1-10ms-1h-2025-03-01-04-00-00.txt,bruhl,active,22.11016779363887,22.64452519379845,18.971765564202336,3.672759629596115,0,1,253.333,28.694755187476403,32.343666076660156,30.112084610115907,2.780094757739489,3.648910889183753,29.971873998690718,31.066547265445845,33.43272588254371,32.6670085584874,site_holdout
predictive_simple_fusion_greedy,39,inside-out/active/bruhl/2025-03-01/ping-frntdeu1-2a0d:3341:b100:1e99::1-10ms-1h-2025-03-01-01-00-00.txt,bruhl,active,21.261995487590873,22.084872448979592,21.30540060851927,0.7794718404603209,0,1,258.25,29.709204193678488,31.355932235717773,30.613108524419253,2.273527229827326,1.6467280420392854,30.28555900839224,30.779577421004028,33.618765639906805,32.24476191832501,site_holdout
predictive_simple_fusion_greedy,40,inside-out/active/bruhl/2025-03-02/ping-frntdeu1-2a0d:3341:b100:1e99::1-10ms-1h-2025-03-02-05-00-00.txt,bruhl,active,22.84447192678704,20.961592388582876,19.68281829419036,1.2787740943925172,0,1,256.666,28.755144238702087,35.864749908447266,29.860961242591713,2.753458372850656,7.109605669745179,31.243506223112902,33.37638792403646,33.40132985463435,35.562623323415615,site_holdout
predictive_simple_fusion_greedy,41,inside-out/active/bruhl/2025-03-02/ping-frntdeu1-2a0d:3341:b100:1e99::1-10ms-1h-2025-03-02-05-00-00.txt,bruhl,active,20.961592388582876,23.20729009552539,21.646034963263237,1.5612551322621542,0,1,257.75,29.21699482954955,32.92624282836914,29.898976407145692,2.604150613596973,3.709247998819592,30.51523162913641,31.628006028782288,33.10085772340105,33.24769918472187,site_holdout
predictive_simple_fusion_greedy,42,inside-out/active/bruhl/2025-03-01/ping-frntdeu1-2a0d:3341:b100:1e99::1-10ms-1h-2025-03-01-01-00-00.txt,bruhl,active,22.55009886307464,25.870305781175347,20.27023478919465,5.600070991980697,0,1,255.75,29.36038986517633,34.02240753173828,30.498342719754177,2.741013244745091,4.662017666561951,30.992096048473012,32.390701348441596,33.94310347546114,34.24590393724594,site_holdout
predictive_simple_fusion_greedy,43,inside-out/active/bruhl/2025-03-01/ping-frntdeu1-2a0d:3341:b100:1e99::1-10ms-1h-2025-03-01-22-00-00.txt,bruhl,active,20.384273797841026,27.458292563600786,21.099264892268696,6.35902767133209,0,1,257.792,30.835999143931076,31.516727447509766,31.276008922982182,1.74153230203227,0.6807283035786895,31.074254050183615,31.278472541257223,33.54772504118887,32.31211226329758,site_holdout
predictive_simple_fusion_greedy,44,inside-out/active/bruhl/2025-03-01/ping-frntdeu1-2a0d:3341:b100:1e99::1-10ms-1h-2025-03-01-05-00-00.txt,bruhl,active,22.461540324533782,20.49430331023865,20.49430331023865,0.0,1,1,256.0,29.83254671985833,33.909423828125,30.611614750585076,2.161414915923413,4.076877108266672,31.25945370775166,32.48251684023166,33.47109175710341,34.1286203706341,site_holdout
predictive_simple_fusion_greedy,45,inside-out/active/bruhl/2025-03-01/ping-frntdeu1-2a0d:3341:b100:1e99::1-10ms-1h-2025-03-01-03-00-00.txt,bruhl,active,20.902184164805163,22.055450358239508,20.57347623966942,1.4819741185700863,0,1,257.834,29.970565173867726,33.682334899902344,30.539297936384187,2.0972745021991375,3.7117697260346176,31.269684577979845,32.38321549579023,33.307764019391364,33.94990267475151,site_holdout
predictive_simple_fusion_greedy,46,inside-out/active/bruhl/2025-03-01/ping-frntdeu1-2a0d:3341:b100:1e99::1-10ms-1h-2025-03-01-09-00-00.txt,bruhl,active,21.72658481583563,24.12503867973182,19.863144779466733,4.261893900265086,0,1,258.542,30.040868446396416,33.79417037963867,30.75431845580967,2.281780461231216,3.7533019332422555,31.354524123031204,32.480514703003884,33.607275595806684,33.99746669040171,site_holdout
predictive_simple_fusion_greedy,47,inside-out/active/bruhl/2025-03-02/ping-frntdeu1-2a0d:3341:b100:1e99::1-10ms-1h-2025-03-02-06-00-00.txt,bruhl,active,19.863144779466733,21.352409021014864,20.61034654699576,0.7420624740191037,0,1,254.791,28.889303797506727,32.63517761230469,29.703009559460227,2.2824044679382727,3.74587381479796,30.200359632686013,31.324121777125402,32.32200326132218,32.60589950951344,site_holdout
predictive_simple_fusion_greedy,48,inside-out/active/bruhl/2025-03-02/ping-frntdeu1-2a0d:3341:b100:1e99::1-10ms-1h-2025-03-02-11-00-00.txt,bruhl,active,20.824116781157997,21.326245596376445,20.629825,0.6964205963764449,0,1,256.708,28.417695980378994,33.7056770324707,29.686521742376776,2.568432240739052,5.287981052091709,30.26848934861109,31.854883664238603,32.634635389234575,33.405471235751286,site_holdout
predictive_simple_fusion_greedy,49,inside-out/active/bruhl/2025-03-02/ping-frntdeu1-2a0d:3341:b100:1e99::1-10ms-1h-2025-03-02-05-00-00.txt,bruhl,active,22.598618389709387,21.544743460764582,21.08513931888545,0.459604141879133,0,1,258.584,29.377540970902373,34.4499397277832,30.526117503554783,2.729210274764547,5.07239875688083,31.152880535810663,32.67460016287491,33.87498719512753,34.483802024062335,site_holdout
predictive_simple_fusion_greedy,50,inside-out/active/bruhl/2025-03-01/ping-frntdeu1-2a0d:3341:b100:1e99::1-10ms-1h-2025-03-01-04-00-00.txt,bruhl,active,23.66717873689344,22.393175591531755,20.44888777805549,1.9442878134762651,0,1,283.083,29.600841996677445,33.97127151489258,30.60245910143796,2.8342238275641174,4.370429518215133,31.130492328052743,32.441621183517285,34.2403029183701,34.390840081597844,site_holdout
predictive_simple_fusion_greedy,51,inside-out/active/bruhl/2025-03-02/ping-frntdeu1-2a0d:3341:b100:1e99::1-10ms-1h-2025-03-02-04-00-00.txt,bruhl,active,20.458820551759047,23.986740467404672,20.069478908188582,3.91726155921609,0,1,292.791,27.79735468693616,37.32620620727539,28.740230857138272,3.072395025381805,9.52885152033923,31.13245271905489,33.99110817515666,32.057633596732714,35.957099797748675,site_holdout
predictive_simple_fusion_greedy,52,inside-out/active/bruhl/2025-03-01/ping-frntdeu1-2a0d:3341:b100:1e99::1-10ms-1h-2025-03-01-20-00-00.txt,bruhl,active,20.958068459657703,21.096371164150025,20.596300893743795,0.5000702704062299,0,1,259.375,29.871030677613817,31.47850227355957,30.69523830707938,2.0947726350656635,1.6074715959457535,30.43364573619483,30.915887214978557,33.3506803711611,32.160996962355604,site_holdout
predictive_simple_fusion_greedy,53,inside-out/active/bruhl/2025-03-01/ping-frntdeu1-2a0d:3341:b100:1e99::1-10ms-1h-2025-03-01-04-00-00.txt,bruhl,active,20.8537343358396,20.851403061224488,20.62198079838302,0.22942226284146727,0,1,258.584,29.132357662826507,33.17439270019531,30.017091602382575,2.6749205111846326,4.042035037368805,30.54706992590559,31.75968043711623,33.10342285340628,33.24402480848834,site_holdout
predictive_simple_fusion_greedy,54,inside-out/active/bruhl/2025-03-02/ping-frntdeu1-2a0d:3341:b100:1e99::1-10ms-1h-2025-03-02-09-00-00.txt,bruhl,active,20.63209197700575,23.170796019900497,21.13926191696566,2.031534102934838,0,1,255.958,27.744325003705853,36.39537811279297,28.88541479482275,2.8660776440253524,8.651053109087115,30.772193591886346,33.36750952461248,31.96074080089334,35.158382608572765,site_holdout
predictive_simple_fusion_greedy,55,inside-out/active/bruhl/2025-03-01/ping-frntdeu1-2a0d:3341:b100:1e99::1-10ms-1h-2025-03-01-11-00-00.txt,bruhl,active,22.029937076476283,22.01310262529833,20.780806331931736,1.2322962933665949,0,1,267.375,28.59144155570266,35.9289436340332,29.610960809876715,2.769939646569333,7.3375020783305445,31.15956728311835,33.36081790661751,32.98849708815042,35.394649657797274,site_holdout
predictive_simple_fusion_greedy,56,inside-out/active/bruhl/2025-03-02/ping-frntdeu1-2a0d:3341:b100:1e99::1-10ms-1h-2025-03-02-01-00-00.txt,bruhl,active,20.780806331931736,22.1087841191067,21.17579214195184,0.9329919771548632,0,1,259.5,28.792799262890185,33.5687255859375,29.94433380350929,2.703111948599248,4.775926323047315,30.464373475956744,31.89715137287094,33.1830644976978,33.58614073791475,site_holdout
predictive_simple_fusion_greedy,57,inside-out/active/bruhl/2025-03-01/ping-frntdeu1-2a0d:3341:b100:1e99::1-10ms-1h-2025-03-01-09-00-00.txt,bruhl,active,22.189715698393076,23.374248073576933,20.59482673267327,2.7794213409036637,0,1,281.167,28.736260086598122,34.44083023071289,29.85714588229862,3.013834516048632,5.7045701441147685,30.73285963703829,32.44423068027272,33.19228677238255,34.08945269773166,site_holdout
predictive_simple_fusion_greedy,58,inside-out/active/bruhl/2025-03-01/ping-frntdeu1-2a0d:3341:b100:1e99::1-10ms-1h-2025-03-01-00-00-00.txt,bruhl,active,21.582094763092268,22.15585844093735,20.75279534530736,1.4030630956299923,0,1,260.375,29.14341683924249,34.996456146240234,29.795633076762883,2.6089505722215005,5.8530393069977436,31.1919805966917,32.947892388791026,32.80224402874941,34.5830943423112,site_holdout
predictive_simple_fusion_greedy,59,inside-out/active/bruhl/2025-03-01/ping-frntdeu1-2a0d:3341:b100:1e99::1-10ms-1h-2025-03-01-08-00-00.txt,bruhl,active,26.699448621553884,24.6,19.0,5.600000000000001,0,1,256.125,29.817357564735175,36.57097244262695,30.235563344292284,2.336828951830056,6.753614877891778,32.181122771997295,34.20720723536483,33.333683685547115,36.22806735053629,site_holdout
predictive_consensus_greedy,0,inside-out/active/bruhl/2025-03-02/ping-frntdeu1-2a0d:3341:b100:1e99::1-10ms-1h-2025-03-02-06-00-00.txt,bruhl,active,22.556538076152304,21.8352078827205,20.71283367556468,1.1223742071558185,0,1,275.958,30.59517182727268,32.22928237915039,30.805737339952184,3.8584926029907782,1.6341105518777113,31.16711052042988,31.657343685993194,35.40037594702509,33.521523896010784,site_holdout
predictive_consensus_greedy,1,inside-out/active/bruhl/2025-03-02/ping-frntdeu1-2a0d:3341:b100:1e99::1-10ms-1h-2025-03-02-02-00-00.txt,bruhl,active,21.54805837249567,28.38216748768473,21.105583756345176,7.276583731339553,0,1,260.209,27.685294792989225,33.90883255004883,29.387980399475495,2.7756496939785857,6.223537757059603,29.863533007960086,31.730594335077967,33.20329490424584,34.086525345070335,site_holdout
predictive_consensus_greedy,2,inside-out/active/bruhl/2025-03-01/ping-frntdeu1-2a0d:3341:b100:1e99::1-10ms-1h-2025-03-01-12-00-00.txt,bruhl,active,21.99285535848114,22.920963244613436,20.28618881118881,2.6347744334246244,0,1,259.0,29.186640422213713,34.76728057861328,29.636731953363388,2.6874376851464756,5.580640156399568,31.139864476953562,32.81405652387343,32.81151645622394,34.531326778514085,site_holdout
predictive_consensus_greedy,3,inside-out/active/bruhl/2025-03-02/ping-frntdeu1-2a0d:3341:b100:1e99::1-10ms-1h-2025-03-02-02-00-00.txt,bruhl,active,21.51212121212121,24.1082687984012,20.13326633165829,3.9750024667429074,0,1,268.792,29.75389626056767,33.776466369628906,30.540783987346305,1.8570861507403824,4.022570109061235,31.161795798739103,32.36856683145747,33.02924447557288,33.86646971753488,site_holdout
predictive_consensus_greedy,4,inside-out/active/bruhl/2025-03-01/ping-frntdeu1-2a0d:3341:b100:1e99::1-10ms-1h-2025-03-01-06-00-00.txt,bruhl,active,21.10923344947735,23.901314484126985,20.880678314491263,3.020636169635722,0,1,259.542,29.653726858916343,33.013328552246094,30.760308913650988,2.214417485121603,3.3596016933297506,30.829587451581755,31.83746795958068,33.612821142295736,33.365127243717204,site_holdout
predictive_consensus_greedy,5,inside-out/active/bruhl/2025-03-01/ping-frntdeu1-2a0d:3341:b100:1e99::1-10ms-1h-2025-03-01-12-00-00.txt,bruhl,active,21.85847143210487,20.872979098463865,20.2340598073999,0.6389192910639672,0,1,256.792,29.675151154097875,33.75239944458008,30.835984471319787,2.214016380057263,4.077248290482203,31.102188055766646,32.32536254291131,33.627214747759375,33.86380536335617,site_holdout
predictive_consensus_greedy,6,inside-out/active/bruhl/2025-03-01/ping-frntdeu1-2a0d:3341:b100:1e99::1-10ms-1h-2025-03-01-06-00-00.txt,bruhl,active,20.39972839506173,22.52301961758133,20.65521835677276,1.8678012608085695,0,1,258.958,29.427642402959464,32.91618347167969,30.375840340238295,2.2401219630404063,3.488541068720224,30.64863177701154,31.69519409762761,32.961316621119984,32.949433013101014,site_holdout
predictive_consensus_greedy,7,inside-out/active/bruhl/2025-03-01/ping-frntdeu1-2a0d:3341:b100:1e99::1-10ms-1h-2025-03-01-11-00-00.txt,bruhl,active,21.5909332688588,28.606777587472475,21.00799489144317,7.598782696029307,0,1,260.75,29.302281450840383,33.98887252807617,30.599989864100774,2.6888900477251965,4.686591077235789,30.94258832787291,32.34856565104365,33.837748485793924,34.03831584466648,site_holdout
predictive_consensus_greedy,8,inside-out/active/bruhl/2025-03-01/ping-frntdeu1-2a0d:3341:b100:1e99::1-10ms-1h-2025-03-01-19-00-00.txt,bruhl,active,33.370493827160495,29.523641304347827,20.726799007444168,8.796842296903659,0,1,257.208,31.897596968844482,33.002296447753906,32.82713192194172,2.2726468271232307,1.1046994789094242,32.28424178646278,32.61565163013561,36.20807235207725,34.402576887819656,site_holdout
predictive_consensus_greedy,9,inside-out/active/bruhl/2025-03-01/ping-frntdeu1-2a0d:3341:b100:1e99::1-10ms-1h-2025-03-01-02-00-00.txt,bruhl,active,20.726799007444168,22.534695451040864,20.73554078240859,1.7991546686322728,0,1,262.333,29.398044151671456,32.49225616455078,30.50136555243462,2.5223454507648,3.094212012879325,30.48101835617922,31.409281960043018,33.41647282595567,32.7420513467784,site_holdout
predictive_consensus_greedy,10,inside-out/active/bruhl/2025-03-02/ping-frntdeu1-2a0d:3341:b100:1e99::1-10ms-1h-2025-03-02-10-00-00.txt,bruhl,active,23.924207636635888,24.2215120616762,20.62792480831066,3.5935872533655413,0,1,254.542,31.527728546919207,33.025108337402344,32.418410793455344,2.0135149019866443,1.4973797904831372,32.0518114735883,32.50102541073324,35.47862599353945,34.20084241337568,site_holdout
predictive_consensus_greedy,11,inside-out/active/bruhl/2025-03-01/ping-frntdeu1-2a0d:3341:b100:1e99::1-10ms-1h-2025-03-01-09-00-00.txt,bruhl,active,21.01039603960396,20.387828947368423,20.360533672172807,0.027295275195616142,0,1,299.667,29.652756747776948,32.43759536743164,30.70149769806498,2.325923510267515,2.7848386196546926,30.62745026465609,31.462901850552498,33.27348280967465,32.568928191427,site_holdout
predictive_consensus_greedy,12,inside-out/active/bruhl/2025-03-01/ping-frntdeu1-2a0d:3341:b100:1e99::1-10ms-1h-2025-03-01-21-00-00.txt,bruhl,active,22.40175824175824,30.078808265257088,19.729985007496257,10.34882325776083,0,1,294.833,32.411936031367986,33.118778228759766,32.86650390908588,1.2404654286055423,0.7068421973917793,32.65933080045511,32.87138345967264,35.002713066689324,34.14792776556111,site_holdout
predictive_consensus_greedy,13,inside-out/active/bruhl/2025-03-01/ping-frntdeu1-2a0d:3341:b100:1e99::1-10ms-1h-2025-03-01-01-00-00.txt,bruhl,active,21.71126213592233,22.414789081885857,21.172549498900025,1.2422395829858317,0,1,261.959,30.751317304648182,34.27267074584961,31.423916005870367,1.9005169785957003,3.521353441201427,31.983791009068682,33.04019704142911,34.045126612120725,34.58815525785283,site_holdout
predictive_consensus_greedy,14,inside-out/active/bruhl/2025-03-02/ping-frntdeu1-2a0d:3341:b100:1e99::1-10ms-1h-2025-03-02-06-00-00.txt,bruhl,active,23.634319820940064,21.989061689994816,21.396557079989645,0.5925046100051716,0,1,255.5,30.984659384756924,32.81211471557617,31.80350149376429,2.16177698590946,1.827455330819248,31.624268750543663,32.17250534978944,34.96219268595787,33.89260933563285,site_holdout
predictive_consensus_greedy,15,inside-out/active/bruhl/2025-03-02/ping-frntdeu1-2a0d:3341:b100:1e99::1-10ms-1h-2025-03-02-07-00-00.txt,bruhl,active,22.342381656804733,23.569407407407407,19.798456477732795,3.770950929674612,0,1,258.0,29.502522937515096,33.390079498291016,30.72010007963635,2.5101895368159393,3.88755656077592,30.863167733786668,32.029434702019444,33.96347436330945,33.778922489158184,site_holdout
predictive_consensus_greedy,16,inside-out/active/bruhl/2025-03-02/ping-frntdeu1-2a0d:3341:b100:1e99::1-10ms-1h-2025-03-02-10-00-00.txt,bruhl,active,21.90185873605948,22.486258750324087,20.071084941117515,2.4151738092065713,0,1,255.625,29.527641763601423,33.0779914855957,30.798562021240734,2.1091448971596765,3.55034972199428,30.77026416629942,31.835369082897703,33.498822887057955,33.3088062480446,site_holdout
predictive_consensus_greedy,17,inside-out/active/bruhl/2025-03-02/ping-frntdeu1-2a0d:3341:b100:1e99::1-10ms-1h-2025-03-02-01-00-00.txt,bruhl,active,20.071084941117515,22.09531914893617,19.37195544554455,2.7233637033916196,0,1,258.333,28.740496038269157,34.04777145385742,29.748599357084043,2.448535693034353,5.307275415588265,30.59804243372505,32.19022505840153,32.47993555973608,33.615887032836625,site_holdout
predictive_consensus_greedy,18,inside-out/active/bruhl/2025-03-01/ping-frntdeu1-2a0d:3341:b100:1e99::1-10ms-1h-2025-03-01-04-00-00.txt,bruhl,active,19.37195544554455,21.47008588957055,20.677525252525253,0.7925606370452982,0,1,256.791,28.65953036371684,32.89763641357422,29.666941349600197,2.501525211378595,4.238106049857379,30.142867481166924,31.41429929612414,32.28186507790687,32.5768897208826,site_holdout
predictive_consensus_greedy,19,inside-out/active/bruhl/2025-03-01/ping-frntdeu1-2a0d:3341:b100:1e99::1-10ms-1h-2025-03-01-06-00-00.txt,bruhl,active,20.900098015192356,20.94179447852761,20.94179447852761,0.0,1,1,258.625,28.121435943559845,33.847694396972656,29.56020269399077,2.8715824750111176,5.726258453412811,30.12562640225433,31.84350393827817,32.745425189789145,33.447665423159485,site_holdout
predictive_consensus_greedy,20,inside-out/active/bruhl/2025-03-02/ping-frntdeu1-2a0d:3341:b100:1e99::1-10ms-1h-2025-03-02-09-00-00.txt,bruhl,active,23.49139517532952,20.98814612326044,19.77495612935573,1.2131899939047095,0,1,258.0,30.21979560422642,32.397247314453125,31.552277566692435,2.3164262183318614,2.1774517102267055,30.981903702805766,31.635139215873778,34.86729624346342,33.43058339991854,site_holdout
predictive_consensus_greedy,21,inside-out/active/bruhl/2025-03-02/ping-frntdeu1-2a0d:3341:b100:1e99::1-10ms-1h-2025-03-02-11-00-00.txt,bruhl,active,24.311086851043186,27.866138613861388,20.51191919191919,7.354219421942197,0,1,257.125,31.368437721010196,31.4931583404541,32.27848422601307,1.847667567447114,0.12472061944390589,31.412089937815562,31.449506123648735,34.87055958166776,32.66830286566248,site_holdout
predictive_consensus_greedy,22,inside-out/active/bruhl/2025-03-01/ping-frntdeu1-2a0d:3341:b100:1e99::1-10ms-1h-2025-03-01-21-00-00.txt,bruhl,active,22.388236757025616,27.438258823529413,20.78126399601891,6.656994827510502,0,1,254.708,28.622855521588463,33.05695343017578,29.983465610805965,2.6824202170301445,4.434097908587319,30.174789789594023,31.505019162170218,33.21712483280629,33.17027301225667,site_holdout
predictive_consensus_greedy,23,inside-out/active/bruhl/2025-03-01/ping-frntdeu1-2a0d:3341:b100:1e99::1-10ms-1h-2025-03-01-09-00-00.txt,bruhl,active,20.827692307692303,19.5905023744064,19.5905023744064,0.0,1,1,258.292,29.35526410085822,31.463027954101562,30.324733825104243,2.3266779921211587,2.107763853243341,30.092981449493394,30.725310605466397,32.956174865491334,31.82251953708694,site_holdout
predictive_consensus_greedy,24,inside-out/active/bruhl/2025-03-02/ping-frntdeu1-2a0d:3341:b100:1e99::1-10ms-1h-2025-03-02-08-00-00.txt,bruhl,active,21.82529076961148,23.43152898922524,20.604673379808933,2.826855609416306,0,1,256.208,30.6332318046434,31.284748077392578,31.31062533799278,1.8088373329180052,0.651516272749177,30.86126250010561,31.056717381930362,33.84203431454588,32.29664998606988,site_holdout
predictive_consensus_greedy,25,inside-out/active/bruhl/2025-03-01/ping-frntdeu1-2a0d:3341:b100:1e99::1-10ms-1h-2025-03-01-10-00-00.txt,bruhl,active,21.302933201873305,21.777518999754843,20.34140703517588,1.4361119645789628,0,1,257.833,28.920807274496838,33.04781723022461,29.99763579383268,2.7100038574643883,4.127009955727772,30.365260759001558,31.60336374571989,33.083513857632845,33.06943991199454,site_holdout
predictive_consensus_greedy,26,inside-out/active/bruhl/2025-03-01/ping-frntdeu1-2a0d:3341:b100:1e99::1-10ms-1h-2025-03-01-03-00-00.txt,bruhl,active,21.825442913385828,21.55470737913486,21.017214654767496,0.5374927243673646,0,1,254.583,31.263880358703318,32.89763259887695,31.945044668691278,1.5575758244527464,1.633752240173635,31.83569364276409,32.32581931481618,34.25391033193158,33.62987833373428,site_holdout
predictive_consensus_greedy,27,inside-out/active/bruhl/2025-03-01/ping-frntdeu1-2a0d:3341:b100:1e99::1-10ms-1h-2025-03-01-06-00-00.txt,bruhl,active,21.017214654767496,21.831869997574582,20.733073244399694,1.098796753174888,0,1,252.75,29.07019252907594,33.75464630126953,30.243837449492585,2.6078518845905383,4.684453772193592,30.709751349343698,32.11508748100177,33.23070676459196,33.614513259877604,site_holdout
predictive_consensus_greedy,28,inside-out/active/bruhl/2025-03-02/ping-frntdeu1-2a0d:3341:b100:1e99::1-10ms-1h-2025-03-02-07-00-00.txt,bruhl,active,21.548735575742697,21.17221100454316,20.735983159980183,0.43622784456297836,0,1,254.917,30.30743607385193,33.74738693237305,30.952065573793764,2.126847986245215,3.439950858521115,31.51141887433432,32.543404131890654,33.70047159572127,34.04066924998636,site_holdout
predictive_consensus_greedy,29,inside-out/active/bruhl/2025-03-01/ping-frntdeu1-2a0d:3341:b100:1e99::1-10ms-1h-2025-03-01-01-00-00.txt,bruhl,active,23.085381507012123,24.35787161337564,20.4912965798877,3.8665750334879405,0,1,252.542,31.99160271162873,33.39606857299805,32.27210593239354,1.848154524393448,1.4044658613693173,32.48316576310799,32.904505521518786,34.96188816535593,34.34861844732302,site_holdout
predictive_consensus_greedy,30,inside-out/active/bruhl/2025-03-01/ping-frntdeu1-2a0d:3341:b100:1e99::1-10ms-1h-2025-03-01-07-00-00.txt,bruhl,active,26.42960413080895,26.450502008032128,21.047496206373292,5.403005801658836,0,1,254.0,31.69033434008361,31.97446060180664,32.4108413593879,1.8258527995361171,0.28412626172303135,31.78977853168667,31.875016410203582,35.46659217379932,33.58979025113521,site_holdout
predictive_consensus_greedy,31,inside-out/active/bruhl/2025-03-02/ping-frntdeu1-2a0d:3341:b100:1e99::1-10ms-1h-2025-03-02-11-00-00.txt,bruhl,active,21.120588945208787,24.63141957364341,20.748861949529935,3.882557624113474,0,1,257.667,29.735051441919495,32.910404205322266,30.463551851253342,2.1213791280768675,3.1753527634027705,30.846424909110464,31.799030738131297,32.89183793643545,32.95381775359603,site_holdout
predictive_consensus_greedy,32,inside-out/active/bruhl/2025-03-02/ping-frntdeu1-2a0d:3341:b100:1e99::1-10ms-1h-2025-03-02-06-00-00.txt,bruhl,active,21.674417451660883,22.32166453265045,19.962515754978572,2.3591487776718765,0,1,296.542,30.03124756044599,32.154945373535156,31.16759392378384,2.0762183482732453,2.1236978130891657,30.774541795027197,31.411651138953946,33.942404560476234,32.841667795750325,site_holdout
predictive_consensus_greedy,33,inside-out/active/bruhl/2025-03-01/ping-frntdeu1-2a0d:3341:b100:1e99::1-10ms-1h-2025-03-01-11-00-00.txt,bruhl,active,21.73491525423729,22.5557929969104,20.64453380246293,1.9112591944474708,0,1,258.166,28.23058717314052,34.489131927490234,29.530417955559578,2.844119110065037,6.258544754349714,30.42107783716292,32.298641263467836,32.56071725843444,33.82170570922889,site_holdout
predictive_consensus_greedy,34,inside-out/active/bruhl/2025-03-01/ping-frntdeu1-2a0d:3341:b100:1e99::1-10ms-1h-2025-03-01-04-00-00.txt,bruhl,active,21.649778652238073,31.07966978807294,21.48294363770613,9.596726150366813,0,1,258.667,28.869567585781624,31.54000473022461,30.11073352461038,2.8813274187647044,2.6704371444429853,29.80422058633667,30.605351729669565,33.503945100982406,32.10461145641236,site_holdout
predictive_consensus_greedy,35,inside-out/active/bruhl/2025-03-02/ping-frntdeu1-2a0d:3341:b100:1e99::1-10ms-1h-2025-03-02-03-00-00.txt,bruhl,active,22.6417841516772,21.74329132690882,20.164751826656587,1.5785395002522336,0,1,257.459,30.92689613651055,32.09297561645508,31.69639497536762,2.0068325529104376,1.1660794799445284,31.335023954491135,31.684847798474493,34.603476837366614,33.20341319378511,site_holdout
predictive_consensus_greedy,36,inside-out/active/bruhl/2025-03-01/ping-frntdeu1-2a0d:3341:b100:1e99::1-10ms-1h-2025-03-01-04-00-00.txt,bruhl,active,23.359189723320156,23.12608366935484,20.86603063017826,2.260053039176583,0,1,299.875,31.31881224468634,31.651973724365234,31.719810059200867,1.7308953268156388,0.33316147967889265,31.435418762573956,31.535367206477623,34.60309319634242,33.15379499647533,site_holdout
predictive_consensus_greedy,37,inside-out/active/bruhl/2025-03-01/ping-frntdeu1-2a0d:3341:b100:1e99::1-10ms-1h-2025-03-01-02-00-00.txt,bruhl,active,23.17398857142857,22.468261086198307,20.363096741601417,2.10516434459689,0,1,259.25,29.99033900717768,32.15102767944336,31.364964899358533,2.8152966868869354,2.160688672265678,30.74658004247067,31.394786644150372,34.73986854053573,32.87428663738893,site_holdout
predictive_consensus_greedy,38,inside-out/active/bruhl/2025-03-01/ping-frntdeu1-2a0d:3341:b100:1e99::1-10ms-1h-2025-03-01-04-00-00.txt,bruhl,active,22.11016779363887,22.64452519379845,18.971765564202336,3.672759629596115,0,1,260.166,28.694755187476403,32.343666076660156,30.112084610115907,2.780094757739489,3.648910889183753,29.971873998690718,31.066547265445845,33.43272588254371,32.6670085584874,site_holdout
predictive_consensus_greedy,39,inside-out/active/bruhl/2025-03-01/ping-frntdeu1-2a0d:3341:b100:1e99::1-10ms-1h-2025-03-01-01-00-00.txt,bruhl,active,21.261995487590873,22.084872448979592,21.30540060851927,0.7794718404603209,0,1,257.417,29.709204193678488,31.355932235717773,30.613108524419253,2.273527229827326,1.6467280420392854,30.28555900839224,30.779577421004028,33.618765639906805,32.24476191832501,site_holdout
predictive_consensus_greedy,40,inside-out/active/bruhl/2025-03-01/ping-frntdeu1-2a0d:3341:b100:1e99::1-10ms-1h-2025-03-01-23-00-00.txt,bruhl,active,24.792169857633777,23.397382583170256,19.68281829419036,3.714564288979897,0,1,258.375,29.77728068617489,35.153385162353516,31.081428016610314,2.4763517169851745,5.376104476178625,31.658917252837412,33.271748595691,34.356766682586,35.22743392154566,site_holdout
predictive_consensus_greedy,41,inside-out/active/bruhl/2025-03-02/ping-frntdeu1-2a0d:3341:b100:1e99::1-10ms-1h-2025-03-02-05-00-00.txt,bruhl,active,20.961592388582876,23.20729009552539,21.646034963263237,1.5612551322621542,0,1,254.542,29.21699482954955,32.92624282836914,29.898976407145692,2.604150613596973,3.709247998819592,30.51523162913641,31.628006028782288,33.10085772340105,33.24769918472187,site_holdout
predictive_consensus_greedy,42,inside-out/active/bruhl/2025-03-01/ping-frntdeu1-2a0d:3341:b100:1e99::1-10ms-1h-2025-03-01-01-00-00.txt,bruhl,active,22.55009886307464,25.870305781175347,20.27023478919465,5.600070991980697,0,1,255.833,29.36038986517633,34.02240753173828,30.498342719754177,2.741013244745091,4.662017666561951,30.992096048473012,32.390701348441596,33.94310347546114,34.24590393724594,site_holdout
predictive_consensus_greedy,43,inside-out/active/bruhl/2025-03-01/ping-frntdeu1-2a0d:3341:b100:1e99::1-10ms-1h-2025-03-01-22-00-00.txt,bruhl,active,20.384273797841026,27.458292563600786,21.099264892268696,6.35902767133209,0,1,257.375,30.835999143931076,31.516727447509766,31.276008922982182,1.74153230203227,0.6807283035786895,31.074254050183615,31.278472541257223,33.54772504118887,32.31211226329758,site_holdout
predictive_consensus_greedy,44,inside-out/active/bruhl/2025-03-02/ping-frntdeu1-2a0d:3341:b100:1e99::1-10ms-1h-2025-03-02-06-00-00.txt,bruhl,active,22.12814536340852,22.632470588235293,20.49430331023865,2.1381672779966436,0,1,253.125,31.728499619858667,32.39608383178711,31.67891028084725,1.47778781859829,0.6675842119284425,31.96215409403362,32.162429357612154,34.26321546568688,33.705152099695916,site_holdout
predictive_consensus_greedy,45,inside-out/active/bruhl/2025-03-02/ping-frntdeu1-2a0d:3341:b100:1e99::1-10ms-1h-2025-03-02-12-00-00.txt,bruhl,active,30.497541789577188,24.26561506480802,20.57347623966942,3.692138825138599,0,1,264.625,32.02895070407885,31.15791130065918,32.20553384914462,1.8851517704649166,0.8710394034196725,31.724086912881965,31.985398733907868,35.37434533900236,34.17586609762675,site_holdout
predictive_consensus_greedy,46,inside-out/active/bruhl/2025-03-01/ping-frntdeu1-2a0d:3341:b100:1e99::1-10ms-1h-2025-03-01-09-00-00.txt,bruhl,active,21.72658481583563,24.12503867973182,19.863144779466733,4.261893900265086,0,1,258.709,30.040868446396416,33.79417037963867,30.75431845580967,2.281780461231216,3.7533019332422555,31.354524123031204,32.480514703003884,33.607275595806684,33.99746669040171,site_holdout
predictive_consensus_greedy,47,inside-out/active/bruhl/2025-03-02/ping-frntdeu1-2a0d:3341:b100:1e99::1-10ms-1h-2025-03-02-06-00-00.txt,bruhl,active,19.863144779466733,21.352409021014864,20.61034654699576,0.7420624740191037,0,1,253.084,28.889303797506727,32.63517761230469,29.703009559460227,2.2824044679382727,3.74587381479796,30.200359632686013,31.324121777125402,32.32200326132218,32.60589950951344,site_holdout
predictive_consensus_greedy,48,inside-out/active/bruhl/2025-03-02/ping-frntdeu1-2a0d:3341:b100:1e99::1-10ms-1h-2025-03-02-11-00-00.txt,bruhl,active,20.824116781157997,21.326245596376445,20.629825,0.6964205963764449,0,1,254.083,28.417695980378994,33.7056770324707,29.686521742376776,2.568432240739052,5.287981052091709,30.26848934861109,31.854883664238603,32.634635389234575,33.405471235751286,site_holdout
predictive_consensus_greedy,49,inside-out/active/bruhl/2025-03-01/ping-frntdeu1-2a0d:3341:b100:1e99::1-10ms-1h-2025-03-01-19-00-00.txt,bruhl,active,21.91509014571499,24.77640703517588,21.08513931888545,3.6912677162904295,0,1,257.125,31.640252867594427,32.011314392089844,32.16138581741604,1.5716146399244504,0.37106152449541696,31.77012440116782,31.881442858516444,34.541180877760546,33.119633091367156,site_holdout
predictive_consensus_greedy,50,inside-out/active/bruhl/2025-03-01/ping-frntdeu1-2a0d:3341:b100:1e99::1-10ms-1h-2025-03-01-08-00-00.txt,bruhl,active,21.804290674603173,22.341340782122906,20.44888777805549,1.8924530040674163,0,1,252.208,31.776627226367964,30.365633010864258,32.28163541304594,1.6574146373788776,1.410994215503706,31.282779250941665,31.706077515592778,34.89823948017896,33.785117712443494,site_holdout
predictive_consensus_greedy,51,inside-out/active/bruhl/2025-03-01/ping-frntdeu1-2a0d:3341:b100:1e99::1-10ms-1h-2025-03-01-22-00-00.txt,bruhl,active,23.258256880733946,31.151799802761342,20.069478908188582,11.08232089457276,0,1,256.25,31.180641040513365,33.47089385986328,31.701448205540764,2.091518853506592,2.2902528193499165,31.98222952728584,32.669305373090815,34.477486946753636,34.10573025610873,site_holdout
predictive_consensus_greedy,52,inside-out/active/bruhl/2025-03-01/ping-frntdeu1-2a0d:3341:b100:1e99::1-10ms-1h-2025-03-01-20-00-00.txt,bruhl,active,20.958068459657703,21.096371164150025,20.596300893743795,0.5000702704062299,0,1,256.375,29.871030677613817,31.47850227355957,30.69523830707938,2.0947726350656635,1.6074715959457535,30.43364573619483,30.915887214978557,33.3506803711611,32.160996962355604,site_holdout
predictive_consensus_greedy,53,inside-out/active/bruhl/2025-03-01/ping-frntdeu1-2a0d:3341:b100:1e99::1-10ms-1h-2025-03-01-10-00-00.txt,bruhl,active,22.36214758519245,22.10343213728549,20.62198079838302,1.4814513389024704,0,1,257.709,29.419458631824455,32.83378219604492,30.59955644926005,2.5358902841580795,3.4143235642204672,30.614471879301618,31.63876894856776,33.55704046696826,33.03576760957946,site_holdout
predictive_consensus_greedy,54,inside-out/active/bruhl/2025-03-01/ping-frntdeu1-2a0d:3341:b100:1e99::1-10ms-1h-2025-03-01-23-00-00.txt,bruhl,active,32.3970515970516,25.27067367893814,21.13926191696566,4.131411761972483,0,1,253.209,31.100861552542483,32.57209014892578,31.74215530375105,2.288951828475684,1.4712285963832983,31.615791561276637,32.05716014019163,35.46204713247654,34.207460957198684,site_holdout
predictive_consensus_greedy,55,inside-out/active/bruhl/2025-03-01/ping-frntdeu1-2a0d:3341:b100:1e99::1-10ms-1h-2025-03-01-03-00-00.txt,bruhl,active,21.662744140625,23.233048933500623,20.780806331931736,2.452242601568887,0,1,257.708,30.696565057323824,32.27665328979492,31.15166392793237,2.0880938441833568,1.5800882324710983,31.249595938688707,31.723622408430035,33.97899515040966,33.142892071016924,site_holdout
predictive_consensus_greedy,56,inside-out/active/bruhl/2025-03-01/ping-frntdeu1-2a0d:3341:b100:1e99::1-10ms-1h-2025-03-01-22-00-00.txt,bruhl,active,23.575561458584883,26.753855509608368,21.17579214195184,5.578063367656529,0,1,264.792,31.426697599719773,31.608705520629883,32.00213840240006,1.911430739584715,0.18200792091010953,31.490400372038312,31.545002748311344,34.84390740624826,32.971399489562025,site_holdout
predictive_consensus_greedy,57,inside-out/active/bruhl/2025-03-01/ping-frntdeu1-2a0d:3341:b100:1e99::1-10ms-1h-2025-03-01-09-00-00.txt,bruhl,active,22.189715698393076,23.374248073576933,20.59482673267327,2.7794213409036637,0,1,252.083,28.736260086598122,34.44083023071289,29.85714588229862,3.013834516048632,5.7045701441147685,30.73285963703829,32.44423068027272,33.19228677238255,34.08945269773166,site_holdout
predictive_consensus_greedy,58,inside-out/active/bruhl/2025-03-01/ping-frntdeu1-2a0d:3341:b100:1e99::1-10ms-1h-2025-03-01-19-00-00.txt,bruhl,active,26.58515294117647,25.73585220500596,20.75279534530736,4.9830568596986,0,1,254.917,30.795367434819127,33.24595642089844,32.08170044223758,2.4847898716719805,2.4505889860793104,31.653073579946884,32.38825027577068,35.597391172927,34.28540750131404,site_holdout
predictive_consensus_greedy,59,inside-out/active/bruhl/2025-03-02/ping-frntdeu1-2a0d:3341:b100:1e99::1-10ms-1h-2025-03-02-10-00-00.txt,bruhl,active,21.839370078740156,25.9,19.0,6.899999999999999,0,1,250.5,31.410743117196944,34.91550064086914,31.531560167350264,1.7601669455336728,3.504757523672197,32.63740825048221,33.68883550758387,33.99812834293253,35.185754226383104,site_holdout
ensemble_uncertainty_selector,0,inside-out/active/bruhl/2025-03-01/ping-frntdeu1-2a0d:3341:b100:1e99::1-10ms-1h-2025-03-01-08-00-00.txt,bruhl,active,21.084192968950475,25.242821965033244,20.71283367556468,4.529988289468562,0,1,272.292,28.222782576759528,37.33665084838867,28.704522155999395,4.407290446595495,9.113868271629144,31.412636471829728,34.14679695331847,33.121338056422616,36.169531845957984,site_holdout
ensemble_uncertainty_selector,1,inside-out/active/bruhl/2025-03-01/ping-frntdeu1-2a0d:3341:b100:1e99::1-10ms-1h-2025-03-01-09-00-00.txt,bruhl,active,20.71283367556468,22.828332918016446,21.105583756345176,1.7227491616712705,0,1,310.708,27.213336324967713,38.29585266113281,28.5288116479448,1.7949436281612723,11.0825163361651,31.0922170426255,34.416971943475026,30.89044475671183,36.54064896473761,site_holdout
ensemble_uncertainty_selector,2,inside-out/active/bruhl/2025-03-02/ping-frntdeu1-2a0d:3341:b100:1e99::1-10ms-1h-2025-03-02-01-00-00.txt,bruhl,active,21.83260422027792,22.613771712158808,20.28618881118881,2.327582900969997,0,1,307.0,28.935656640248453,38.769229888916016,28.95176468358871,2.7525243974687466,9.833573248667562,32.3774072772821,35.32747925188237,31.90471101535879,37.19938961041764,site_holdout
ensemble_uncertainty_selector,3,inside-out/active/bruhl/2025-03-02/ping-frntdeu1-2a0d:3341:b100:1e99::1-10ms-1h-2025-03-02-06-00-00.txt,bruhl,active,20.28618881118881,20.13326633165829,20.13326633165829,0.0,1,1,315.958,28.275368789405547,36.426963806152344,29.56840905923038,2.5375392128173337,8.151595016746796,31.12842704526693,33.57390555029097,32.458534319322375,35.37603590244464,site_holdout
ensemble_uncertainty_selector,4,inside-out/active/bruhl/2025-03-02/ping-frntdeu1-2a0d:3341:b100:1e99::1-10ms-1h-2025-03-02-06-00-00.txt,bruhl,active,20.13326633165829,22.04747169811321,20.880678314491263,1.1667933836219468,0,1,303.458,28.06262546603648,36.584381103515625,29.393832267173806,2.721516418625131,8.521755637479146,31.04523993915418,33.601766630397925,32.35132964552348,35.370302258526664,site_holdout
ensemble_uncertainty_selector,5,inside-out/active/bruhl/2025-03-01/ping-frntdeu1-2a0d:3341:b100:1e99::1-10ms-1h-2025-03-01-04-00-00.txt,bruhl,active,21.36253074610549,20.95093565752371,20.2340598073999,0.716875850123813,0,1,273.25,27.85257522138636,38.22349548339844,29.017082002550247,2.5867454031581225,10.370920262012078,31.482397313090587,34.59367339169421,32.252300053722344,36.92592441669892,site_holdout
ensemble_uncertainty_selector,6,inside-out/active/bruhl/2025-03-01/ping-frntdeu1-2a0d:3341:b100:1e99::1-10ms-1h-2025-03-01-04-00-00.txt,bruhl,active,20.95093565752371,20.897625733980085,20.65521835677276,0.24240737720732497,0,1,270.125,29.561663393719755,36.147430419921875,30.015315390276808,2.7183700470607293,6.58576702620212,31.866681852890494,33.84241196075113,32.952995193918454,35.399890931717444,site_holdout
ensemble_uncertainty_selector,7,inside-out/active/bruhl/2025-03-02/ping-frntdeu1-2a0d:3341:b100:1e99::1-10ms-1h-2025-03-02-02-00-00.txt,bruhl,active,20.7472049689441,23.526065533382607,21.00799489144317,2.5180706419394383,0,1,268.5,28.463603571877684,37.24881362915039,29.506404384138722,2.6669340784580275,8.785210057272707,31.538427091923133,34.17399010910494,32.577495690206206,36.12340186205618,site_holdout
ensemble_uncertainty_selector,8,inside-out/active/bruhl/2025-03-01/ping-frntdeu1-2a0d:3341:b100:1e99::1-10ms-1h-2025-03-01-06-00-00.txt,bruhl,active,21.514926904334445,23.433044365119837,20.726799007444168,2.7062453576756695,0,1,260.5,28.0569330023136,41.91279220581055,29.376934920143828,2.632746427215435,13.855859203496948,32.906483723537534,37.06324148458662,32.64974045730254,39.74707312168346,site_holdout
ensemble_uncertainty_selector,9,inside-out/active/bruhl/2025-03-01/ping-frntdeu1-2a0d:3341:b100:1e99::1-10ms-1h-2025-03-01-13-00-00.txt,bruhl,active,21.181658611040447,21.353409385532796,20.73554078240859,0.6178686031242044,0,1,262.208,28.43441899463869,35.799293518066406,29.71316572760246,2.8447489471570533,7.364874523427716,31.01212507783839,33.221587434866706,32.861162917256166,34.97251036649539,site_holdout
ensemble_uncertainty_selector,10,inside-out/active/bruhl/2025-03-01/ping-frntdeu1-2a0d:3341:b100:1e99::1-10ms-1h-2025-03-01-13-00-00.txt,bruhl,active,21.353409385532796,23.848705823792933,20.62792480831066,3.220781015482274,0,1,263.208,27.647218255124244,40.06712341308594,28.99505206179343,2.8523993964740058,12.419905157961693,31.994185060410835,35.720156607799346,32.231628809890054,38.05942432433663,site_holdout
ensemble_uncertainty_selector,11,inside-out/active/bruhl/2025-03-02/ping-frntdeu1-2a0d:3341:b100:1e99::1-10ms-1h-2025-03-02-07-00-00.txt,bruhl,active,20.91915852742299,27.135350624399617,20.360533672172807,6.774816952226811,0,1,264.916,29.829714367028828,33.11151123046875,30.608947062391863,2.014259746975006,3.281796863439922,30.978343269232802,31.96288232826478,33.1628517595952,33.33427190158085,site_holdout
ensemble_uncertainty_selector,12,inside-out/active/bruhl/2025-03-02/ping-frntdeu1-2a0d:3341:b100:1e99::1-10ms-1h-2025-03-02-04-00-00.txt,bruhl,active,20.988393297190733,21.420887155739702,19.729985007496257,1.6909021482434454,0,1,259.75,29.005444408689073,37.81458282470703,29.652082565355816,2.572803462708041,8.809138416017959,32.08864285429536,34.731384379100746,32.63136719014573,36.661980248461425,site_holdout
ensemble_uncertainty_selector,13,inside-out/active/bruhl/2025-03-02/ping-frntdeu1-2a0d:3341:b100:1e99::1-10ms-1h-2025-03-02-11-00-00.txt,bruhl,active,22.801212277534177,22.378485576923076,21.172549498900025,1.2059360780230506,0,1,258.0,28.57089046805777,43.08036422729492,29.540861933539922,2.377237993294671,14.509473759237153,33.649206283790775,38.00204841156192,32.63051560929422,40.75972096826893,site_holdout
ensemble_uncertainty_selector,14,inside-out/active/bruhl/2025-03-02/ping-frntdeu1-2a0d:3341:b100:1e99::1-10ms-1h-2025-03-02-04-00-00.txt,bruhl,active,21.568996731204425,23.252703712932966,21.396557079989645,1.8561466329433216,0,1,260.75,28.383987684335807,41.281089782714844,29.416394585805783,2.654743098378565,12.897102098379037,32.897973418768466,36.76710404828218,32.691903045770424,39.3412653943008,site_holdout
ensemble_uncertainty_selector,15,inside-out/active/bruhl/2025-03-01/ping-frntdeu1-2a0d:3341:b100:1e99::1-10ms-1h-2025-03-01-16-00-00.txt,bruhl,active,21.567251461988302,25.35020366598778,19.798456477732795,5.551747188254986,0,1,260.708,28.33239696453802,40.43795394897461,29.53428707840315,2.7278817777646607,12.10555698443659,32.569341909090824,36.2010090044218,32.716778183483335,38.548144474622156,site_holdout
ensemble_uncertainty_selector,16,inside-out/active/bruhl/2025-03-02/ping-frntdeu1-2a0d:3341:b100:1e99::1-10ms-1h-2025-03-02-05-00-00.txt,bruhl,active,20.025431789737173,21.22907005734231,20.071084941117515,1.1579851162247934,0,1,259.291,28.377380449943303,34.28274917602539,29.43999238070276,2.449886736568068,5.905368726082088,30.444259504072036,32.215870121896664,32.15535208765624,33.6843516490323,site_holdout
ensemble_uncertainty_selector,17,inside-out/active/bruhl/2025-03-01/ping-frntdeu1-2a0d:3341:b100:1e99::1-10ms-1h-2025-03-01-03-00-00.txt,bruhl,active,20.51312828207052,19.529397233201585,19.37195544554455,0.1574417876570351,0,1,255.375,28.36614811479376,35.79095458984375,29.43156522690832,2.5700511931963486,7.424806475049991,30.964830381061255,33.192272323576255,32.42469011932108,35.00033946859675,site_holdout
ensemble_uncertainty_selector,18,inside-out/active/bruhl/2025-03-01/ping-frntdeu1-2a0d:3341:b100:1e99::1-10ms-1h-2025-03-01-03-00-00.txt,bruhl,active,19.529397233201585,24.284345047923324,20.677525252525253,3.6068197953980707,0,1,260.667,28.67731038256079,35.850257873535156,29.532320637075372,2.239683052257639,7.172947490974366,31.18784200440182,33.33972625169413,32.11655335756352,34.96149143208648,site_holdout
ensemble_uncertainty_selector,19,inside-out/active/bruhl/2025-03-01/ping-frntdeu1-2a0d:3341:b100:1e99::1-10ms-1h-2025-03-01-04-00-00.txt,bruhl,active,21.47008588957055,22.837744396757273,20.94179447852761,1.8959499182296646,0,1,259.458,28.628971883233135,37.08660125732422,29.556878776900085,2.523738754673574,8.457629374091084,31.589142164165015,34.12643097639234,32.574938251061695,36.09744932195788,site_holdout
ensemble_uncertainty_selector,20,inside-out/active/bruhl/2025-03-01/ping-frntdeu1-2a0d:3341:b100:1e99::1-10ms-1h-2025-03-01-06-00-00.txt,bruhl,active,20.94179447852761,24.665066798614543,19.77495612935573,4.890110669258814,0,1,290.292,27.462634680965493,38.498653411865234,28.679880313451438,3.0756366481579382,11.036018730899741,31.325241236780403,34.63604685605033,32.107834625041,36.8608755546114,site_holdout
ensemble_uncertainty_selector,21,inside-out/active/bruhl/2025-03-02/ping-frntdeu1-2a0d:3341:b100:1e99::1-10ms-1h-2025-03-02-01-00-00.txt,bruhl,active,20.44975882203605,20.570094171544923,20.51191919191919,0.0581749796257327,0,1,421.5,29.550763904334417,36.15570831298828,30.18929708754319,2.138789351141518,6.604944408653864,31.862494447363268,33.84397776995943,32.654411158808045,35.365494268733535,site_holdout
ensemble_uncertainty_selector,22,inside-out/active/bruhl/2025-03-02/ping-frntdeu1-2a0d:3341:b100:1e99::1-10ms-1h-2025-03-02-01-00-00.txt,bruhl,active,20.570094171544923,23.1512762193581,20.78126399601891,2.370012223339188,0,1,254.958,29.635915484601355,34.737457275390625,30.141080150932275,1.8562477709705874,5.10154179078927,31.4214551113776,32.95191764861438,32.472500865110455,34.401306713643535,site_holdout
ensemble_uncertainty_selector,23,inside-out/active/bruhl/2025-03-02/ping-frntdeu1-2a0d:3341:b100:1e99::1-10ms-1h-2025-03-02-04-00-00.txt,bruhl,active,20.93994930291508,21.509106786427147,19.5905023744064,1.9186044120207448,0,1,259.708,28.502601840862553,37.23097229003906,29.563026744755057,2.430848276540371,8.72837044917651,31.55753149807433,34.17604263282728,32.38950215724443,36.05221888282903,site_holdout
ensemble_uncertainty_selector,24,inside-out/active/bruhl/2025-03-02/ping-frntdeu1-2a0d:3341:b100:1e99::1-10ms-1h-2025-03-02-01-00-00.txt,bruhl,active,21.07638709677419,21.33086696562033,20.604673379808933,0.7261935858113979,0,1,250.209,27.380869972990695,37.600921630859375,28.388029163070534,2.6879440776608923,10.22005165786868,30.957888053244734,34.02390355060534,31.32909707337718,35.971018568453175,site_holdout
ensemble_uncertainty_selector,25,inside-out/active/bruhl/2025-03-01/ping-frntdeu1-2a0d:3341:b100:1e99::1-10ms-1h-2025-03-01-06-00-00.txt,bruhl,active,20.868457405986184,20.34140703517588,20.34140703517588,0.0,1,1,257.083,27.931816132746462,39.430397033691406,29.087705599331066,2.628134192924014,11.498580900944944,31.956319448077195,35.40589371836068,32.03973314581508,37.53667871024617,site_holdout
ensemble_uncertainty_selector,26,inside-out/active/bruhl/2025-03-02/ping-frntdeu1-2a0d:3341:b100:1e99::1-10ms-1h-2025-03-02-01-00-00.txt,bruhl,active,22.0592759051186,21.921303130567573,21.017214654767496,0.9040884758000765,0,1,253.084,28.358891944292736,37.762184143066406,29.372124678828147,2.9283614244642266,9.40329219877367,31.65004421386352,34.47103187349562,32.68083893430616,36.52380428050283,site_holdout
ensemble_uncertainty_selector,27,inside-out/active/bruhl/2025-03-01/ping-frntdeu1-2a0d:3341:b100:1e99::1-10ms-1h-2025-03-01-02-00-00.txt,bruhl,active,21.86394135188867,20.733073244399694,20.733073244399694,0.0,1,1,253.5,28.585042656673977,38.93498992919922,29.13518942735762,2.7636702478739323,10.349947272525242,32.20752420205781,35.312508383815384,32.34542437028855,37.48498536809338,site_holdout
ensemble_uncertainty_selector,28,inside-out/active/bruhl/2025-03-01/ping-frntdeu1-2a0d:3341:b100:1e99::1-10ms-1h-2025-03-01-02-00-00.txt,bruhl,active,20.733073244399694,24.469428636467107,20.735983159980183,3.7334454764869243,0,1,256.208,27.77876663346524,39.80472183227539,28.84577491126663,2.7978037953598145,12.025955198810152,31.987850953048792,35.59563751269184,32.01214549218241,37.866250766968776,site_holdout
ensemble_uncertainty_selector,29,inside-out/active/bruhl/2025-03-01/ping-frntdeu1-2a0d:3341:b100:1e99::1-10ms-1h-2025-03-01-06-00-00.txt,bruhl,active,21.53464133966508,23.26432311144353,20.4912965798877,2.773026531555832,0,1,251.417,28.819647648464525,36.10782241821289,29.79366054881188,2.4388083917819476,7.288174769748366,31.370508817876456,33.55696124880097,32.87766740009294,35.5406792832204,site_holdout
ensemble_uncertainty_selector,30,inside-out/active/bruhl/2025-03-02/ping-frntdeu1-2a0d:3341:b100:1e99::1-10ms-1h-2025-03-02-04-00-00.txt,bruhl,active,22.66416426889877,21.515481986368066,21.047496206373292,0.4679857799947733,0,1,250.959,28.503831694632936,40.295196533203125,29.247904278343995,2.4821473279890363,11.791364838570189,32.630809388132505,36.16821883970356,32.550030304083045,38.78787085330785,site_holdout
ensemble_uncertainty_selector,31,inside-out/active/bruhl/2025-03-01/ping-frntdeu1-2a0d:3341:b100:1e99::1-10ms-1h-2025-03-01-02-00-00.txt,bruhl,active,21.047496206373292,21.059639007269993,20.748861949529935,0.3107770577400579,0,1,254.916,30.161193287946844,38.30215072631836,30.397504083228398,1.7260530258117723,8.140957438371515,33.01052839137687,35.45281562288833,32.76823399981238,37.343101513950636,site_holdout
ensemble_uncertainty_selector,32,inside-out/active/bruhl/2025-03-01/ping-frntdeu1-2a0d:3341:b100:1e99::1-10ms-1h-2025-03-01-02-00-00.txt,bruhl,active,21.059639007269993,21.813275862068966,19.962515754978572,1.8507601070903945,0,1,264.666,27.630991834351335,36.601776123046875,29.03159666097575,2.999550616201193,8.97078428869554,30.77076633539477,33.462001622003434,32.37550004187259,35.45332046961894,site_holdout
ensemble_uncertainty_selector,33,inside-out/active/bruhl/2025-03-01/ping-frntdeu1-2a0d:3341:b100:1e99::1-10ms-1h-2025-03-01-06-00-00.txt,bruhl,active,19.962515754978572,23.406362515413072,20.64453380246293,2.761828712950141,0,1,264.542,27.55328822840147,36.48138427734375,28.846120953566633,2.9802424125933134,8.92809604894228,30.67812184553127,33.356550660213955,31.889901157373707,35.05795865947026,site_holdout
ensemble_uncertainty_selector,34,inside-out/active/bruhl/2025-03-02/ping-frntdeu1-2a0d:3341:b100:1e99::1-10ms-1h-2025-03-02-05-00-00.txt,bruhl,active,20.67372775131612,22.02709874968104,21.48294363770613,0.5441551119749128,0,1,258.166,28.497777466575826,37.569828033447266,29.11919017282991,2.43682478031905,9.07205056687144,31.67299516498083,34.39461033504226,31.89959328606038,36.25459991972059,site_holdout
ensemble_uncertainty_selector,35,inside-out/active/bruhl/2025-03-02/ping-frntdeu1-2a0d:3341:b100:1e99::1-10ms-1h-2025-03-02-05-00-00.txt,bruhl,active,22.02709874968104,20.20459145889904,20.164751826656587,0.03983963224245102,0,1,261.125,28.84370785003466,38.38727951049805,29.719416460374376,2.445535052027973,9.543571660463385,32.183957931196844,35.04702942933586,32.8796453545416,37.327464200528446,site_holdout
ensemble_uncertainty_selector,36,inside-out/active/bruhl/2025-03-01/ping-frntdeu1-2a0d:3341:b100:1e99::1-10ms-1h-2025-03-01-05-00-00.txt,bruhl,active,20.47603663190028,20.86603063017826,20.86603063017826,0.0,1,1,254.875,28.7183806195917,37.9630012512207,29.648716381271683,2.3925467644746607,9.244620631629004,31.95399784066185,34.72738403015055,32.35882982828188,36.56754946696765,site_holdout
ensemble_uncertainty_selector,37,inside-out/active/bruhl/2025-03-01/ping-frntdeu1-2a0d:3341:b100:1e99::1-10ms-1h-2025-03-01-17-00-00.txt,bruhl,active,21.274918485076498,27.031331658291457,20.363096741601417,6.668234916690039,0,1,254.709,27.950365378786046,33.54521560668945,29.369280910991368,2.5646995788375846,5.594850227903407,29.90856295855224,31.58701802692326,32.2878336809201,33.14153113551414,site_holdout
ensemble_uncertainty_selector,38,inside-out/active/bruhl/2025-03-02/ping-frntdeu1-2a0d:3341:b100:1e99::1-10ms-1h-2025-03-02-03-00-00.txt,bruhl,active,20.363096741601417,25.04346959122632,18.971765564202336,6.0717040270239835,0,1,254.917,28.360656973112782,36.17276382446289,29.23527264195449,2.578996246464011,7.812106851350109,31.09489437108532,33.438526426490355,32.22408869068159,35.274305975504454,site_holdout
ensemble_uncertainty_selector,39,inside-out/active/bruhl/2025-03-02/ping-frntdeu1-2a0d:3341:b100:1e99::1-10ms-1h-2025-03-02-06-00-00.txt,bruhl,active,20.422665988298142,27.50661362506216,21.30540060851927,6.201213016542887,0,1,277.125,28.748112584979026,35.583251953125,29.378908520365787,2.5930816247966155,6.835139368145974,31.140411363830115,33.19095317427391,32.25130088427929,34.80204825640455,site_holdout
ensemble_uncertainty_selector,40,inside-out/active/bruhl/2025-03-01/ping-frntdeu1-2a0d:3341:b100:1e99::1-10ms-1h-2025-03-01-11-00-00.txt,bruhl,active,23.84308426073132,22.38736489963973,19.68281829419036,2.704546605449373,0,1,263.917,27.325184109074144,40.2578010559082,28.86265621066603,3.166821840033213,12.93261694683406,31.851600040466064,35.73138512451628,32.36521610696369,38.15209033547244,site_holdout
ensemble_uncertainty_selector,41,inside-out/active/bruhl/2025-03-02/ping-frntdeu1-2a0d:3341:b100:1e99::1-10ms-1h-2025-03-02-01-00-00.txt,bruhl,active,21.241345427059713,24.44104218362283,21.646034963263237,2.7950072203595937,0,1,266.708,28.289292387724345,39.12872314453125,29.364778323776836,2.5828638041422547,10.839430756806905,32.083093152606764,35.33492237964884,32.34292567915277,37.45986495759877,site_holdout
ensemble_uncertainty_selector,42,inside-out/active/bruhl/2025-03-01/ping-frntdeu1-2a0d:3341:b100:1e99::1-10ms-1h-2025-03-01-00-00-00.txt,bruhl,active,21.646034963263237,24.3424787363305,20.27023478919465,4.072243947135849,0,1,263.292,28.531111018851334,36.799095153808594,29.382627100069424,2.7428843277185937,8.26798413495726,31.424905466086372,33.90530070657355,32.591399524956934,35.88370829916784,site_holdout
ensemble_uncertainty_selector,43,inside-out/active/bruhl/2025-03-02/ping-frntdeu1-2a0d:3341:b100:1e99::1-10ms-1h-2025-03-02-05-00-00.txt,bruhl,active,21.03521870286576,21.099264892268696,21.099264892268696,0.0,1,1,306.959,28.737455289451646,36.369808197021484,29.577683117335457,2.5693305070301586,7.632352907569839,31.408778807101086,33.69848467937204,32.57821601948557,35.53525499200652,site_holdout
ensemble_uncertainty_selector,44,inside-out/active/bruhl/2025-03-02/ping-frntdeu1-2a0d:3341:b100:1e99::1-10ms-1h-2025-03-02-05-00-00.txt,bruhl,active,21.099264892268696,21.735788407997976,20.49430331023865,1.2414850977593268,0,1,253.0,28.17502554594921,39.19369888305664,29.042866095404374,2.6119792681738887,11.01867333710743,32.03156121393681,35.33716321506904,32.00582248392919,37.44300248617418,site_holdout
ensemble_uncertainty_selector,45,inside-out/active/bruhl/2025-03-01/ping-frntdeu1-2a0d:3341:b100:1e99::1-10ms-1h-2025-03-01-05-00-00.txt,bruhl,active,20.49430331023865,20.57347623966942,20.57347623966942,0.0,1,1,258.583,28.316361636459078,38.39911651611328,29.305139936534072,2.3791755485894988,10.082754879654203,31.84532584433805,34.87015230823431,32.28042948921587,37.069335687439406,site_holdout
ensemble_uncertainty_selector,46,inside-out/active/bruhl/2025-03-01/ping-frntdeu1-2a0d:3341:b100:1e99::1-10ms-1h-2025-03-01-05-00-00.txt,bruhl,active,20.57347623966942,22.688559959859507,19.863144779466733,2.825415180392774,0,1,253.625,29.02372079599536,40.36139678955078,29.50370640237611,2.321961066046425,11.337675993555422,32.99190739373976,36.39321019180638,32.23868092403465,38.52048151328564,site_holdout
ensemble_uncertainty_selector,47,inside-out/active/bruhl/2025-03-02/ping-frntdeu1-2a0d:3341:b100:1e99::1-10ms-1h-2025-03-02-06-00-00.txt,bruhl,active,19.863144779466733,21.352409021014864,20.61034654699576,0.7420624740191037,0,1,252.833,28.889303797506727,32.63517761230469,29.703009559460227,2.2824044679382727,3.74587381479796,30.200359632686013,31.324121777125402,32.32200326132218,32.60589950951344,site_holdout
ensemble_uncertainty_selector,48,inside-out/active/bruhl/2025-03-02/ping-frntdeu1-2a0d:3341:b100:1e99::1-10ms-1h-2025-03-02-06-00-00.txt,bruhl,active,21.352409021014864,26.396159874608152,20.629825,5.766334874608152,0,1,254.417,28.756893422405483,40.05325698852539,29.2955269017348,2.5904321714671483,11.296363566119908,32.71062067054745,36.099529740383424,32.384301602979235,38.37511666963949,site_holdout
ensemble_uncertainty_selector,49,inside-out/active/bruhl/2025-03-02/ping-frntdeu1-2a0d:3341:b100:1e99::1-10ms-1h-2025-03-02-11-00-00.txt,bruhl,active,21.326245596376445,22.19843631778058,21.08513931888545,1.1132969988951302,0,1,387.709,27.83522542965693,40.37687683105469,28.675215659975795,2.730091877488429,12.541651401397758,32.224803420146145,35.98729884056547,31.7571789547568,38.275858367369935,site_holdout
ensemble_uncertainty_selector,50,inside-out/active/bruhl/2025-03-02/ping-frntdeu1-2a0d:3341:b100:1e99::1-10ms-1h-2025-03-02-04-00-00.txt,bruhl,active,21.287345995893222,20.458820551759047,20.44888777805549,0.009932773703557274,0,1,290.625,28.318940784452934,38.88463592529297,29.29091723565868,2.384720210665231,10.565695140840035,32.016934083746946,35.18664262599896,32.22251112644485,37.38626587287021,site_holdout
ensemble_uncertainty_selector,51,inside-out/active/bruhl/2025-03-02/ping-frntdeu1-2a0d:3341:b100:1e99::1-10ms-1h-2025-03-02-04-00-00.txt,bruhl,active,20.458820551759047,23.986740467404672,20.069478908188582,3.91726155921609,0,1,284.583,27.79735468693616,37.32620620727539,28.740230857138272,3.072395025381805,9.52885152033923,31.13245271905489,33.99110817515666,32.057633596732714,35.957099797748675,site_holdout
ensemble_uncertainty_selector,52,inside-out/active/bruhl/2025-03-01/ping-frntdeu1-2a0d:3341:b100:1e99::1-10ms-1h-2025-03-01-01-00-00.txt,bruhl,active,20.069478908188582,26.109423828125,20.596300893743795,5.5131229343812045,0,1,258.917,28.993370302776384,35.69830322265625,29.601703639115083,2.306246375275688,6.704932919879866,31.340096824734335,33.351576700698295,32.288476080763985,34.97915765287842,site_holdout
ensemble_uncertainty_selector,53,inside-out/active/bruhl/2025-03-02/ping-frntdeu1-2a0d:3341:b100:1e99::1-10ms-1h-2025-03-02-02-00-00.txt,bruhl,active,22.22624908603461,28.69517554334846,20.62198079838302,8.073194744965438,0,1,259.375,29.142014277501403,38.66250991821289,29.469914854120045,2.4858584331073996,9.520495640711488,32.47418775175042,35.330336443963866,32.6549277209586,37.60300505004302,site_holdout
ensemble_uncertainty_selector,54,inside-out/active/bruhl/2025-03-02/ping-frntdeu1-2a0d:3341:b100:1e99::1-10ms-1h-2025-03-02-09-00-00.txt,bruhl,active,20.63209197700575,23.170796019900497,21.13926191696566,2.031534102934838,0,1,263.625,27.744325003705853,36.39537811279297,28.88541479482275,2.8660776440253524,8.651053109087115,30.772193591886346,33.36750952461248,31.96074080089334,35.158382608572765,site_holdout
ensemble_uncertainty_selector,55,inside-out/active/bruhl/2025-03-02/ping-frntdeu1-2a0d:3341:b100:1e99::1-10ms-1h-2025-03-02-01-00-00.txt,bruhl,active,21.65060613876709,20.780806331931736,20.780806331931736,0.0,1,1,264.833,28.758333781762303,40.55276107788086,29.51284882070807,2.338249731805179,11.794427296118556,32.8863833354038,36.42471152423936,32.416137365036064,38.75375549932534,site_holdout
ensemble_uncertainty_selector,56,inside-out/active/bruhl/2025-03-02/ping-frntdeu1-2a0d:3341:b100:1e99::1-10ms-1h-2025-03-02-09-00-00.txt,bruhl,active,21.538257768721344,25.36848499285374,21.17579214195184,4.192692850901903,0,1,258.333,28.471009704513563,38.730865478515625,29.31235080663474,2.6048108001377366,10.259855774002062,32.061959225414284,35.1399159576149,32.34105496163072,37.240997589907785,site_holdout
ensemble_uncertainty_selector,57,inside-out/active/bruhl/2025-03-02/ping-frntdeu1-2a0d:3341:b100:1e99::1-10ms-1h-2025-03-02-00-00-00.txt,bruhl,active,21.458488196885988,21.655938697318007,20.59482673267327,1.0611119646447378,0,1,257.25,29.005545751575482,38.738285064697266,29.525456047202884,2.6810316802946423,9.732739313121783,32.41200451116811,35.33182630510464,32.552313796540886,37.32118422553384,site_holdout
ensemble_uncertainty_selector,58,inside-out/active/bruhl/2025-03-02/ping-frntdeu1-2a0d:3341:b100:1e99::1-10ms-1h-2025-03-02-00-00-00.txt,bruhl,active,21.655938697318007,25.23721722208708,20.75279534530736,4.48442187677972,0,1,258.667,28.138332284016542,38.70675277709961,29.104654725442906,2.97201791917494,10.568420493083067,31.837279456595617,35.007805604520534,32.427253715038795,37.158233204043526,site_holdout
ensemble_uncertainty_selector,59,inside-out/active/bruhl/2025-03-02/ping-frntdeu1-2a0d:3341:b100:1e99::1-10ms-1h-2025-03-02-09-00-00.txt,bruhl,active,20.75279534530736,19.0,19.0,0.0,1,1,265.584,29.21151313498831,40.994789123535156,29.463165286316876,1.6956786509414616,11.783275988546848,33.33565973097971,36.87064252754376,31.776868251464567,39.09091410334004,site_holdout
disagreement_aware_selector,0,inside-out/active/bruhl/2025-03-01/ping-frntdeu1-2a0d:3341:b100:1e99::1-10ms-1h-2025-03-01-12-00-00.txt,bruhl,active,22.716514215080345,22.28159860557769,20.71283367556468,1.5687649300130069,0,1,279.583,30.119755716508735,33.06010055541992,30.36097290255828,3.934877134147168,2.9403448389111873,31.14887641012765,32.03097986180101,34.485650511870986,33.49853410439445,site_holdout
disagreement_aware_selector,1,inside-out/active/bruhl/2025-03-01/ping-frntdeu1-2a0d:3341:b100:1e99::1-10ms-1h-2025-03-01-22-00-00.txt,bruhl,active,23.450187079072087,27.28672763222936,21.105583756345176,6.181143875884185,0,1,260.458,28.74394514612868,33.67079544067383,30.353890250322063,1.7261855529925578,4.926850294545147,30.46834274921948,31.946397837583024,33.01642512035609,33.80697857232715,site_holdout
disagreement_aware_selector,2,inside-out/active/bruhl/2025-03-01/ping-frntdeu1-2a0d:3341:b100:1e99::1-10ms-1h-2025-03-01-15-00-00.txt,bruhl,active,21.57681196147998,24.25518255329576,20.28618881118881,3.9689937421069494,0,1,260.667,32.45138324379786,33.47541427612305,31.89846155155476,1.412636851340335,1.0240310323251833,32.80979410511168,33.11700341480923,34.06785103863764,34.32931836661939,site_holdout
disagreement_aware_selector,3,inside-out/active/bruhl/2025-03-02/ping-frntdeu1-2a0d:3341:b100:1e99::1-10ms-1h-2025-03-02-02-00-00.txt,bruhl,active,21.51212121212121,24.1082687984012,20.13326633165829,3.9750024667429074,0,1,269.958,29.75389626056767,33.776466369628906,30.540783987346305,1.8570861507403824,4.022570109061235,31.161795798739103,32.36856683145747,33.02924447557288,33.86646971753488,site_holdout
disagreement_aware_selector,4,inside-out/active/bruhl/2025-03-01/ping-frntdeu1-2a0d:3341:b100:1e99::1-10ms-1h-2025-03-01-06-00-00.txt,bruhl,active,21.10923344947735,23.901314484126985,20.880678314491263,3.020636169635722,0,1,321.917,29.653726858916343,33.013328552246094,30.760308913650988,2.214417485121603,3.3596016933297506,30.829587451581755,31.83746795958068,33.612821142295736,33.365127243717204,site_holdout
disagreement_aware_selector,5,inside-out/active/bruhl/2025-03-01/ping-frntdeu1-2a0d:3341:b100:1e99::1-10ms-1h-2025-03-01-12-00-00.txt,bruhl,active,21.85847143210487,20.872979098463865,20.2340598073999,0.6389192910639672,0,1,288.083,29.675151154097875,33.75239944458008,30.835984471319787,2.214016380057263,4.077248290482203,31.102188055766646,32.32536254291131,33.627214747759375,33.86380536335617,site_holdout
disagreement_aware_selector,6,inside-out/active/bruhl/2025-03-01/ping-frntdeu1-2a0d:3341:b100:1e99::1-10ms-1h-2025-03-01-06-00-00.txt,bruhl,active,20.39972839506173,22.52301961758133,20.65521835677276,1.8678012608085695,0,1,273.167,29.427642402959464,32.91618347167969,30.375840340238295,2.2401219630404063,3.488541068720224,30.64863177701154,31.69519409762761,32.961316621119984,32.949433013101014,site_holdout
disagreement_aware_selector,7,inside-out/active/bruhl/2025-03-01/ping-frntdeu1-2a0d:3341:b100:1e99::1-10ms-1h-2025-03-01-11-00-00.txt,bruhl,active,21.5909332688588,28.606777587472475,21.00799489144317,7.598782696029307,0,1,263.291,29.302281450840383,33.98887252807617,30.599989864100774,2.6888900477251965,4.686591077235789,30.94258832787291,32.34856565104365,33.837748485793924,34.03831584466648,site_holdout
disagreement_aware_selector,8,inside-out/active/bruhl/2025-03-02/ping-frntdeu1-2a0d:3341:b100:1e99::1-10ms-1h-2025-03-02-04-00-00.txt,bruhl,active,21.35805361023907,22.703489831785088,20.726799007444168,1.9766908243409205,0,1,262.75,29.47782542205732,34.654117584228516,30.459200237077855,2.189193875616956,5.176292162171194,31.289527678817237,32.84241532746859,33.02932280241059,34.288271702305735,site_holdout
disagreement_aware_selector,9,inside-out/active/bruhl/2025-03-01/ping-frntdeu1-2a0d:3341:b100:1e99::1-10ms-1h-2025-03-01-02-00-00.txt,bruhl,active,20.726799007444168,22.534695451040864,20.73554078240859,1.7991546686322728,0,1,257.958,29.398044151671456,32.49225616455078,30.50136555243462,2.5223454507648,3.094212012879325,30.48101835617922,31.409281960043018,33.41647282595567,32.7420513467784,site_holdout
disagreement_aware_selector,10,inside-out/active/bruhl/2025-03-02/ping-frntdeu1-2a0d:3341:b100:1e99::1-10ms-1h-2025-03-02-10-00-00.txt,bruhl,active,23.924207636635888,24.2215120616762,20.62792480831066,3.5935872533655413,0,1,263.0,31.527728546919207,33.025108337402344,32.418410793455344,2.0135149019866443,1.4973797904831372,32.0518114735883,32.50102541073324,35.47862599353945,34.20084241337568,site_holdout
disagreement_aware_selector,11,inside-out/active/bruhl/2025-03-01/ping-frntdeu1-2a0d:3341:b100:1e99::1-10ms-1h-2025-03-01-09-00-00.txt,bruhl,active,21.01039603960396,20.387828947368423,20.360533672172807,0.027295275195616142,0,1,257.458,29.652756747776948,32.43759536743164,30.70149769806498,2.325923510267515,2.7848386196546926,30.62745026465609,31.462901850552498,33.27348280967465,32.568928191427,site_holdout
disagreement_aware_selector,12,inside-out/active/bruhl/2025-03-01/ping-frntdeu1-2a0d:3341:b100:1e99::1-10ms-1h-2025-03-01-21-00-00.txt,bruhl,active,22.40175824175824,30.078808265257088,19.729985007496257,10.34882325776083,0,1,256.75,32.411936031367986,33.118778228759766,32.86650390908588,1.2404654286055423,0.7068421973917793,32.65933080045511,32.87138345967264,35.002713066689324,34.14792776556111,site_holdout
disagreement_aware_selector,13,inside-out/active/bruhl/2025-03-01/ping-frntdeu1-2a0d:3341:b100:1e99::1-10ms-1h-2025-03-01-06-00-00.txt,bruhl,active,19.729985007496257,21.19345311346296,21.172549498900025,0.020903614562936212,0,1,256.916,30.820754062222477,34.378997802734375,30.971289799074206,1.459499936296109,3.558243740511898,32.06613937140164,33.13361249355521,32.914659013979474,34.338181130289584,site_holdout
disagreement_aware_selector,14,inside-out/active/bruhl/2025-03-01/ping-frntdeu1-2a0d:3341:b100:1e99::1-10ms-1h-2025-03-01-06-00-00.txt,bruhl,active,21.19345311346296,26.585955056179778,21.396557079989645,5.189397976190133,0,1,254.917,31.553843949897782,32.746368408203125,31.56491555389285,1.1509701932750585,1.1925244583053427,31.97122751030465,32.32898484779626,33.83731510557815,33.8574092003558,site_holdout
disagreement_aware_selector,15,inside-out/active/bruhl/2025-03-02/ping-frntdeu1-2a0d:3341:b100:1e99::1-10ms-1h-2025-03-02-07-00-00.txt,bruhl,active,22.342381656804733,23.569407407407407,19.798456477732795,3.770950929674612,0,1,258.834,29.502522937515096,33.390079498291016,30.72010007963635,2.5101895368159393,3.88755656077592,30.863167733786668,32.029434702019444,33.96347436330945,33.778922489158184,site_holdout
disagreement_aware_selector,16,inside-out/active/bruhl/2025-03-02/ping-frntdeu1-2a0d:3341:b100:1e99::1-10ms-1h-2025-03-02-10-00-00.txt,bruhl,active,21.90185873605948,22.486258750324087,20.071084941117515,2.4151738092065713,0,1,255.667,29.527641763601423,33.0779914855957,30.798562021240734,2.1091448971596765,3.55034972199428,30.77026416629942,31.835369082897703,33.498822887057955,33.3088062480446,site_holdout
disagreement_aware_selector,17,inside-out/active/bruhl/2025-03-02/ping-frntdeu1-2a0d:3341:b100:1e99::1-10ms-1h-2025-03-02-01-00-00.txt,bruhl,active,20.071084941117515,22.09531914893617,19.37195544554455,2.7233637033916196,0,1,260.5,28.740496038269157,34.04777145385742,29.748599357084043,2.448535693034353,5.307275415588265,30.59804243372505,32.19022505840153,32.47993555973608,33.615887032836625,site_holdout
disagreement_aware_selector,18,inside-out/active/bruhl/2025-03-01/ping-frntdeu1-2a0d:3341:b100:1e99::1-10ms-1h-2025-03-01-04-00-00.txt,bruhl,active,19.37195544554455,21.47008588957055,20.677525252525253,0.7925606370452982,0,1,259.042,28.65953036371684,32.89763641357422,29.666941349600197,2.501525211378595,4.238106049857379,30.142867481166924,31.41429929612414,32.28186507790687,32.5768897208826,site_holdout
disagreement_aware_selector,19,inside-out/active/bruhl/2025-03-01/ping-frntdeu1-2a0d:3341:b100:1e99::1-10ms-1h-2025-03-01-06-00-00.txt,bruhl,active,20.900098015192356,20.94179447852761,20.94179447852761,0.0,1,1,259.583,28.121435943559845,33.847694396972656,29.56020269399077,2.8715824750111176,5.726258453412811,30.12562640225433,31.84350393827817,32.745425189789145,33.447665423159485,site_holdout
disagreement_aware_selector,20,inside-out/active/bruhl/2025-03-02/ping-frntdeu1-2a0d:3341:b100:1e99::1-10ms-1h-2025-03-02-09-00-00.txt,bruhl,active,23.49139517532952,20.98814612326044,19.77495612935573,1.2131899939047095,0,1,255.708,30.21979560422642,32.397247314453125,31.552277566692435,2.3164262183318614,2.1774517102267055,30.981903702805766,31.635139215873778,34.86729624346342,33.43058339991854,site_holdout
disagreement_aware_selector,21,inside-out/active/bruhl/2025-03-02/ping-frntdeu1-2a0d:3341:b100:1e99::1-10ms-1h-2025-03-02-11-00-00.txt,bruhl,active,24.311086851043186,27.866138613861388,20.51191919191919,7.354219421942197,0,1,255.708,31.368437721010196,31.4931583404541,32.27848422601307,1.847667567447114,0.12472061944390589,31.412089937815562,31.449506123648735,34.87055958166776,32.66830286566248,site_holdout
disagreement_aware_selector,22,inside-out/active/bruhl/2025-03-02/ping-frntdeu1-2a0d:3341:b100:1e99::1-10ms-1h-2025-03-02-03-00-00.txt,bruhl,active,21.50070105157737,23.993275,20.78126399601891,3.2120110039810896,0,1,256.459,31.874193773542174,31.80964469909668,32.15902569407161,1.4848586767389995,0.06454907444549463,31.85160159748625,31.8709663198199,34.46648163345339,33.09705278887018,site_holdout
disagreement_aware_selector,23,inside-out/active/bruhl/2025-03-01/ping-frntdeu1-2a0d:3341:b100:1e99::1-10ms-1h-2025-03-01-09-00-00.txt,bruhl,active,20.827692307692303,19.5905023744064,19.5905023744064,0.0,1,1,271.125,29.35526410085822,31.463027954101562,30.324733825104243,2.3266779921211587,2.107763853243341,30.092981449493394,30.725310605466397,32.956174865491334,31.82251953708694,site_holdout
disagreement_aware_selector,24,inside-out/active/bruhl/2025-03-02/ping-frntdeu1-2a0d:3341:b100:1e99::1-10ms-1h-2025-03-02-08-00-00.txt,bruhl,active,21.82529076961148,23.43152898922524,20.604673379808933,2.826855609416306,0,1,272.375,30.6332318046434,31.284748077392578,31.31062533799278,1.8088373329180052,0.651516272749177,30.86126250010561,31.056717381930362,33.84203431454588,32.29664998606988,site_holdout
disagreement_aware_selector,25,inside-out/active/bruhl/2025-03-01/ping-frntdeu1-2a0d:3341:b100:1e99::1-10ms-1h-2025-03-01-10-00-00.txt,bruhl,active,21.302933201873305,21.777518999754843,20.34140703517588,1.4361119645789628,0,1,254.417,28.920807274496838,33.04781723022461,29.99763579383268,2.7100038574643883,4.127009955727772,30.365260759001558,31.60336374571989,33.083513857632845,33.06943991199454,site_holdout
disagreement_aware_selector,26,inside-out/active/bruhl/2025-03-01/ping-frntdeu1-2a0d:3341:b100:1e99::1-10ms-1h-2025-03-01-03-00-00.txt,bruhl,active,21.825442913385828,21.55470737913486,21.017214654767496,0.5374927243673646,0,1,255.375,31.263880358703318,32.89763259887695,31.945044668691278,1.5575758244527464,1.633752240173635,31.83569364276409,32.32581931481618,34.25391033193158,33.62987833373428,site_holdout
disagreement_aware_selector,27,inside-out/active/bruhl/2025-03-01/ping-frntdeu1-2a0d:3341:b100:1e99::1-10ms-1h-2025-03-01-06-00-00.txt,bruhl,active,21.017214654767496,21.831869997574582,20.733073244399694,1.098796753174888,0,1,258.167,29.07019252907594,33.75464630126953,30.243837449492585,2.6078518845905383,4.684453772193592,30.709751349343698,32.11508748100177,33.23070676459196,33.614513259877604,site_holdout
disagreement_aware_selector,28,inside-out/active/bruhl/2025-03-02/ping-frntdeu1-2a0d:3341:b100:1e99::1-10ms-1h-2025-03-02-07-00-00.txt,bruhl,active,21.548735575742697,21.17221100454316,20.735983159980183,0.43622784456297836,0,1,313.625,30.30743607385193,33.74738693237305,30.952065573793764,2.126847986245215,3.439950858521115,31.51141887433432,32.543404131890654,33.70047159572127,34.04066924998636,site_holdout
disagreement_aware_selector,29,inside-out/active/bruhl/2025-03-01/ping-frntdeu1-2a0d:3341:b100:1e99::1-10ms-1h-2025-03-01-12-00-00.txt,bruhl,active,21.57033795283248,24.35317060228177,20.4912965798877,3.8618740223940726,0,1,267.292,32.03482636168337,33.37815475463867,32.04235422095903,1.3092592369174676,1.3433283929553,32.50499129921773,32.907989817104315,34.245759367866135,34.26378337561886,site_holdout
disagreement_aware_selector,30,inside-out/active/bruhl/2025-03-01/ping-frntdeu1-2a0d:3341:b100:1e99::1-10ms-1h-2025-03-01-07-00-00.txt,bruhl,active,26.42960413080895,26.450502008032128,21.047496206373292,5.403005801658836,0,1,257.583,31.69033434008361,31.97446060180664,32.4108413593879,1.8258527995361171,0.28412626172303135,31.78977853168667,31.875016410203582,35.46659217379932,33.58979025113521,site_holdout
disagreement_aware_selector,31,inside-out/active/bruhl/2025-03-02/ping-frntdeu1-2a0d:3341:b100:1e99::1-10ms-1h-2025-03-02-11-00-00.txt,bruhl,active,21.120588945208787,24.63141957364341,20.748861949529935,3.882557624113474,0,1,254.0,29.735051441919495,32.910404205322266,30.463551851253342,2.1213791280768675,3.1753527634027705,30.846424909110464,31.799030738131297,32.89183793643545,32.95381775359603,site_holdout
disagreement_aware_selector,32,inside-out/active/bruhl/2025-03-02/ping-frntdeu1-2a0d:3341:b100:1e99::1-10ms-1h-2025-03-02-06-00-00.txt,bruhl,active,21.674417451660883,22.32166453265045,19.962515754978572,2.3591487776718765,0,1,256.916,30.03124756044599,32.154945373535156,31.16759392378384,2.0762183482732453,2.1236978130891657,30.774541795027197,31.411651138953946,33.942404560476234,32.841667795750325,site_holdout
disagreement_aware_selector,33,inside-out/active/bruhl/2025-03-01/ping-frntdeu1-2a0d:3341:b100:1e99::1-10ms-1h-2025-03-01-11-00-00.txt,bruhl,active,21.73491525423729,22.5557929969104,20.64453380246293,1.9112591944474708,0,1,257.083,28.23058717314052,34.489131927490234,29.530417955559578,2.844119110065037,6.258544754349714,30.42107783716292,32.298641263467836,32.56071725843444,33.82170570922889,site_holdout
disagreement_aware_selector,34,inside-out/active/bruhl/2025-03-01/ping-frntdeu1-2a0d:3341:b100:1e99::1-10ms-1h-2025-03-01-04-00-00.txt,bruhl,active,21.649778652238073,31.07966978807294,21.48294363770613,9.596726150366813,0,1,253.459,28.869567585781624,31.54000473022461,30.11073352461038,2.8813274187647044,2.6704371444429853,29.80422058633667,30.605351729669565,33.503945100982406,32.10461145641236,site_holdout
disagreement_aware_selector,35,inside-out/active/bruhl/2025-03-02/ping-frntdeu1-2a0d:3341:b100:1e99::1-10ms-1h-2025-03-02-03-00-00.txt,bruhl,active,22.6417841516772,21.74329132690882,20.164751826656587,1.5785395002522336,0,1,253.375,30.92689613651055,32.09297561645508,31.69639497536762,2.0068325529104376,1.1660794799445284,31.335023954491135,31.684847798474493,34.603476837366614,33.20341319378511,site_holdout
disagreement_aware_selector,36,inside-out/active/bruhl/2025-03-01/ping-frntdeu1-2a0d:3341:b100:1e99::1-10ms-1h-2025-03-01-04-00-00.txt,bruhl,active,23.359189723320156,23.12608366935484,20.86603063017826,2.260053039176583,0,1,255.917,31.31881224468634,31.651973724365234,31.719810059200867,1.7308953268156388,0.33316147967889265,31.435418762573956,31.535367206477623,34.60309319634242,33.15379499647533,site_holdout
disagreement_aware_selector,37,inside-out/active/bruhl/2025-03-01/ping-frntdeu1-2a0d:3341:b100:1e99::1-10ms-1h-2025-03-01-02-00-00.txt,bruhl,active,23.17398857142857,22.468261086198307,20.363096741601417,2.10516434459689,0,1,254.333,29.99033900717768,32.15102767944336,31.364964899358533,2.8152966868869354,2.160688672265678,30.74658004247067,31.394786644150372,34.73986854053573,32.87428663738893,site_holdout
disagreement_aware_selector,38,inside-out/active/bruhl/2025-03-01/ping-frntdeu1-2a0d:3341:b100:1e99::1-10ms-1h-2025-03-01-13-00-00.txt,bruhl,active,22.936026042922595,21.890744010088273,18.971765564202336,2.918978445885937,0,1,255.916,30.769103895538137,31.345369338989258,32.09533090241749,2.0167568998938727,0.5762654434511205,30.97079680074603,31.143676433781366,34.84063626958067,32.43404067036926,site_holdout
disagreement_aware_selector,39,inside-out/active/bruhl/2025-03-01/ping-frntdeu1-2a0d:3341:b100:1e99::1-10ms-1h-2025-03-01-00-00-00.txt,bruhl,active,18.971765564202336,21.30540060851927,21.30540060851927,0.0,1,1,255.792,30.831866404440916,31.331710815429688,31.145265060404125,1.6457919762114543,0.4998444109887714,31.006811948286988,31.15676527158362,33.193836477187766,32.02097714730755,site_holdout
disagreement_aware_selector,40,inside-out/active/bruhl/2025-03-01/ping-frntdeu1-2a0d:3341:b100:1e99::1-10ms-1h-2025-03-01-23-00-00.txt,bruhl,active,24.792169857633777,23.397382583170256,19.68281829419036,3.714564288979897,0,1,254.709,29.77728068617489,35.153385162353516,31.081428016610314,2.4763517169851745,5.376104476178625,31.658917252837412,33.271748595691,34.356766682586,35.22743392154566,site_holdout
disagreement_aware_selector,41,inside-out/active/bruhl/2025-03-02/ping-frntdeu1-2a0d:3341:b100:1e99::1-10ms-1h-2025-03-02-05-00-00.txt,bruhl,active,20.961592388582876,23.20729009552539,21.646034963263237,1.5612551322621542,0,1,254.083,29.21699482954955,32.92624282836914,29.898976407145692,2.604150613596973,3.709247998819592,30.51523162913641,31.628006028782288,33.10085772340105,33.24769918472187,site_holdout
disagreement_aware_selector,42,inside-out/active/bruhl/2025-03-01/ping-frntdeu1-2a0d:3341:b100:1e99::1-10ms-1h-2025-03-01-01-00-00.txt,bruhl,active,22.55009886307464,25.870305781175347,20.27023478919465,5.600070991980697,0,1,257.833,29.36038986517633,34.02240753173828,30.498342719754177,2.741013244745091,4.662017666561951,30.992096048473012,32.390701348441596,33.94310347546114,34.24590393724594,site_holdout
disagreement_aware_selector,43,inside-out/active/bruhl/2025-03-01/ping-frntdeu1-2a0d:3341:b100:1e99::1-10ms-1h-2025-03-01-22-00-00.txt,bruhl,active,20.384273797841026,27.458292563600786,21.099264892268696,6.35902767133209,0,1,254.833,30.835999143931076,31.516727447509766,31.276008922982182,1.74153230203227,0.6807283035786895,31.074254050183615,31.278472541257223,33.54772504118887,32.31211226329758,site_holdout
disagreement_aware_selector,44,inside-out/active/bruhl/2025-03-02/ping-frntdeu1-2a0d:3341:b100:1e99::1-10ms-1h-2025-03-02-06-00-00.txt,bruhl,active,22.12814536340852,22.632470588235293,20.49430331023865,2.1381672779966436,0,1,251.959,31.728499619858667,32.39608383178711,31.67891028084725,1.47778781859829,0.6675842119284425,31.96215409403362,32.162429357612154,34.26321546568688,33.705152099695916,site_holdout
disagreement_aware_selector,45,inside-out/active/bruhl/2025-03-01/ping-frntdeu1-2a0d:3341:b100:1e99::1-10ms-1h-2025-03-01-00-00-00.txt,bruhl,active,23.20818557201846,21.02388673765731,20.57347623966942,0.4504104979878889,0,1,251.167,31.253376581727025,32.82451629638672,31.76207278601103,1.978225464966816,1.5711397146596937,31.80327548185792,32.27461739625583,34.57623871839451,33.76222820138016,site_holdout
disagreement_aware_selector,46,inside-out/active/bruhl/2025-03-01/ping-frntdeu1-2a0d:3341:b100:1e99::1-10ms-1h-2025-03-01-09-00-00.txt,bruhl,active,21.72658481583563,24.12503867973182,19.863144779466733,4.261893900265086,0,1,254.292,30.040868446396416,33.79417037963867,30.75431845580967,2.281780461231216,3.7533019332422555,31.354524123031204,32.480514703003884,33.607275595806684,33.99746669040171,site_holdout
disagreement_aware_selector,47,inside-out/active/bruhl/2025-03-02/ping-frntdeu1-2a0d:3341:b100:1e99::1-10ms-1h-2025-03-02-06-00-00.txt,bruhl,active,19.863144779466733,21.352409021014864,20.61034654699576,0.7420624740191037,0,1,251.791,28.889303797506727,32.63517761230469,29.703009559460227,2.2824044679382727,3.74587381479796,30.200359632686013,31.324121777125402,32.32200326132218,32.60589950951344,site_holdout
disagreement_aware_selector,48,inside-out/active/bruhl/2025-03-02/ping-frntdeu1-2a0d:3341:b100:1e99::1-10ms-1h-2025-03-02-11-00-00.txt,bruhl,active,20.824116781157997,21.326245596376445,20.629825,0.6964205963764449,0,1,255.125,28.417695980378994,33.7056770324707,29.686521742376776,2.568432240739052,5.287981052091709,30.26848934861109,31.854883664238603,32.634635389234575,33.405471235751286,site_holdout
disagreement_aware_selector,49,inside-out/active/bruhl/2025-03-01/ping-frntdeu1-2a0d:3341:b100:1e99::1-10ms-1h-2025-03-01-19-00-00.txt,bruhl,active,21.91509014571499,24.77640703517588,21.08513931888545,3.6912677162904295,0,1,254.875,31.640252867594427,32.011314392089844,32.16138581741604,1.5716146399244504,0.37106152449541696,31.77012440116782,31.881442858516444,34.541180877760546,33.119633091367156,site_holdout
disagreement_aware_selector,50,inside-out/active/bruhl/2025-03-01/ping-frntdeu1-2a0d:3341:b100:1e99::1-10ms-1h-2025-03-01-08-00-00.txt,bruhl,active,21.804290674603173,22.341340782122906,20.44888777805549,1.8924530040674163,0,1,254.208,31.776627226367964,30.365633010864258,32.28163541304594,1.6574146373788776,1.410994215503706,31.282779250941665,31.706077515592778,34.89823948017896,33.785117712443494,site_holdout
disagreement_aware_selector,51,inside-out/active/bruhl/2025-03-01/ping-frntdeu1-2a0d:3341:b100:1e99::1-10ms-1h-2025-03-01-22-00-00.txt,bruhl,active,23.258256880733946,31.151799802761342,20.069478908188582,11.08232089457276,0,1,254.125,31.180641040513365,33.47089385986328,31.701448205540764,2.091518853506592,2.2902528193499165,31.98222952728584,32.669305373090815,34.477486946753636,34.10573025610873,site_holdout
disagreement_aware_selector,52,inside-out/active/bruhl/2025-03-01/ping-frntdeu1-2a0d:3341:b100:1e99::1-10ms-1h-2025-03-01-20-00-00.txt,bruhl,active,20.958068459657703,21.096371164150025,20.596300893743795,0.5000702704062299,0,1,318.583,29.871030677613817,31.47850227355957,30.69523830707938,2.0947726350656635,1.6074715959457535,30.43364573619483,30.915887214978557,33.3506803711611,32.160996962355604,site_holdout
disagreement_aware_selector,53,inside-out/active/bruhl/2025-03-02/ping-frntdeu1-2a0d:3341:b100:1e99::1-10ms-1h-2025-03-02-03-00-00.txt,bruhl,active,20.735811648079306,22.932286555446517,20.62198079838302,2.310305757063496,0,1,307.541,30.47749860460408,32.352352142333984,30.901466300618736,1.9806580678714765,1.874853537729905,31.133697342809548,31.69615340412852,33.37305604697554,32.86973495335471,site_holdout
disagreement_aware_selector,54,inside-out/active/bruhl/2025-03-02/ping-frntdeu1-2a0d:3341:b100:1e99::1-10ms-1h-2025-03-02-02-00-00.txt,bruhl,active,28.69517554334846,29.38464698331194,21.13926191696566,8.24538506634628,0,1,265.625,31.29501446699578,32.78061294555664,31.27013880853858,2.0269806176484244,1.4855984785608598,31.81497393449208,32.26065347806034,34.44191409801576,34.06075315215729,site_holdout
disagreement_aware_selector,55,inside-out/active/bruhl/2025-03-01/ping-frntdeu1-2a0d:3341:b100:1e99::1-10ms-1h-2025-03-01-03-00-00.txt,bruhl,active,21.662744140625,23.233048933500623,20.780806331931736,2.452242601568887,0,1,264.458,30.696565057323824,32.27665328979492,31.15166392793237,2.0880938441833568,1.5800882324710983,31.249595938688707,31.723622408430035,33.97899515040966,33.142892071016924,site_holdout
disagreement_aware_selector,56,inside-out/active/bruhl/2025-03-01/ping-frntdeu1-2a0d:3341:b100:1e99::1-10ms-1h-2025-03-01-22-00-00.txt,bruhl,active,23.575561458584883,26.753855509608368,21.17579214195184,5.578063367656529,0,1,264.166,31.426697599719773,31.608705520629883,32.00213840240006,1.911430739584715,0.18200792091010953,31.490400372038312,31.545002748311344,34.84390740624826,32.971399489562025,site_holdout
disagreement_aware_selector,57,inside-out/active/bruhl/2025-03-01/ping-frntdeu1-2a0d:3341:b100:1e99::1-10ms-1h-2025-03-01-17-00-00.txt,bruhl,active,21.863305042436345,26.310290497291973,20.59482673267327,5.715463764618704,0,1,264.708,31.313264385167713,33.379364013671875,31.595479996644585,1.713999273600365,2.066099628504162,32.036399255144175,32.65622914369543,34.01925850816939,34.00111816287037,site_holdout
disagreement_aware_selector,58,inside-out/active/bruhl/2025-03-02/ping-frntdeu1-2a0d:3341:b100:1e99::1-10ms-1h-2025-03-02-03-00-00.txt,bruhl,active,21.611631860126273,21.0371021135727,20.75279534530736,0.28430676826534196,0,1,255.917,30.935763383856283,33.94932174682617,31.02233887188807,2.0953417056910153,3.0135583629698885,31.990508810895744,32.89457631978671,33.647972428101454,34.250059433028824,site_holdout
disagreement_aware_selector,59,inside-out/active/bruhl/2025-03-02/ping-frntdeu1-2a0d:3341:b100:1e99::1-10ms-1h-2025-03-02-10-00-00.txt,bruhl,active,21.839370078740156,25.9,19.0,6.899999999999999,0,1,256.333,31.410743117196944,34.91550064086914,31.531560167350264,1.7601669455336728,3.504757523672197,32.63740825048221,33.68883550758387,33.99812834293253,35.185754226383104,site_holdout
random,47,inside-out/active/brisbane/2025-03-29/ping--2406:2d40:4600:8118::1-10ms-1h-2025-03-29-02-00-00.txt,brisbane,active,27.7485584941625,35.6140397672163,35.6140397672163,0.0,1,1,203.208,32.79760863012416,34.51975631713867,33.247631837150806,1.4119031577208576,1.7221476870145125,33.40036032057924,33.91700462668359,35.54962367767588,35.33228386761947,operational_mild
random,48,inside-out/active/brisbane/2025-03-29/ping--2406:2d40:4600:8118::1-10ms-1h-2025-03-29-02-00-00.txt,brisbane,active,35.6140397672163,27.973393160320157,27.973393160320157,0.0,1,1,151.625,34.57739027834032,32.53414535522461,34.22440911452741,0.9016912883018303,2.043244923115708,33.86225455524982,34.47522803218453,36.05942884590263,36.65560175889123,operational_mild
random,49,inside-out/active/brisbane/2025-03-29/ping--2406:2d40:4600:8118::1-10ms-1h-2025-03-29-02-00-00.txt,brisbane,active,27.973393160320157,35.63712515489467,35.63712515489467,0.0,1,1,148.084,32.0355085041283,33.90182113647461,31.941626787771934,0.23647622895533565,1.8663126323463075,32.68871792544951,33.2486117151534,33.5025478144276,34.818806833327194,operational_mild
random,50,inside-out/active/brisbane/2025-03-30/ping--2406:2d40:4600:8118::1-10ms-1h-2025-03-30-14-00-00.txt,brisbane,active,41.56910290882425,38.12887029288703,20.458820551759047,17.670049741127983,0,1,287.833,37.99636981672484,31.123754501342773,38.7525646371208,0.4485675846456944,6.872615315382063,35.590954456341116,37.65273905095574,40.93891072996656,42.93896711300825,operational_mild
random,51,inside-out/active/brisbane/2025-03-21/ping-sydyaus1-2406:2d40:4600:8118::1-10ms-1h-2025-03-21-08-00-00.txt,brisbane,active,30.144794877875267,31.51180555555555,20.069478908188582,11.442326647366968,0,1,287.042,36.31464726534978,32.28358840942383,36.37786023165009,1.4237511148162592,4.031058855925949,34.903776665775695,36.11309432255348,38.6428979221112,39.32584810486537,operational_mild
random,52,inside-out/active/bruhl/2025-03-01/ping-frntdeu1-2a0d:3341:b100:1e99::1-10ms-1h-2025-03-01-04-00-00.txt,bruhl,active,23.018295426143464,20.8537343358396,20.596300893743795,0.257433442095806,0,1,313.875,23.566219117752553,24.61867332458496,23.582993621223732,0.19310035853936677,1.052454206832408,23.934578090143894,24.250314352193616,24.733193271135402,25.360934153884,operational_mild
random,53,inside-out/active/bruhl/2025-03-02/ping-frntdeu1-2a0d:3341:b100:1e99::1-10ms-1h-2025-03-02-07-00-00.txt,bruhl,active,21.682807731434384,23.997510060362178,20.62198079838302,3.375529261979157,0,1,507.875,23.918731143201512,26.862394332885742,23.76760253794758,0.2611957842574452,2.94366318968423,24.94901325959099,25.83211221649626,24.90156196489545,27.06454112421947,operational_mild
random,54,inside-out/active/brisbane/2025-03-30/ping--2406:2d40:4600:8118::1-10ms-1h-2025-03-30-02-00-00.txt,brisbane,active,38.62191610821544,39.81591350826045,21.13926191696566,18.676651591294792,0,1,280.417,38.26489834480526,32.34029006958008,38.12592867525632,0.6589554710178891,5.924608275225182,36.19128544847645,37.968667931044,40.65960010932612,42.97042689946297,operational_mild
random,55,inside-out/active/bruhl/2025-03-01/ping-frntdeu1-2a0d:3341:b100:1e99::1-10ms-1h-2025-03-01-19-00-00.txt,bruhl,active,23.863647830474267,27.163365841460365,20.780806331931736,6.38255950952863,0,1,274.792,24.519423554063906,27.979644775390625,24.46738759766633,0.3030858088713569,3.4602212213267194,25.73050098152826,26.768567347926275,25.561078632655846,27.98096614839494,operational_mild
random,56,inside-out/active/brisbane/2025-03-30/ping--2406:2d40:4600:8118::1-10ms-1h-2025-03-30-14-00-00.txt,brisbane,active,34.99078758949881,28.558569051580697,21.458488196885988,7.10008085469471,0,1,276.375,37.66958701511976,34.638553619384766,37.61998893912208,0.8796950613101903,3.031033395734994,36.608725326612515,37.51803534533301,39.37336014994062,40.1271519580364,operational_mild
random,57,inside-out/active/bruhl/2025-03-01/ping-frntdeu1-2a0d:3341:b100:1e99::1-10ms-1h-2025-03-01-08-00-00.txt,bruhl,active,21.17579214195184,21.670523345305284,20.59482673267327,1.075696612632015,0,1,277.125,23.24814187551783,25.243915557861328,23.18937864189399,0.3241676883929413,1.995773682343497,23.946662664338056,24.545394769041106,24.137734900119238,25.450202629205997,operational_mild
random,58,inside-out/active/bruhl/2025-03-02/ping-frntdeu1-2a0d:3341:b100:1e99::1-10ms-1h-2025-03-02-11-00-00.txt,bruhl,active,41.270163528438815,41.43560977139862,20.75279534530736,20.68281442609126,0,1,286.084,23.588394874182995,27.95391082763672,27.707225782482954,3.87738564305367,4.365515953453723,25.116325457891797,26.425980243927913,32.21829897958152,28.4655658040816,operational_mild
random,59,inside-out/active/bruhl/2025-03-01/ping-frntdeu1-2a0d:3341:b100:1e99::1-10ms-1h-2025-03-01-08-00-00.txt,bruhl,active,26.699448621553884,24.6,19.0,5.600000000000001,0,1,286.0,23.449451307409618,25.47405433654785,23.65853064460366,0.492257585785379,2.024603029138234,24.158062367607997,24.765443276349465,24.861978083551445,25.802157828872048,operational_mild
best_historical_path,47,inside-out/active/brisbane/2025-03-29/ping--2406:2d40:4600:8118::1-10ms-1h-2025-03-29-02-00-00.txt,brisbane,active,27.7485584941625,35.6140397672163,35.6140397672163,0.0,1,1,239.208,32.79760863012416,34.51975631713867,33.247631837150806,1.4119031577208576,1.7221476870145125,33.40036032057924,33.91700462668359,35.54962367767588,35.33228386761947,operational_mild
best_historical_path,48,inside-out/active/brisbane/2025-03-29/ping--2406:2d40:4600:8118::1-10ms-1h-2025-03-29-02-00-00.txt,brisbane,active,35.6140397672163,27.973393160320157,27.973393160320157,0.0,1,1,261.583,34.57739027834032,32.53414535522461,34.22440911452741,0.9016912883018303,2.043244923115708,33.86225455524982,34.47522803218453,36.05942884590263,36.65560175889123,operational_mild
best_historical_path,49,inside-out/active/brisbane/2025-03-29/ping--2406:2d40:4600:8118::1-10ms-1h-2025-03-29-02-00-00.txt,brisbane,active,27.973393160320157,35.63712515489467,35.63712515489467,0.0,1,1,203.542,32.0355085041283,33.90182113647461,31.941626787771934,0.23647622895533565,1.8663126323463075,32.68871792544951,33.2486117151534,33.5025478144276,34.818806833327194,operational_mild
best_historical_path,50,inside-out/active/bruhl/2025-03-01/ping-frntdeu1-2a0d:3341:b100:1e99::1-10ms-1h-2025-03-01-06-00-00.txt,bruhl,active,48.20058371929696,42.63770362590586,20.458820551759047,22.17888307414681,0,1,430.25,25.356465948698315,26.97321128845215,29.88519374298658,4.209642199387279,1.6167453397538338,25.922326817612156,26.407350419538307,35.78482475050814,29.311424311494797,operational_mild
best_historical_path,51,inside-out/active/bruhl/2025-03-01/ping-frntdeu1-2a0d:3341:b100:1e99::1-10ms-1h-2025-03-01-06-00-00.txt,bruhl,active,23.43732081067721,26.1508004002001,20.069478908188582,6.081321492011519,0,1,483.291,24.690011990211133,28.08301544189453,24.669230708100102,0.19904006637992386,3.3930034516833985,25.877563198300322,26.895464233805342,25.846881874186238,28.26313569527487,operational_mild
best_historical_path,52,inside-out/active/bruhl/2025-03-01/ping-frntdeu1-2a0d:3341:b100:1e99::1-10ms-1h-2025-03-01-06-00-00.txt,bruhl,active,26.1508004002001,30.21637515842839,20.596300893743795,9.620074264684597,0,1,316.041,25.401950750354445,26.33625602722168,25.52654775395102,0.1901346263127516,0.9343052768672351,25.728957597257974,26.009249180318143,26.89548409628033,27.329015080599618,operational_mild
best_historical_path,53,inside-out/active/bruhl/2025-03-01/ping-frntdeu1-2a0d:3341:b100:1e99::1-10ms-1h-2025-03-01-06-00-00.txt,bruhl,active,30.21637515842839,36.54894357444693,20.62198079838302,15.92696277606391,0,1,380.0,26.165977529864904,26.69508934020996,26.21376582352926,0.3068356194495669,0.5291118103450572,26.351166663485674,26.50990020658919,28.358182947617532,28.477101797124792,operational_mild
best_historical_path,54,inside-out/active/bruhl/2025-03-01/ping-frntdeu1-2a0d:3341:b100:1e99::1-10ms-1h-2025-03-01-06-00-00.txt,bruhl,active,36.54894357444693,25.29561320754717,21.13926191696566,4.156351290581512,0,1,306.0,28.224850532486016,26.27768325805664,28.62379586509691,0.49431006988641846,1.9471672744293755,27.543341986435735,28.127492168764547,31.698314596308748,31.80486198477626,operational_mild
best_historical_path,55,inside-out/active/bruhl/2025-03-01/ping-frntdeu1-2a0d:3341:b100:1e99::1-10ms-1h-2025-03-01-06-00-00.txt,bruhl,active,25.29561320754717,23.24929542645241,20.780806331931736,2.468489094520674,0,1,569.541,25.708981591093107,25.786474227905273,26.30404259262838,0.7564375077343443,0.07749263681216689,25.736104013977368,25.75935180502102,27.887282770313686,26.783013115586776,operational_mild
best_historical_path,56,inside-out/active/bruhl/2025-03-01/ping-frntdeu1-2a0d:3341:b100:1e99::1-10ms-1h-2025-03-01-06-00-00.txt,bruhl,active,40.089812226409435,39.96205908851424,21.458488196885988,18.50357089162825,0,1,451.542,25.943586444163884,27.530447006225586,30.105581447262086,3.4761204200574647,1.5868605620617018,26.49898764088548,26.975045809503992,34.23313848931568,28.654198592720658,operational_mild
best_historical_path,57,inside-out/active/bruhl/2025-03-01/ping-frntdeu1-2a0d:3341:b100:1e99::1-10ms-1h-2025-03-01-06-00-00.txt,bruhl,active,23.121542288557215,28.892749461593684,20.59482673267327,8.297922728920415,0,1,433.959,25.102254403776897,28.075048446655273,25.30893704677907,0.6307158934967948,2.972794042878377,26.14273231878433,27.03457053164784,26.64364882320902,28.193524792243032,operational_mild
best_historical_path,58,inside-out/active/bruhl/2025-03-01/ping-frntdeu1-2a0d:3341:b100:1e99::1-10ms-1h-2025-03-01-06-00-00.txt,bruhl,active,47.70974476092793,46.73616478267563,20.75279534530736,25.98336943736827,0,1,354.0,26.4027273498632,27.17781639099121,30.656890332130754,3.5226359649294245,0.7750890411280125,26.674008514258006,26.90653522659641,35.19219429283028,28.877371117711665,operational_mild
best_historical_path,59,inside-out/active/bruhl/2025-03-02/ping-frntdeu1-2a0d:3341:b100:1e99::1-10ms-1h-2025-03-02-05-00-00.txt,bruhl,active,22.933486590038314,27.2,19.0,8.2,0,1,306.916,22.94273458322823,24.70334815979004,23.403493481518197,0.39784307861027374,1.7606135765618092,23.558949335024863,24.087133407993406,24.852581824066263,25.413900799239947,operational_mild
highest_reply_availability,47,inside-out/active/brisbane/2025-03-29/ping--2406:2d40:4600:8118::1-10ms-1h-2025-03-29-02-00-00.txt,brisbane,active,27.7485584941625,35.6140397672163,35.6140397672163,0.0,1,1,269.042,32.79760863012416,34.51975631713867,33.247631837150806,1.4119031577208576,1.7221476870145125,33.40036032057924,33.91700462668359,35.54962367767588,35.33228386761947,operational_mild
highest_reply_availability,48,inside-out/active/brisbane/2025-03-29/ping--2406:2d40:4600:8118::1-10ms-1h-2025-03-29-02-00-00.txt,brisbane,active,35.6140397672163,27.973393160320157,27.973393160320157,0.0,1,1,223.542,34.57739027834032,32.53414535522461,34.22440911452741,0.9016912883018303,2.043244923115708,33.86225455524982,34.47522803218453,36.05942884590263,36.65560175889123,operational_mild
highest_reply_availability,49,inside-out/active/brisbane/2025-03-29/ping--2406:2d40:4600:8118::1-10ms-1h-2025-03-29-02-00-00.txt,brisbane,active,27.973393160320157,35.63712515489467,35.63712515489467,0.0,1,1,175.666,32.0355085041283,33.90182113647461,31.941626787771934,0.23647622895533565,1.8663126323463075,32.68871792544951,33.2486117151534,33.5025478144276,34.818806833327194,operational_mild
highest_reply_availability,50,inside-out/active/bruhl/2025-03-01/ping-frntdeu1-2a0d:3341:b100:1e99::1-10ms-1h-2025-03-01-07-00-00.txt,bruhl,active,27.289277334584703,25.314429943363702,20.458820551759047,4.855609391604656,0,1,386.917,25.983223070661552,28.4766788482666,26.3187168807875,0.6460267351441578,2.4934557776050497,26.85593259282332,27.603969326104835,28.470234565632243,29.520312537351966,operational_mild
highest_reply_availability,51,inside-out/active/brisbane/2025-03-20/ping-sydyaus1-2406:2d40:4600:8118::1-10ms-1h-2025-03-20-20-00-00.txt,brisbane,active,29.969971484974774,38.223700092850514,20.069478908188582,18.15422118466193,0,1,322.458,35.915311603497685,31.92246437072754,36.12781853087178,0.5710386868155797,3.9928472327701456,34.517815072028135,35.71566924185918,38.11064196124161,39.2666372735024,operational_mild
highest_reply_availability,52,inside-out/active/brisbane/2025-03-21/ping-sydyaus1-2406:2d40:4600:8118::1-10ms-1h-2025-03-21-08-00-00.txt,brisbane,active,31.51180555555555,41.203552440792656,20.596300893743795,20.60725154704886,0,1,297.291,37.288852883457366,38.8637809753418,37.60187264851272,0.9670799725841878,1.5749280918844306,37.840077715616914,38.31255614318224,39.87824137974984,40.021107704169665,operational_mild
highest_reply_availability,53,inside-out/active/brisbane/2025-03-20/ping-sydyaus1-2406:2d40:4600:8118::1-10ms-1h-2025-03-20-20-00-00.txt,brisbane,active,34.94806936416185,34.46817436137802,20.62198079838302,13.846193562994998,0,1,298.792,37.557673406252434,35.615352630615234,36.85121805152273,1.157819068285061,1.9423207756371994,36.87786113477941,37.46055736747057,39.189147352011915,39.90128275456456,operational_mild
highest_reply_availability,54,inside-out/active/brisbane/2025-03-31/ping--2406:2d40:4600:8118::1-10ms-1h-2025-03-31-14-00-00.txt,brisbane,active,32.44623680587426,34.209611650485435,21.13926191696566,13.070349733519777,0,1,402.292,36.86156102215682,32.764923095703125,36.62650267553336,0.36013482016521337,4.096637926453695,35.42773774789803,36.65672912583414,38.46780117103093,40.27624546943464,operational_mild
highest_reply_availability,55,inside-out/active/brisbane/2025-03-21/ping-sydyaus1-2406:2d40:4600:8118::1-10ms-1h-2025-03-21-14-00-00.txt,brisbane,active,43.48751455858374,34.3423936553713,20.780806331931736,13.561587323439568,0,1,292.125,35.858147237358935,35.4404182434082,36.486090625770224,0.5789071400773499,0.4177289939507318,35.71194208947618,35.8372607876614,38.41311770149734,37.538972005305865,operational_mild
highest_reply_availability,56,inside-out/active/brisbane/2025-03-31/ping--2406:2d40:4600:8118::1-10ms-1h-2025-03-31-08-00-00.txt,brisbane,active,39.25054919373685,34.59198984302862,21.458488196885988,13.133501646142633,0,1,296.25,38.75397513878124,36.55316162109375,39.00493155022601,0.5614364647454118,2.200813517687493,37.98369040759062,38.64393446289687,41.234816522487186,41.55314884544273,operational_mild
highest_reply_availability,57,inside-out/active/brisbane/2025-03-23/ping--2406:2d40:4600:8118::1-10ms-1h-2025-03-23-20-00-00.txt,brisbane,active,30.367749887942622,51.548770002388345,20.59482673267327,30.953943269715076,0,1,279.667,34.605089347231115,34.017879486083984,34.6401455181377,0.42379205243719353,0.5872098611471301,34.39956589582962,34.575728854173754,36.47425656056775,36.385600787849484,operational_mild
highest_reply_availability,58,inside-out/active/brisbane/2025-03-22/ping-sydyaus1-2406:2d40:4600:8118::1-10ms-1h-2025-03-22-08-00-00.txt,brisbane,active,30.59706154558075,34.96113310242454,20.75279534530736,14.208337757117182,0,1,277.834,34.05307406517022,30.828950881958008,33.714540102074274,0.8090884332876574,3.224123183212214,32.92463095104595,33.891867906009615,35.4035780884152,36.5861511589909,operational_mild
highest_reply_availability,59,inside-out/active/brisbane/2025-03-30/ping--2406:2d40:4600:8118::1-10ms-1h-2025-03-30-20-00-00.txt,brisbane,active,40.56218007312614,24.775,19.0,5.774999999999999,0,1,278.667,37.614379657779864,37.34437942504883,37.44250735060564,0.6418544284868178,0.2700002327310358,37.519879576324,37.60087964614331,39.38447470040286,39.196456290940944,operational_mild
reactive_greedy,47,inside-out/active/brisbane/2025-03-29/ping--2406:2d40:4600:8118::1-10ms-1h-2025-03-29-02-00-00.txt,brisbane,active,27.7485584941625,35.6140397672163,35.6140397672163,0.0,1,1,186.666,32.79760863012416,34.51975631713867,33.247631837150806,1.4119031577208576,1.7221476870145125,33.40036032057924,33.91700462668359,35.54962367767588,35.33228386761947,operational_mild
reactive_greedy,48,inside-out/active/brisbane/2025-03-29/ping--2406:2d40:4600:8118::1-10ms-1h-2025-03-29-02-00-00.txt,brisbane,active,35.6140397672163,27.973393160320157,27.973393160320157,0.0,1,1,150.708,34.57739027834032,32.53414535522461,34.22440911452741,0.9016912883018303,2.043244923115708,33.86225455524982,34.47522803218453,36.05942884590263,36.65560175889123,operational_mild
reactive_greedy,49,inside-out/active/brisbane/2025-03-29/ping--2406:2d40:4600:8118::1-10ms-1h-2025-03-29-02-00-00.txt,brisbane,active,27.973393160320157,35.63712515489467,35.63712515489467,0.0,1,1,144.166,32.0355085041283,33.90182113647461,31.941626787771934,0.23647622895533565,1.8663126323463075,32.68871792544951,33.2486117151534,33.5025478144276,34.818806833327194,operational_mild
reactive_greedy,50,inside-out/active/bruhl/2025-03-01/ping-frntdeu1-2a0d:3341:b100:1e99::1-10ms-1h-2025-03-01-02-00-00.txt,bruhl,active,21.08513931888545,20.572501897293193,20.458820551759047,0.11368134553414677,0,1,289.458,22.27023346495662,26.841161727905273,22.52256884493521,0.28982880549126794,4.570928262948655,23.870058356988647,25.241336835873245,23.530036278398676,26.48852549151312,operational_mild
reactive_greedy,51,inside-out/active/bruhl/2025-03-02/ping-frntdeu1-2a0d:3341:b100:1e99::1-10ms-1h-2025-03-02-04-00-00.txt,bruhl,active,20.458820551759047,23.986740467404672,20.069478908188582,3.91726155921609,0,1,284.041,22.18159424091391,24.199880599975586,22.17130476630839,0.33968561223009713,2.018286359061676,22.887994466585496,23.493480374304,23.054228946192755,24.32346898092196,operational_mild
reactive_greedy,52,inside-out/active/bruhl/2025-03-02/ping-frntdeu1-2a0d:3341:b100:1e99::1-10ms-1h-2025-03-02-02-00-00.txt,bruhl,active,20.13179845708775,22.22624908603461,20.596300893743795,1.629948192290815,0,1,275.667,22.31604678120675,24.081897735595703,22.479211148605955,0.47211985611935886,1.7658509543889522,22.934094615242884,23.46384990155957,23.490650970091,24.29778492639399,operational_mild
reactive_greedy,53,inside-out/active/bruhl/2025-03-01/ping-frntdeu1-2a0d:3341:b100:1e99::1-10ms-1h-2025-03-01-11-00-00.txt,bruhl,active,21.179303062302008,20.62198079838302,20.62198079838302,0.0,1,1,334.917,22.66434237988142,25.603282928466797,22.807730308648228,0.43351485442614923,2.9389405485853786,23.6929715718863,24.574653736461915,24.42559177272797,26.161273114580577,operational_mild
reactive_greedy,54,inside-out/active/bruhl/2025-03-01/ping-frntdeu1-2a0d:3341:b100:1e99::1-10ms-1h-2025-03-01-11-00-00.txt,bruhl,active,20.62198079838302,22.029937076476283,21.13926191696566,0.890675159510625,0,1,459.833,22.53874366103628,25.39358139038086,22.314335624990594,0.37534332390701897,2.854837729344581,23.537936866306882,24.394388185110255,23.28025649295003,25.364285333073887,operational_mild
reactive_greedy,55,inside-out/active/bruhl/2025-03-02/ping-frntdeu1-2a0d:3341:b100:1e99::1-10ms-1h-2025-03-02-05-00-00.txt,bruhl,active,21.13926191696566,23.040902255639097,20.780806331931736,2.260095923707361,0,1,296.375,22.632307468482395,26.521780014038086,23.010688288799642,0.37777759914515496,3.889472545555691,23.993622859426885,25.160464623093592,24.17750794082866,26.432898330319315,operational_mild
reactive_greedy,56,inside-out/active/bruhl/2025-03-02/ping-frntdeu1-2a0d:3341:b100:1e99::1-10ms-1h-2025-03-02-01-00-00.txt,bruhl,active,20.780806331931736,22.1087841191067,21.458488196885988,0.6502959222207139,0,1,294.5,22.645108029528274,24.6065673828125,22.834164395579165,0.2886596287685227,1.9614593532842264,23.331618803177754,23.920056609163023,23.801765697038075,24.86730912437396,operational_mild
reactive_greedy,57,inside-out/active/bruhl/2025-03-01/ping-frntdeu1-2a0d:3341:b100:1e99::1-10ms-1h-2025-03-01-08-00-00.txt,bruhl,active,21.17579214195184,21.670523345305284,20.59482673267327,1.075696612632015,0,1,296.417,23.24814187551783,25.243915557861328,23.18937864189399,0.3241676883929413,1.995773682343497,23.946662664338056,24.545394769041106,24.137734900119238,25.450202629205997,operational_mild
reactive_greedy,58,inside-out/active/bruhl/2025-03-02/ping-frntdeu1-2a0d:3341:b100:1e99::1-10ms-1h-2025-03-02-09-00-00.txt,bruhl,active,20.59482673267327,20.75279534530736,20.75279534530736,0.0,1,1,302.291,23.154234480667583,25.691926956176758,23.084871402982223,0.34120423947792666,2.537692475509175,24.042426847095793,24.803734589748547,24.0100426029113,25.726771857620093,operational_mild
reactive_greedy,59,inside-out/active/bruhl/2025-03-02/ping-frntdeu1-2a0d:3341:b100:1e99::1-10ms-1h-2025-03-02-09-00-00.txt,bruhl,active,20.75279534530736,19.0,19.0,0.0,1,1,298.208,22.61433853746894,23.989028930664062,22.904697090882095,0.44655537023314473,1.3746903931951238,23.095480175087232,23.50788729304577,23.911523072313305,24.31726578612163,operational_mild
predictive_greedy,47,inside-out/active/brisbane/2025-03-29/ping--2406:2d40:4600:8118::1-10ms-1h-2025-03-29-02-00-00.txt,brisbane,active,27.7485584941625,35.6140397672163,35.6140397672163,0.0,1,1,189.125,32.79760863012416,34.51975631713867,33.247631837150806,1.4119031577208576,1.7221476870145125,33.40036032057924,33.91700462668359,35.54962367767588,35.33228386761947,operational_mild
predictive_greedy,48,inside-out/active/brisbane/2025-03-29/ping--2406:2d40:4600:8118::1-10ms-1h-2025-03-29-02-00-00.txt,brisbane,active,35.6140397672163,27.973393160320157,27.973393160320157,0.0,1,1,160.25,34.57739027834032,32.53414535522461,34.22440911452741,0.9016912883018303,2.043244923115708,33.86225455524982,34.47522803218453,36.05942884590263,36.65560175889123,operational_mild
predictive_greedy,49,inside-out/active/brisbane/2025-03-29/ping--2406:2d40:4600:8118::1-10ms-1h-2025-03-29-02-00-00.txt,brisbane,active,27.973393160320157,35.63712515489467,35.63712515489467,0.0,1,1,146.333,32.0355085041283,33.90182113647461,31.941626787771934,0.23647622895533565,1.8663126323463075,32.68871792544951,33.2486117151534,33.5025478144276,34.818806833327194,operational_mild
predictive_greedy,50,inside-out/active/bruhl/2025-03-02/ping-frntdeu1-2a0d:3341:b100:1e99::1-10ms-1h-2025-03-02-06-00-00.txt,bruhl,active,38.53140133268347,39.474592028840874,20.458820551759047,19.015771477081827,0,1,304.833,22.121589208065416,26.28559112548828,25.959488549209205,3.340118372933526,4.1640019174228655,23.57898987916342,24.828190454390278,29.836288824355645,26.61630214157886,operational_mild
predictive_greedy,51,inside-out/active/bruhl/2025-03-02/ping-frntdeu1-2a0d:3341:b100:1e99::1-10ms-1h-2025-03-02-04-00-00.txt,bruhl,active,20.458820551759047,23.986740467404672,20.069478908188582,3.91726155921609,0,1,293.041,22.18159424091391,24.199880599975586,22.17130476630839,0.33968561223009713,2.018286359061676,22.887994466585496,23.493480374304,23.054228946192755,24.32346898092196,operational_mild
predictive_greedy,52,inside-out/active/bruhl/2025-03-01/ping-frntdeu1-2a0d:3341:b100:1e99::1-10ms-1h-2025-03-01-01-00-00.txt,bruhl,active,34.24356620817938,40.2835111281158,20.596300893743795,19.687210234372003,0,1,290.625,22.12321389230965,26.94402503967285,25.51536996025769,3.060358331749751,4.820811147363202,23.810497793886768,25.256741138095727,29.018520976453026,26.94670452021507,operational_mild
predictive_greedy,53,inside-out/active/bruhl/2025-03-01/ping-frntdeu1-2a0d:3341:b100:1e99::1-10ms-1h-2025-03-01-04-00-00.txt,bruhl,active,35.32768125987849,35.32534998526337,20.62198079838302,14.703369186880352,0,1,300.083,22.617662905466204,27.62539291381836,25.88806362427256,2.8737221108978854,5.007730008352155,24.37036840838946,25.872687410895107,29.33779806947776,27.667903273762104,operational_mild
predictive_greedy,54,inside-out/active/bruhl/2025-03-01/ping-frntdeu1-2a0d:3341:b100:1e99::1-10ms-1h-2025-03-01-11-00-00.txt,bruhl,active,20.62198079838302,22.029937076476283,21.13926191696566,0.890675159510625,0,1,307.458,22.53874366103628,25.39358139038086,22.314335624990594,0.37534332390701897,2.854837729344581,23.537936866306882,24.394388185110255,23.28025649295003,25.364285333073887,operational_mild
predictive_greedy,55,inside-out/active/bruhl/2025-03-01/ping-frntdeu1-2a0d:3341:b100:1e99::1-10ms-1h-2025-03-01-02-00-00.txt,bruhl,active,22.561879021879022,22.591304347826085,20.780806331931736,1.8104980158943498,0,1,285.791,22.167969481643013,25.989986419677734,22.63622007272602,0.2602785275521743,3.8220169380347215,23.505675409955167,24.652280491365584,23.72442553935142,25.927478756130323,operational_mild
predictive_greedy,56,inside-out/active/bruhl/2025-03-02/ping-frntdeu1-2a0d:3341:b100:1e99::1-10ms-1h-2025-03-02-09-00-00.txt,bruhl,active,36.346624934982664,40.176852159115064,21.458488196885988,18.718363962229077,0,1,298.0,22.37317332741077,26.93182373046875,25.737107864572682,2.94637889339576,4.558650403057982,23.96870096848106,25.336296089398452,29.263164270292325,27.108433365377074,operational_mild
predictive_greedy,57,inside-out/active/bruhl/2025-03-01/ping-frntdeu1-2a0d:3341:b100:1e99::1-10ms-1h-2025-03-01-11-00-00.txt,bruhl,active,25.01591978212429,26.08923004251299,20.59482673267327,5.494403309839722,0,1,282.125,22.329462747398793,26.898820877075195,22.92346978211647,1.0211695723457743,4.569358129676402,23.928738092785533,25.299545531688455,26.02480786540995,28.09194224869024,operational_mild
predictive_greedy,58,inside-out/active/bruhl/2025-03-02/ping-frntdeu1-2a0d:3341:b100:1e99::1-10ms-1h-2025-03-02-00-00-00.txt,bruhl,active,21.655938697318007,25.23721722208708,20.75279534530736,4.48442187677972,0,1,282.333,22.39887959891712,26.247209548950195,22.500418654947055,0.3003509647650503,3.848329950033076,23.745795081428696,24.90029406643862,23.41690162437287,25.976346807293954,operational_mild
predictive_greedy,59,inside-out/active/bruhl/2025-03-02/ping-frntdeu1-2a0d:3341:b100:1e99::1-10ms-1h-2025-03-02-09-00-00.txt,bruhl,active,20.75279534530736,19.0,19.0,0.0,1,1,276.75,22.61433853746894,23.989028930664062,22.904697090882095,0.44655537023314473,1.3746903931951238,23.095480175087232,23.50788729304577,23.911523072313305,24.31726578612163,operational_mild
predictive_graph_greedy,47,inside-out/active/brisbane/2025-03-29/ping--2406:2d40:4600:8118::1-10ms-1h-2025-03-29-02-00-00.txt,brisbane,active,27.7485584941625,35.6140397672163,35.6140397672163,0.0,1,1,160.541,32.79760863012416,34.51975631713867,33.247631837150806,1.4119031577208576,1.7221476870145125,33.40036032057924,33.91700462668359,35.54962367767588,35.33228386761947,operational_mild
predictive_graph_greedy,48,inside-out/active/brisbane/2025-03-29/ping--2406:2d40:4600:8118::1-10ms-1h-2025-03-29-02-00-00.txt,brisbane,active,35.6140397672163,27.973393160320157,27.973393160320157,0.0,1,1,149.708,34.57739027834032,32.53414535522461,34.22440911452741,0.9016912883018303,2.043244923115708,33.86225455524982,34.47522803218453,36.05942884590263,36.65560175889123,operational_mild
predictive_graph_greedy,49,inside-out/active/brisbane/2025-03-29/ping--2406:2d40:4600:8118::1-10ms-1h-2025-03-29-02-00-00.txt,brisbane,active,27.973393160320157,35.63712515489467,35.63712515489467,0.0,1,1,143.375,32.0355085041283,33.90182113647461,31.941626787771934,0.23647622895533565,1.8663126323463075,32.68871792544951,33.2486117151534,33.5025478144276,34.818806833327194,operational_mild
predictive_graph_greedy,50,inside-out/active/bruhl/2025-03-01/ping-frntdeu1-2a0d:3341:b100:1e99::1-10ms-1h-2025-03-01-05-00-00.txt,bruhl,active,24.08488856233162,25.495048309178745,20.458820551759047,5.036227757419699,0,1,290.709,23.017995357409745,25.966211318969727,23.197821800180705,0.22212763075582173,2.9482159615599812,24.04987094395574,24.934335732423733,24.399501654459353,26.26424145979151,operational_mild
predictive_graph_greedy,51,inside-out/active/bruhl/2025-03-02/ping-frntdeu1-2a0d:3341:b100:1e99::1-10ms-1h-2025-03-02-05-00-00.txt,bruhl,active,20.50941869021339,24.03044018900771,20.069478908188582,3.9609612808191272,0,1,325.75,23.21326429610599,23.818227767944336,23.042002475939913,0.2823267372817183,0.6049634718383459,23.425001511249413,23.606490552800917,23.95762155110729,24.37086092219084,operational_mild
predictive_graph_greedy,52,inside-out/active/bruhl/2025-03-02/ping-frntdeu1-2a0d:3341:b100:1e99::1-10ms-1h-2025-03-02-02-00-00.txt,bruhl,active,20.13179845708775,22.22624908603461,20.596300893743795,1.629948192290815,0,1,287.042,22.31604678120675,24.081897735595703,22.479211148605955,0.47211985611935886,1.7658509543889522,22.934094615242884,23.46384990155957,23.490650970091,24.29778492639399,operational_mild
predictive_graph_greedy,53,inside-out/active/bruhl/2025-03-02/ping-frntdeu1-2a0d:3341:b100:1e99::1-10ms-1h-2025-03-02-02-00-00.txt,bruhl,active,22.22624908603461,28.69517554334846,20.62198079838302,8.073194744965438,0,1,277.292,22.895490925344347,23.940092086791992,22.88052913088544,0.2098762583139292,1.0446011614476447,23.261101331851023,23.574481680285317,23.8567643973428,24.49776986915199,operational_mild
predictive_graph_greedy,54,inside-out/active/bruhl/2025-03-02/ping-frntdeu1-2a0d:3341:b100:1e99::1-10ms-1h-2025-03-02-03-00-00.txt,bruhl,active,22.932286555446517,23.190108503658845,21.13926191696566,2.0508465866931864,0,1,280.458,23.781753565668623,24.337907791137695,23.969972593599973,0.2340101904935365,0.5561542254690721,23.9764075445828,24.14325381222352,25.07494580508529,25.128334803385588,operational_mild
predictive_graph_greedy,55,inside-out/active/bruhl/2025-03-02/ping-frntdeu1-2a0d:3341:b100:1e99::1-10ms-1h-2025-03-02-09-00-00.txt,bruhl,active,23.170796019900497,21.538257768721344,20.780806331931736,0.7574514367896086,0,1,284.791,22.937509793999197,24.5684757232666,23.0018101321282,0.3111506013495955,1.6309659292674041,23.50834786924279,23.997637648023012,23.974802497502772,24.900363655312127,operational_mild
predictive_graph_greedy,56,inside-out/active/bruhl/2025-03-01/ping-frntdeu1-2a0d:3341:b100:1e99::1-10ms-1h-2025-03-01-11-00-00.txt,bruhl,active,22.01310262529833,25.01591978212429,21.458488196885988,3.5574315852383016,0,1,280.625,23.204629161735284,24.23973846435547,23.11536260054024,0.2602601086087341,1.0351093026201852,23.56691741765235,23.877450208438404,24.02544352911854,24.695846985822172,operational_mild
predictive_graph_greedy,57,inside-out/active/bruhl/2025-03-02/ping-frntdeu1-2a0d:3341:b100:1e99::1-10ms-1h-2025-03-02-01-00-00.txt,bruhl,active,22.1087841191067,23.286052894211576,20.59482673267327,2.6912261615383066,0,1,281.0,22.831931665656157,24.292871475219727,22.912560658814858,0.2619626290707997,1.4609398095635697,23.343260599003408,23.78154254187248,23.83910605678355,24.657709948994427,operational_mild
predictive_graph_greedy,58,inside-out/active/bruhl/2025-03-02/ping-frntdeu1-2a0d:3341:b100:1e99::1-10ms-1h-2025-03-02-05-00-00.txt,bruhl,active,23.65328915071183,22.933486590038314,20.75279534530736,2.180691244730955,0,1,278.459,23.55968472225686,25.068239212036133,23.7780632502907,0.31892119607975705,1.5085544897792715,24.087678793679608,24.54024514061339,25.058875492088877,25.732721934329675,operational_mild
predictive_graph_greedy,59,inside-out/active/bruhl/2025-03-02/ping-frntdeu1-2a0d:3341:b100:1e99::1-10ms-1h-2025-03-02-09-00-00.txt,bruhl,active,20.75279534530736,19.0,19.0,0.0,1,1,274.916,22.61433853746894,23.989028930664062,22.904697090882095,0.44655537023314473,1.3746903931951238,23.095480175087232,23.50788729304577,23.911523072313305,24.31726578612163,operational_mild
predictive_simple_fusion_greedy,47,inside-out/active/brisbane/2025-03-29/ping--2406:2d40:4600:8118::1-10ms-1h-2025-03-29-02-00-00.txt,brisbane,active,27.7485584941625,35.6140397672163,35.6140397672163,0.0,1,1,173.625,32.79760863012416,34.51975631713867,33.247631837150806,1.4119031577208576,1.7221476870145125,33.40036032057924,33.91700462668359,35.54962367767588,35.33228386761947,operational_mild
predictive_simple_fusion_greedy,48,inside-out/active/brisbane/2025-03-29/ping--2406:2d40:4600:8118::1-10ms-1h-2025-03-29-02-00-00.txt,brisbane,active,35.6140397672163,27.973393160320157,27.973393160320157,0.0,1,1,153.125,34.57739027834032,32.53414535522461,34.22440911452741,0.9016912883018303,2.043244923115708,33.86225455524982,34.47522803218453,36.05942884590263,36.65560175889123,operational_mild
predictive_simple_fusion_greedy,49,inside-out/active/brisbane/2025-03-29/ping--2406:2d40:4600:8118::1-10ms-1h-2025-03-29-02-00-00.txt,brisbane,active,27.973393160320157,35.63712515489467,35.63712515489467,0.0,1,1,143.792,32.0355085041283,33.90182113647461,31.941626787771934,0.23647622895533565,1.8663126323463075,32.68871792544951,33.2486117151534,33.5025478144276,34.818806833327194,operational_mild
predictive_simple_fusion_greedy,50,inside-out/active/bruhl/2025-03-02/ping-frntdeu1-2a0d:3341:b100:1e99::1-10ms-1h-2025-03-02-06-00-00.txt,bruhl,active,38.53140133268347,39.474592028840874,20.458820551759047,19.015771477081827,0,1,283.75,22.121589208065416,26.28559112548828,25.959488549209205,3.340118372933526,4.1640019174228655,23.57898987916342,24.828190454390278,29.836288824355645,26.61630214157886,operational_mild
predictive_simple_fusion_greedy,51,inside-out/active/bruhl/2025-03-02/ping-frntdeu1-2a0d:3341:b100:1e99::1-10ms-1h-2025-03-02-04-00-00.txt,bruhl,active,20.458820551759047,23.986740467404672,20.069478908188582,3.91726155921609,0,1,286.5,22.18159424091391,24.199880599975586,22.17130476630839,0.33968561223009713,2.018286359061676,22.887994466585496,23.493480374304,23.054228946192755,24.32346898092196,operational_mild
predictive_simple_fusion_greedy,52,inside-out/active/bruhl/2025-03-02/ping-frntdeu1-2a0d:3341:b100:1e99::1-10ms-1h-2025-03-02-02-00-00.txt,bruhl,active,20.13179845708775,22.22624908603461,20.596300893743795,1.629948192290815,0,1,285.5,22.31604678120675,24.081897735595703,22.479211148605955,0.47211985611935886,1.7658509543889522,22.934094615242884,23.46384990155957,23.490650970091,24.29778492639399,operational_mild
predictive_simple_fusion_greedy,53,inside-out/active/bruhl/2025-03-02/ping-frntdeu1-2a0d:3341:b100:1e99::1-10ms-1h-2025-03-02-02-00-00.txt,bruhl,active,22.22624908603461,28.69517554334846,20.62198079838302,8.073194744965438,0,1,277.708,22.895490925344347,23.940092086791992,22.88052913088544,0.2098762583139292,1.0446011614476447,23.261101331851023,23.574481680285317,23.8567643973428,24.49776986915199,operational_mild
predictive_simple_fusion_greedy,54,inside-out/active/bruhl/2025-03-02/ping-frntdeu1-2a0d:3341:b100:1e99::1-10ms-1h-2025-03-02-09-00-00.txt,bruhl,active,20.63209197700575,23.170796019900497,21.13926191696566,2.031534102934838,0,1,280.041,22.569258963912944,25.229534149169922,22.62620756318154,0.19674470660635116,2.660275185256978,23.500355278752885,24.298437834329977,23.34777314383222,25.138472403551592,operational_mild
predictive_simple_fusion_greedy,55,inside-out/active/bruhl/2025-03-02/ping-frntdeu1-2a0d:3341:b100:1e99::1-10ms-1h-2025-03-02-01-00-00.txt,bruhl,active,21.65060613876709,20.780806331931736,20.780806331931736,0.0,1,1,274.875,22.388744793292062,25.458209991455078,22.761706494599515,0.2998772142391139,3.069465198163016,23.463057612649116,24.38389717209802,23.719550362256303,25.423779648891774,operational_mild
predictive_simple_fusion_greedy,56,inside-out/active/bruhl/2025-03-02/ping-frntdeu1-2a0d:3341:b100:1e99::1-10ms-1h-2025-03-02-01-00-00.txt,bruhl,active,20.780806331931736,22.1087841191067,21.458488196885988,0.6502959222207139,0,1,275.125,22.645108029528274,24.6065673828125,22.834164395579165,0.2886596287685227,1.9614593532842264,23.331618803177754,23.920056609163023,23.801765697038075,24.86730912437396,operational_mild
predictive_simple_fusion_greedy,57,inside-out/active/bruhl/2025-03-02/ping-frntdeu1-2a0d:3341:b100:1e99::1-10ms-1h-2025-03-02-01-00-00.txt,bruhl,active,22.1087841191067,23.286052894211576,20.59482673267327,2.6912261615383066,0,1,275.666,22.831931665656157,24.292871475219727,22.912560658814858,0.2619626290707997,1.4609398095635697,23.343260599003408,23.78154254187248,23.83910605678355,24.657709948994427,operational_mild
predictive_simple_fusion_greedy,58,inside-out/active/bruhl/2025-03-02/ping-frntdeu1-2a0d:3341:b100:1e99::1-10ms-1h-2025-03-02-00-00-00.txt,bruhl,active,21.655938697318007,25.23721722208708,20.75279534530736,4.48442187677972,0,1,277.416,22.39887959891712,26.247209548950195,22.500418654947055,0.3003509647650503,3.848329950033076,23.745795081428696,24.90029406643862,23.41690162437287,25.976346807293954,operational_mild
predictive_simple_fusion_greedy,59,inside-out/active/bruhl/2025-03-02/ping-frntdeu1-2a0d:3341:b100:1e99::1-10ms-1h-2025-03-02-09-00-00.txt,bruhl,active,20.75279534530736,19.0,19.0,0.0,1,1,277.5,22.61433853746894,23.989028930664062,22.904697090882095,0.44655537023314473,1.3746903931951238,23.095480175087232,23.50788729304577,23.911523072313305,24.31726578612163,operational_mild
predictive_consensus_greedy,47,inside-out/active/brisbane/2025-03-29/ping--2406:2d40:4600:8118::1-10ms-1h-2025-03-29-02-00-00.txt,brisbane,active,27.7485584941625,35.6140397672163,35.6140397672163,0.0,1,1,165.958,32.79760863012416,34.51975631713867,33.247631837150806,1.4119031577208576,1.7221476870145125,33.40036032057924,33.91700462668359,35.54962367767588,35.33228386761947,operational_mild
predictive_consensus_greedy,48,inside-out/active/brisbane/2025-03-29/ping--2406:2d40:4600:8118::1-10ms-1h-2025-03-29-02-00-00.txt,brisbane,active,35.6140397672163,27.973393160320157,27.973393160320157,0.0,1,1,145.708,34.57739027834032,32.53414535522461,34.22440911452741,0.9016912883018303,2.043244923115708,33.86225455524982,34.47522803218453,36.05942884590263,36.65560175889123,operational_mild
predictive_consensus_greedy,49,inside-out/active/brisbane/2025-03-29/ping--2406:2d40:4600:8118::1-10ms-1h-2025-03-29-02-00-00.txt,brisbane,active,27.973393160320157,35.63712515489467,35.63712515489467,0.0,1,1,145.666,32.0355085041283,33.90182113647461,31.941626787771934,0.23647622895533565,1.8663126323463075,32.68871792544951,33.2486117151534,33.5025478144276,34.818806833327194,operational_mild
predictive_consensus_greedy,50,inside-out/active/bruhl/2025-03-02/ping-frntdeu1-2a0d:3341:b100:1e99::1-10ms-1h-2025-03-02-06-00-00.txt,bruhl,active,38.53140133268347,39.474592028840874,20.458820551759047,19.015771477081827,0,1,282.917,22.121589208065416,26.28559112548828,25.959488549209205,3.340118372933526,4.1640019174228655,23.57898987916342,24.828190454390278,29.836288824355645,26.61630214157886,operational_mild
predictive_consensus_greedy,51,inside-out/active/bruhl/2025-03-02/ping-frntdeu1-2a0d:3341:b100:1e99::1-10ms-1h-2025-03-02-04-00-00.txt,bruhl,active,20.458820551759047,23.986740467404672,20.069478908188582,3.91726155921609,0,1,280.417,22.18159424091391,24.199880599975586,22.17130476630839,0.33968561223009713,2.018286359061676,22.887994466585496,23.493480374304,23.054228946192755,24.32346898092196,operational_mild
predictive_consensus_greedy,52,inside-out/active/bruhl/2025-03-02/ping-frntdeu1-2a0d:3341:b100:1e99::1-10ms-1h-2025-03-02-02-00-00.txt,bruhl,active,20.13179845708775,22.22624908603461,20.596300893743795,1.629948192290815,0,1,282.709,22.31604678120675,24.081897735595703,22.479211148605955,0.47211985611935886,1.7658509543889522,22.934094615242884,23.46384990155957,23.490650970091,24.29778492639399,operational_mild
predictive_consensus_greedy,53,inside-out/active/bruhl/2025-03-02/ping-frntdeu1-2a0d:3341:b100:1e99::1-10ms-1h-2025-03-02-02-00-00.txt,bruhl,active,22.22624908603461,28.69517554334846,20.62198079838302,8.073194744965438,0,1,280.333,22.895490925344347,23.940092086791992,22.88052913088544,0.2098762583139292,1.0446011614476447,23.261101331851023,23.574481680285317,23.8567643973428,24.49776986915199,operational_mild
predictive_consensus_greedy,54,inside-out/active/bruhl/2025-03-02/ping-frntdeu1-2a0d:3341:b100:1e99::1-10ms-1h-2025-03-02-03-00-00.txt,bruhl,active,22.932286555446517,23.190108503658845,21.13926191696566,2.0508465866931864,0,1,277.541,23.781753565668623,24.337907791137695,23.969972593599973,0.2340101904935365,0.5561542254690721,23.9764075445828,24.14325381222352,25.07494580508529,25.128334803385588,operational_mild
predictive_consensus_greedy,55,inside-out/active/bruhl/2025-03-02/ping-frntdeu1-2a0d:3341:b100:1e99::1-10ms-1h-2025-03-02-09-00-00.txt,bruhl,active,23.170796019900497,21.538257768721344,20.780806331931736,0.7574514367896086,0,1,274.458,22.937509793999197,24.5684757232666,23.0018101321282,0.3111506013495955,1.6309659292674041,23.50834786924279,23.997637648023012,23.974802497502772,24.900363655312127,operational_mild
predictive_consensus_greedy,56,inside-out/active/bruhl/2025-03-01/ping-frntdeu1-2a0d:3341:b100:1e99::1-10ms-1h-2025-03-01-11-00-00.txt,bruhl,active,22.01310262529833,25.01591978212429,21.458488196885988,3.5574315852383016,0,1,281.625,23.204629161735284,24.23973846435547,23.11536260054024,0.2602601086087341,1.0351093026201852,23.56691741765235,23.877450208438404,24.02544352911854,24.695846985822172,operational_mild
predictive_consensus_greedy,57,inside-out/active/bruhl/2025-03-02/ping-frntdeu1-2a0d:3341:b100:1e99::1-10ms-1h-2025-03-02-01-00-00.txt,bruhl,active,22.1087841191067,23.286052894211576,20.59482673267327,2.6912261615383066,0,1,327.792,22.831931665656157,24.292871475219727,22.912560658814858,0.2619626290707997,1.4609398095635697,23.343260599003408,23.78154254187248,23.83910605678355,24.657709948994427,operational_mild
predictive_consensus_greedy,58,inside-out/active/bruhl/2025-03-02/ping-frntdeu1-2a0d:3341:b100:1e99::1-10ms-1h-2025-03-02-05-00-00.txt,bruhl,active,23.65328915071183,22.933486590038314,20.75279534530736,2.180691244730955,0,1,279.5,23.55968472225686,25.068239212036133,23.7780632502907,0.31892119607975705,1.5085544897792715,24.087678793679608,24.54024514061339,25.058875492088877,25.732721934329675,operational_mild
predictive_consensus_greedy,59,inside-out/active/bruhl/2025-03-02/ping-frntdeu1-2a0d:3341:b100:1e99::1-10ms-1h-2025-03-02-09-00-00.txt,bruhl,active,20.75279534530736,19.0,19.0,0.0,1,1,278.0,22.61433853746894,23.989028930664062,22.904697090882095,0.44655537023314473,1.3746903931951238,23.095480175087232,23.50788729304577,23.911523072313305,24.31726578612163,operational_mild
ensemble_uncertainty_selector,47,inside-out/active/brisbane/2025-03-29/ping--2406:2d40:4600:8118::1-10ms-1h-2025-03-29-02-00-00.txt,brisbane,active,27.7485584941625,35.6140397672163,35.6140397672163,0.0,1,1,164.833,32.79760863012416,34.51975631713867,33.247631837150806,1.4119031577208576,1.7221476870145125,33.40036032057924,33.91700462668359,35.54962367767588,35.33228386761947,operational_mild
ensemble_uncertainty_selector,48,inside-out/active/brisbane/2025-03-29/ping--2406:2d40:4600:8118::1-10ms-1h-2025-03-29-02-00-00.txt,brisbane,active,35.6140397672163,27.973393160320157,27.973393160320157,0.0,1,1,147.583,34.57739027834032,32.53414535522461,34.22440911452741,0.9016912883018303,2.043244923115708,33.86225455524982,34.47522803218453,36.05942884590263,36.65560175889123,operational_mild
ensemble_uncertainty_selector,49,inside-out/active/brisbane/2025-03-29/ping--2406:2d40:4600:8118::1-10ms-1h-2025-03-29-02-00-00.txt,brisbane,active,27.973393160320157,35.63712515489467,35.63712515489467,0.0,1,1,144.916,32.0355085041283,33.90182113647461,31.941626787771934,0.23647622895533565,1.8663126323463075,32.68871792544951,33.2486117151534,33.5025478144276,34.818806833327194,operational_mild
ensemble_uncertainty_selector,50,inside-out/active/bruhl/2025-03-01/ping-frntdeu1-2a0d:3341:b100:1e99::1-10ms-1h-2025-03-01-00-00-00.txt,bruhl,active,21.97667011910927,24.668115222249813,20.458820551759047,4.209294670490767,0,1,282.208,22.24080504289668,27.11216926574707,22.405977216915087,0.20811139382877367,4.871364222850389,23.94578252089432,25.407191787749436,23.290258950573634,26.62252639832144,operational_mild
ensemble_uncertainty_selector,51,inside-out/active/bruhl/2025-03-02/ping-frntdeu1-2a0d:3341:b100:1e99::1-10ms-1h-2025-03-02-04-00-00.txt,bruhl,active,20.458820551759047,23.986740467404672,20.069478908188582,3.91726155921609,0,1,289.083,22.18159424091391,24.199880599975586,22.17130476630839,0.33968561223009713,2.018286359061676,22.887994466585496,23.493480374304,23.054228946192755,24.32346898092196,operational_mild
ensemble_uncertainty_selector,52,inside-out/active/bruhl/2025-03-02/ping-frntdeu1-2a0d:3341:b100:1e99::1-10ms-1h-2025-03-02-02-00-00.txt,bruhl,active,20.13179845708775,22.22624908603461,20.596300893743795,1.629948192290815,0,1,280.875,22.31604678120675,24.081897735595703,22.479211148605955,0.47211985611935886,1.7658509543889522,22.934094615242884,23.46384990155957,23.490650970091,24.29778492639399,operational_mild
ensemble_uncertainty_selector,53,inside-out/active/bruhl/2025-03-02/ping-frntdeu1-2a0d:3341:b100:1e99::1-10ms-1h-2025-03-02-02-00-00.txt,bruhl,active,22.22624908603461,28.69517554334846,20.62198079838302,8.073194744965438,0,1,285.416,22.895490925344347,23.940092086791992,22.88052913088544,0.2098762583139292,1.0446011614476447,23.261101331851023,23.574481680285317,23.8567643973428,24.49776986915199,operational_mild
ensemble_uncertainty_selector,54,inside-out/active/bruhl/2025-03-01/ping-frntdeu1-2a0d:3341:b100:1e99::1-10ms-1h-2025-03-01-11-00-00.txt,bruhl,active,20.62198079838302,22.029937076476283,21.13926191696566,0.890675159510625,0,1,283.917,22.53874366103628,25.39358139038086,22.314335624990594,0.37534332390701897,2.854837729344581,23.537936866306882,24.394388185110255,23.28025649295003,25.364285333073887,operational_mild
ensemble_uncertainty_selector,55,inside-out/active/bruhl/2025-03-02/ping-frntdeu1-2a0d:3341:b100:1e99::1-10ms-1h-2025-03-02-01-00-00.txt,bruhl,active,21.65060613876709,20.780806331931736,20.780806331931736,0.0,1,1,282.916,22.388744793292062,25.458209991455078,22.761706494599515,0.2998772142391139,3.069465198163016,23.463057612649116,24.38389717209802,23.719550362256303,25.423779648891774,operational_mild
ensemble_uncertainty_selector,56,inside-out/active/bruhl/2025-03-02/ping-frntdeu1-2a0d:3341:b100:1e99::1-10ms-1h-2025-03-02-00-00-00.txt,bruhl,active,20.869075504610016,21.458488196885988,21.458488196885988,0.0,1,1,277.833,22.91255665155404,25.863170623779297,22.933490798128748,0.24674302393829228,2.9506139722252556,23.94527154183288,24.830455733500457,23.73197033834406,25.738939402984574,operational_mild
ensemble_uncertainty_selector,57,inside-out/active/bruhl/2025-03-02/ping-frntdeu1-2a0d:3341:b100:1e99::1-10ms-1h-2025-03-02-01-00-00.txt,bruhl,active,22.1087841191067,23.286052894211576,20.59482673267327,2.6912261615383066,0,1,274.833,22.831931665656157,24.292871475219727,22.912560658814858,0.2619626290707997,1.4609398095635697,23.343260599003408,23.78154254187248,23.83910605678355,24.657709948994427,operational_mild
ensemble_uncertainty_selector,58,inside-out/active/bruhl/2025-03-02/ping-frntdeu1-2a0d:3341:b100:1e99::1-10ms-1h-2025-03-02-00-00-00.txt,bruhl,active,21.655938697318007,25.23721722208708,20.75279534530736,4.48442187677972,0,1,273.042,22.39887959891712,26.247209548950195,22.500418654947055,0.3003509647650503,3.848329950033076,23.745795081428696,24.90029406643862,23.41690162437287,25.976346807293954,operational_mild
ensemble_uncertainty_selector,59,inside-out/active/bruhl/2025-03-02/ping-frntdeu1-2a0d:3341:b100:1e99::1-10ms-1h-2025-03-02-09-00-00.txt,bruhl,active,20.75279534530736,19.0,19.0,0.0,1,1,274.375,22.61433853746894,23.989028930664062,22.904697090882095,0.44655537023314473,1.3746903931951238,23.095480175087232,23.50788729304577,23.911523072313305,24.31726578612163,operational_mild
disagreement_aware_selector,47,inside-out/active/brisbane/2025-03-29/ping--2406:2d40:4600:8118::1-10ms-1h-2025-03-29-02-00-00.txt,brisbane,active,27.7485584941625,35.6140397672163,35.6140397672163,0.0,1,1,151.75,32.79760863012416,34.51975631713867,33.247631837150806,1.4119031577208576,1.7221476870145125,33.40036032057924,33.91700462668359,35.54962367767588,35.33228386761947,operational_mild
disagreement_aware_selector,48,inside-out/active/brisbane/2025-03-29/ping--2406:2d40:4600:8118::1-10ms-1h-2025-03-29-02-00-00.txt,brisbane,active,35.6140397672163,27.973393160320157,27.973393160320157,0.0,1,1,152.709,34.57739027834032,32.53414535522461,34.22440911452741,0.9016912883018303,2.043244923115708,33.86225455524982,34.47522803218453,36.05942884590263,36.65560175889123,operational_mild
disagreement_aware_selector,49,inside-out/active/brisbane/2025-03-29/ping--2406:2d40:4600:8118::1-10ms-1h-2025-03-29-02-00-00.txt,brisbane,active,27.973393160320157,35.63712515489467,35.63712515489467,0.0,1,1,142.208,32.0355085041283,33.90182113647461,31.941626787771934,0.23647622895533565,1.8663126323463075,32.68871792544951,33.2486117151534,33.5025478144276,34.818806833327194,operational_mild
disagreement_aware_selector,50,inside-out/active/bruhl/2025-03-02/ping-frntdeu1-2a0d:3341:b100:1e99::1-10ms-1h-2025-03-02-04-00-00.txt,bruhl,active,21.287345995893222,20.458820551759047,20.458820551759047,0.0,1,1,279.334,22.430010481271893,26.336669921875,22.69662879585213,0.32261205524430625,3.906659440603107,23.79734128548298,24.96933911766391,23.675473894237022,26.09689111867588,operational_mild
disagreement_aware_selector,51,inside-out/active/bruhl/2025-03-02/ping-frntdeu1-2a0d:3341:b100:1e99::1-10ms-1h-2025-03-02-04-00-00.txt,bruhl,active,20.458820551759047,23.986740467404672,20.069478908188582,3.91726155921609,0,1,293.375,22.18159424091391,24.199880599975586,22.17130476630839,0.33968561223009713,2.018286359061676,22.887994466585496,23.493480374304,23.054228946192755,24.32346898092196,operational_mild
disagreement_aware_selector,52,inside-out/active/bruhl/2025-03-02/ping-frntdeu1-2a0d:3341:b100:1e99::1-10ms-1h-2025-03-02-02-00-00.txt,bruhl,active,20.13179845708775,22.22624908603461,20.596300893743795,1.629948192290815,0,1,285.292,22.31604678120675,24.081897735595703,22.479211148605955,0.47211985611935886,1.7658509543889522,22.934094615242884,23.46384990155957,23.490650970091,24.29778492639399,operational_mild
disagreement_aware_selector,53,inside-out/active/bruhl/2025-03-02/ping-frntdeu1-2a0d:3341:b100:1e99::1-10ms-1h-2025-03-02-02-00-00.txt,bruhl,active,22.22624908603461,28.69517554334846,20.62198079838302,8.073194744965438,0,1,280.0,22.895490925344347,23.940092086791992,22.88052913088544,0.2098762583139292,1.0446011614476447,23.261101331851023,23.574481680285317,23.8567643973428,24.49776986915199,operational_mild
disagreement_aware_selector,54,inside-out/active/bruhl/2025-03-02/ping-frntdeu1-2a0d:3341:b100:1e99::1-10ms-1h-2025-03-02-03-00-00.txt,bruhl,active,22.932286555446517,23.190108503658845,21.13926191696566,2.0508465866931864,0,1,285.417,23.781753565668623,24.337907791137695,23.969972593599973,0.2340101904935365,0.5561542254690721,23.9764075445828,24.14325381222352,25.07494580508529,25.128334803385588,operational_mild
disagreement_aware_selector,55,inside-out/active/bruhl/2025-03-02/ping-frntdeu1-2a0d:3341:b100:1e99::1-10ms-1h-2025-03-02-09-00-00.txt,bruhl,active,23.170796019900497,21.538257768721344,20.780806331931736,0.7574514367896086,0,1,279.5,22.937509793999197,24.5684757232666,23.0018101321282,0.3111506013495955,1.6309659292674041,23.50834786924279,23.997637648023012,23.974802497502772,24.900363655312127,operational_mild
disagreement_aware_selector,56,inside-out/active/bruhl/2025-03-01/ping-frntdeu1-2a0d:3341:b100:1e99::1-10ms-1h-2025-03-01-11-00-00.txt,bruhl,active,22.01310262529833,25.01591978212429,21.458488196885988,3.5574315852383016,0,1,279.792,23.204629161735284,24.23973846435547,23.11536260054024,0.2602601086087341,1.0351093026201852,23.56691741765235,23.877450208438404,24.02544352911854,24.695846985822172,operational_mild
disagreement_aware_selector,57,inside-out/active/bruhl/2025-03-02/ping-frntdeu1-2a0d:3341:b100:1e99::1-10ms-1h-2025-03-02-01-00-00.txt,bruhl,active,22.1087841191067,23.286052894211576,20.59482673267327,2.6912261615383066,0,1,279.708,22.831931665656157,24.292871475219727,22.912560658814858,0.2619626290707997,1.4609398095635697,23.343260599003408,23.78154254187248,23.83910605678355,24.657709948994427,operational_mild
disagreement_aware_selector,58,inside-out/active/bruhl/2025-03-02/ping-frntdeu1-2a0d:3341:b100:1e99::1-10ms-1h-2025-03-02-09-00-00.txt,bruhl,active,20.59482673267327,20.75279534530736,20.75279534530736,0.0,1,1,275.959,23.154234480667583,25.691926956176758,23.084871402982223,0.34120423947792666,2.537692475509175,24.042426847095793,24.803734589748547,24.0100426029113,25.726771857620093,operational_mild
disagreement_aware_selector,59,inside-out/active/bruhl/2025-03-02/ping-frntdeu1-2a0d:3341:b100:1e99::1-10ms-1h-2025-03-02-09-00-00.txt,bruhl,active,20.75279534530736,19.0,19.0,0.0,1,1,272.083,22.61433853746894,23.989028930664062,22.904697090882095,0.44655537023314473,1.3746903931951238,23.095480175087232,23.50788729304577,23.911523072313305,24.31726578612163,operational_mild
random,47,inside-out/active/brisbane/2025-03-29/ping--2406:2d40:4600:8118::1-10ms-1h-2025-03-29-02-00-00.txt,brisbane,active,62.3717469219675,70.23722819502129,70.23722819502129,0.0,1,0,201.708,31.450242852450174,34.616790771484375,40.04624146490427,5.938879795537512,3.166547919034201,32.55853462411214,33.5084989998224,46.64737731959559,35.97212979976401,operational_moderate
random,48,inside-out/active/brisbane/2025-03-29/ping--2406:2d40:4600:8118::1-10ms-1h-2025-03-29-02-00-00.txt,brisbane,active,64.31612151358051,56.67547490668437,56.67547490668437,0.0,1,1,157.125,32.47668857564713,37.390830993652344,39.20037772139566,5.240114216926138,4.914142418005213,34.196638421948954,35.67088114735052,45.01151416483941,38.04334616990019,operational_moderate
random,49,inside-out/active/brisbane/2025-03-29/ping--2406:2d40:4600:8118::1-10ms-1h-2025-03-29-02-00-00.txt,brisbane,active,62.543281698229144,70.20701369280366,70.20701369280366,0.0,1,0,148.333,30.796722550481718,35.151187896728516,38.80122186299023,6.846696848226036,4.354465346246798,32.3207854216681,33.627125025542135,46.19510859561169,36.32143565661875,operational_moderate
random,50,inside-out/active/brisbane/2025-03-30/ping--2406:2d40:4600:8118::1-10ms-1h-2025-03-30-14-00-00.txt,brisbane,active,41.56910290882425,38.12887029288703,20.572501897293193,17.556368395593836,0,1,299.917,37.99636981672484,31.777734756469727,38.7525646371208,0.4485675846456944,6.21863506025511,35.819847545635554,37.685438063712084,40.54488441115488,42.250649679389454,operational_moderate
random,51,inside-out/active/brisbane/2025-03-21/ping-sydyaus1-2406:2d40:4600:8118::1-10ms-1h-2025-03-21-08-00-00.txt,brisbane,active,30.144794877875267,31.51180555555555,20.069478908188582,11.442326647366968,0,1,290.417,36.31464726534978,32.3895378112793,36.37786023165009,1.4237511148162592,3.92510945407048,34.94085895642511,36.11839179264626,38.38699413154748,39.02226708346669,operational_moderate
random,52,inside-out/active/bruhl/2025-03-01/ping-frntdeu1-2a0d:3341:b100:1e99::1-10ms-1h-2025-03-01-04-00-00.txt,bruhl,active,23.018295426143464,20.8537343358396,20.8537343358396,0.0,1,1,283.625,23.566219117752553,26.93269920349121,23.582993621223732,0.19310035853936677,3.366480085738658,24.744487147761085,25.754431173482683,24.523324431903806,26.886584723832094,operational_moderate
random,53,inside-out/active/bruhl/2025-03-02/ping-frntdeu1-2a0d:3341:b100:1e99::1-10ms-1h-2025-03-02-07-00-00.txt,bruhl,active,55.22141649162944,57.536118820557235,20.63209197700575,36.904026843551485,0,1,282.166,22.82254748756168,28.432161331176758,30.493439465945464,6.757853908641295,5.6096138436150795,24.785912332826953,26.468796485911476,37.442970903872514,28.910898876719063,operational_moderate
random,54,inside-out/active/brisbane/2025-03-30/ping--2406:2d40:4600:8118::1-10ms-1h-2025-03-30-02-00-00.txt,brisbane,active,38.62191610821544,39.81591350826045,21.13926191696566,18.676651591294792,0,1,280.875,38.26489834480526,32.37812805175781,38.12592867525632,0.6589554710178891,5.886770293047448,36.20452874223865,37.97055983015289,40.23073893836406,42.524538636520944,operational_moderate
random,55,inside-out/active/bruhl/2025-03-01/ping-frntdeu1-2a0d:3341:b100:1e99::1-10ms-1h-2025-03-01-19-00-00.txt,bruhl,active,56.33418730521787,59.633905316203965,20.780806331931736,38.85309898427223,0,1,279.208,23.21733805407166,27.037372589111328,30.817481059451065,6.3940851404818915,3.8200345350396674,24.554350141335547,25.70036050184745,37.39113012015476,27.86044916069369,operational_moderate
random,56,inside-out/active/brisbane/2025-03-30/ping--2406:2d40:4600:8118::1-10ms-1h-2025-03-30-14-00-00.txt,brisbane,active,69.09311434564336,62.66089580772525,21.17579214195184,41.48510366577341,0,0,287.125,36.257966011320605,34.50712585449219,44.259617154821136,6.5957166575174915,1.750840156828417,35.64517195643066,36.170424003479184,51.21826844116632,39.05770787510046,operational_moderate
random,57,inside-out/active/bruhl/2025-03-01/ping-frntdeu1-2a0d:3341:b100:1e99::1-10ms-1h-2025-03-01-08-00-00.txt,bruhl,active,21.17579214195184,21.670523345305284,20.59482673267327,1.075696612632015,0,1,285.0,23.24814187551783,27.04966163635254,23.18937864189399,0.3241676883929413,3.801519760834708,24.57867379180998,25.71912972006039,23.990492363639152,26.65726965159432,operational_moderate
random,58,inside-out/active/bruhl/2025-03-02/ping-frntdeu1-2a0d:3341:b100:1e99::1-10ms-1h-2025-03-02-11-00-00.txt,bruhl,active,50.168375791708954,50.333822034668756,20.7749491353001,29.558872899368655,0,1,278.583,21.17035600487361,26.997604370117188,28.06459527616944,5.500609218695083,5.827248365243577,23.20989293270886,24.958067442281934,33.75103401300043,27.101774101615963,operational_moderate
random,59,inside-out/active/bruhl/2025-03-01/ping-frntdeu1-2a0d:3341:b100:1e99::1-10ms-1h-2025-03-01-08-00-00.txt,bruhl,active,26.699448621553884,24.6,19.0,5.600000000000001,0,1,293.667,23.449451307409618,26.192413330078125,23.65853064460366,0.492257585785379,2.7429620226685074,24.409488015343594,25.232376622144148,24.683658269062814,26.162607259531118,operational_moderate
best_historical_path,47,inside-out/active/brisbane/2025-03-29/ping--2406:2d40:4600:8118::1-10ms-1h-2025-03-29-02-00-00.txt,brisbane,active,62.3717469219675,70.23722819502129,70.23722819502129,0.0,1,0,170.0,31.450242852450174,34.616790771484375,40.04624146490427,5.938879795537512,3.166547919034201,32.55853462411214,33.5084989998224,46.64737731959559,35.97212979976401,operational_moderate
best_historical_path,48,inside-out/active/brisbane/2025-03-29/ping--2406:2d40:4600:8118::1-10ms-1h-2025-03-29-02-00-00.txt,brisbane,active,64.31612151358051,56.67547490668437,56.67547490668437,0.0,1,1,223.875,32.47668857564713,37.390830993652344,39.20037772139566,5.240114216926138,4.914142418005213,34.196638421948954,35.67088114735052,45.01151416483941,38.04334616990019,operational_moderate
best_historical_path,49,inside-out/active/brisbane/2025-03-29/ping--2406:2d40:4600:8118::1-10ms-1h-2025-03-29-02-00-00.txt,brisbane,active,62.543281698229144,70.20701369280366,70.20701369280366,0.0,1,0,167.625,30.796722550481718,35.151187896728516,38.80122186299023,6.846696848226036,4.354465346246798,32.3207854216681,33.627125025542135,46.19510859561169,36.32143565661875,operational_moderate
best_historical_path,50,inside-out/active/bruhl/2025-03-01/ping-frntdeu1-2a0d:3341:b100:1e99::1-10ms-1h-2025-03-01-06-00-00.txt,bruhl,active,29.000200904068308,23.43732081067721,20.572501897293193,2.864818913384017,0,1,548.5,24.980731350775386,27.13309669494629,25.36167342504534,0.3943925375140015,2.152365344170903,25.734059221235203,26.379768824486472,27.165297214650277,28.102834745372995,operational_moderate
best_historical_path,51,inside-out/active/bruhl/2025-03-01/ping-frntdeu1-2a0d:3341:b100:1e99::1-10ms-1h-2025-03-01-06-00-00.txt,bruhl,active,23.43732081067721,26.1508004002001,20.069478908188582,6.081321492011519,0,1,341.167,24.690011990211133,29.015430450439453,24.669230708100102,0.19904006637992386,4.32541846022832,26.203908451291046,27.50153398935954,25.62707005210646,28.742635129603787,operational_moderate
best_historical_path,52,inside-out/active/bruhl/2025-03-01/ping-frntdeu1-2a0d:3341:b100:1e99::1-10ms-1h-2025-03-01-06-00-00.txt,bruhl,active,26.1508004002001,30.21637515842839,20.8537343358396,9.36264082258879,0,1,346.667,25.401950750354445,28.420269012451172,25.52654775395102,0.1901346263127516,3.0183182620967273,26.458362142088298,27.363857620717315,26.6347797994276,28.631320522669007,operational_moderate
best_historical_path,53,inside-out/active/bruhl/2025-03-01/ping-frntdeu1-2a0d:3341:b100:1e99::1-10ms-1h-2025-03-01-06-00-00.txt,bruhl,active,30.21637515842839,36.54894357444693,20.63209197700575,15.91685159744118,0,1,282.209,26.165977529864904,27.41096305847168,26.21376582352926,0.3068356194495669,1.244985528606776,26.601722464877277,26.97521812345931,27.95587206018616,28.61169619838971,operational_moderate
best_historical_path,54,inside-out/active/bruhl/2025-03-01/ping-frntdeu1-2a0d:3341:b100:1e99::1-10ms-1h-2025-03-01-06-00-00.txt,bruhl,active,68.19084039484002,56.93751002794027,21.13926191696566,35.79824811097461,0,1,282.584,26.709144783777447,27.419248580932617,34.64623233890972,6.535580907260878,0.7101037971551705,26.957681112781756,27.170712251928308,42.742678358752734,30.436482971041176,operational_moderate
best_historical_path,55,inside-out/active/bruhl/2025-03-01/ping-frntdeu1-2a0d:3341:b100:1e99::1-10ms-1h-2025-03-01-06-00-00.txt,bruhl,active,57.603463739578466,55.5571459584837,20.780806331931736,34.776339626551966,0,1,277.959,23.960250463729608,27.404367446899414,32.31830211894325,6.64686696536192,3.444116983169806,25.16569140783904,26.198926502789984,39.193614264999226,28.433500123141503,operational_moderate
best_historical_path,56,inside-out/active/bruhl/2025-03-01/ping-frntdeu1-2a0d:3341:b100:1e99::1-10ms-1h-2025-03-01-06-00-00.txt,bruhl,active,23.24929542645241,23.121542288557215,21.17579214195184,1.945750146605377,0,1,278.667,25.951250727794104,30.10365867614746,26.364264108438626,0.4510828515223933,4.152407948353357,27.404593509717778,28.650315894223784,27.33666474841124,29.699645190389944,operational_moderate
best_historical_path,57,inside-out/active/bruhl/2025-03-01/ping-frntdeu1-2a0d:3341:b100:1e99::1-10ms-1h-2025-03-01-06-00-00.txt,bruhl,active,57.4180559680148,63.18926314105127,20.59482673267327,42.594436408378,0,0,278.166,23.98260922316149,28.469512939453125,32.187643174384334,6.595009340682131,4.486903716291636,25.55302552386356,26.89909663875105,38.98061181083814,29.19449864132242,operational_moderate
best_historical_path,58,inside-out/active/bruhl/2025-03-01/ping-frntdeu1-2a0d:3341:b100:1e99::1-10ms-1h-2025-03-01-06-00-00.txt,bruhl,active,28.892749461593684,27.91916948334138,20.7749491353001,7.14422034804128,0,1,275.166,26.19971711340804,27.992341995239258,26.334536620502945,0.515433610191548,1.792624881831216,26.827135822048966,27.36492328659833,27.57408372683641,28.397157673471256,operational_moderate
best_historical_path,59,inside-out/active/bruhl/2025-03-02/ping-frntdeu1-2a0d:3341:b100:1e99::1-10ms-1h-2025-03-02-05-00-00.txt,bruhl,active,22.933486590038314,27.2,19.0,8.2,0,1,275.0,22.94273458322823,25.999130249023438,23.403493481518197,0.39784307861027374,3.0563956657952076,24.012473066256554,24.929391765995117,24.622384696818855,26.155540238917588,operational_moderate
highest_reply_availability,47,inside-out/active/brisbane/2025-03-29/ping--2406:2d40:4600:8118::1-10ms-1h-2025-03-29-02-00-00.txt,brisbane,active,62.3717469219675,70.23722819502129,70.23722819502129,0.0,1,0,159.791,31.450242852450174,34.616790771484375,40.04624146490427,5.938879795537512,3.166547919034201,32.55853462411214,33.5084989998224,46.64737731959559,35.97212979976401,operational_moderate
highest_reply_availability,48,inside-out/active/brisbane/2025-03-29/ping--2406:2d40:4600:8118::1-10ms-1h-2025-03-29-02-00-00.txt,brisbane,active,64.31612151358051,56.67547490668437,56.67547490668437,0.0,1,1,148.917,32.47668857564713,37.390830993652344,39.20037772139566,5.240114216926138,4.914142418005213,34.196638421948954,35.67088114735052,45.01151416483941,38.04334616990019,operational_moderate
highest_reply_availability,49,inside-out/active/brisbane/2025-03-29/ping--2406:2d40:4600:8118::1-10ms-1h-2025-03-29-02-00-00.txt,brisbane,active,62.543281698229144,70.20701369280366,70.20701369280366,0.0,1,0,144.583,30.796722550481718,35.151187896728516,38.80122186299023,6.846696848226036,4.354465346246798,32.3207854216681,33.627125025542135,46.19510859561169,36.32143565661875,operational_moderate
highest_reply_availability,50,inside-out/active/bruhl/2025-03-02/ping-frntdeu1-2a0d:3341:b100:1e99::1-10ms-1h-2025-03-02-12-00-00.txt,bruhl,active,26.027478622602263,28.21679980634229,20.572501897293193,7.644297909049097,0,1,284.5,26.477979052840965,29.19913673400879,26.54499462530747,0.45610467517559133,2.721157681167824,27.4303842412497,28.24673154560005,27.535522976127464,29.167297158155133,operational_moderate
highest_reply_availability,51,inside-out/active/brisbane/2025-03-20/ping-sydyaus1-2406:2d40:4600:8118::1-10ms-1h-2025-03-20-20-00-00.txt,brisbane,active,29.969971484974774,38.223700092850514,20.069478908188582,18.15422118466193,0,1,281.042,35.915311603497685,32.121498107910156,36.12781853087178,0.5710386868155797,3.7938134955875285,34.58747688004205,35.72562092871831,37.77836187771411,38.84479200824272,operational_moderate
highest_reply_availability,52,inside-out/active/brisbane/2025-03-20/ping-sydyaus1-2406:2d40:4600:8118::1-10ms-1h-2025-03-20-20-00-00.txt,brisbane,active,38.223700092850514,34.94806936416185,20.8537343358396,14.094335028322252,0,1,279.125,37.89978947487907,38.853797912597656,38.27732007231792,0.6310915707575255,0.9540084377185849,38.23369242808057,38.51989495939615,39.71629174991499,39.58094880269692,operational_moderate
highest_reply_availability,53,inside-out/active/brisbane/2025-03-20/ping-sydyaus1-2406:2d40:4600:8118::1-10ms-1h-2025-03-20-20-00-00.txt,brisbane,active,34.94806936416185,34.46817436137802,20.63209197700575,13.836082384372268,0,1,276.875,37.557673406252434,35.705257415771484,36.85121805152273,1.157819068285061,1.8524159904809494,36.9093278095841,37.465052606728385,38.88382144008394,39.555499689316285,operational_moderate
highest_reply_availability,54,inside-out/active/brisbane/2025-03-31/ping--2406:2d40:4600:8118::1-10ms-1h-2025-03-31-14-00-00.txt,brisbane,active,32.44623680587426,34.209611650485435,21.13926191696566,13.070349733519777,0,1,277.458,36.86156102215682,33.38893508911133,36.62650267553336,0.36013482016521337,3.4726259330454923,35.6461419455909,36.687929725504546,38.13196155675908,39.659600458129106,operational_moderate
highest_reply_availability,55,inside-out/active/brisbane/2025-03-23/ping--2406:2d40:4600:8118::1-10ms-1h-2025-03-23-14-00-00.txt,brisbane,active,34.60674931129476,31.94137931034483,20.780806331931736,11.160572978413093,0,1,275.958,36.937741253097556,37.149879455566406,37.02792923404753,0.3671123801150128,0.21213820246885007,37.011989623961654,37.07563108470231,38.541940637780556,38.33552202359596,operational_moderate
highest_reply_availability,56,inside-out/active/brisbane/2025-03-31/ping--2406:2d40:4600:8118::1-10ms-1h-2025-03-31-20-00-00.txt,brisbane,active,36.1142340713963,33.584454649827784,21.17579214195184,12.408662507875945,0,1,281.792,38.1764587248872,38.32955551147461,37.770645585069325,0.46029203226368426,0.15309678658741177,38.23004260019279,38.27597163616901,39.24337890073432,39.418795606294985,operational_moderate
highest_reply_availability,57,inside-out/active/brisbane/2025-03-23/ping--2406:2d40:4600:8118::1-10ms-1h-2025-03-23-20-00-00.txt,brisbane,active,30.367749887942622,51.548770002388345,20.59482673267327,30.953943269715076,0,1,274.542,34.605089347231115,34.089378356933594,34.6401455181377,0.42379205243719353,0.5157109902975208,34.42459050062698,34.579303797716236,36.15015818068511,36.02932791608451,operational_moderate
highest_reply_availability,58,inside-out/active/brisbane/2025-03-20/ping-sydyaus1-2406:2d40:4600:8118::1-10ms-1h-2025-03-20-20-00-00.txt,brisbane,active,37.20909303960628,42.084791615890815,20.7749491353001,21.309842480590714,0,1,271.667,36.37439635613009,37.56547164916992,36.081643931723164,0.6316853014834386,1.1910752930398303,36.79127270869403,37.14859529660598,37.882514213162075,38.594809131236296,operational_moderate
highest_reply_availability,59,inside-out/active/brisbane/2025-03-30/ping--2406:2d40:4600:8118::1-10ms-1h-2025-03-30-20-00-00.txt,brisbane,active,40.56218007312614,24.775,19.0,5.774999999999999,0,1,271.083,37.614379657779864,37.28667068481445,37.44250735060564,0.6418544284868178,0.3277089729654108,37.49968151724197,37.59799420913159,39.07228002387756,38.91023054752112,operational_moderate
reactive_greedy,47,inside-out/active/brisbane/2025-03-29/ping--2406:2d40:4600:8118::1-10ms-1h-2025-03-29-02-00-00.txt,brisbane,active,62.3717469219675,70.23722819502129,70.23722819502129,0.0,1,0,154.666,31.450242852450174,34.616790771484375,40.04624146490427,5.938879795537512,3.166547919034201,32.55853462411214,33.5084989998224,46.64737731959559,35.97212979976401,operational_moderate
reactive_greedy,48,inside-out/active/brisbane/2025-03-29/ping--2406:2d40:4600:8118::1-10ms-1h-2025-03-29-02-00-00.txt,brisbane,active,64.31612151358051,56.67547490668437,56.67547490668437,0.0,1,1,265.75,32.47668857564713,37.390830993652344,39.20037772139566,5.240114216926138,4.914142418005213,34.196638421948954,35.67088114735052,45.01151416483941,38.04334616990019,operational_moderate
reactive_greedy,49,inside-out/active/brisbane/2025-03-29/ping--2406:2d40:4600:8118::1-10ms-1h-2025-03-29-02-00-00.txt,brisbane,active,62.543281698229144,70.20701369280366,70.20701369280366,0.0,1,0,182.292,30.796722550481718,35.151187896728516,38.80122186299023,6.846696848226036,4.354465346246798,32.3207854216681,33.627125025542135,46.19510859561169,36.32143565661875,operational_moderate
reactive_greedy,50,inside-out/active/bruhl/2025-03-01/ping-frntdeu1-2a0d:3341:b100:1e99::1-10ms-1h-2025-03-01-02-00-00.txt,bruhl,active,21.08513931888545,20.572501897293193,20.572501897293193,0.0,1,1,360.625,22.27023346495662,27.262298583984375,22.52256884493521,0.28982880549126794,4.992065119027757,24.017456256616335,25.515075792324662,23.371564124934185,26.64590598010796,operational_moderate
reactive_greedy,51,inside-out/active/bruhl/2025-03-01/ping-frntdeu1-2a0d:3341:b100:1e99::1-10ms-1h-2025-03-01-03-00-00.txt,bruhl,active,20.44888777805549,23.379133266533067,20.069478908188582,3.309654358344485,0,1,401.708,23.578342327113205,26.682064056396484,23.616154677762776,0.3269419421983404,3.1037217292832793,24.66464493236235,25.595761451147332,24.363919690566373,26.408692180230506,operational_moderate
reactive_greedy,52,inside-out/active/bruhl/2025-03-01/ping-frntdeu1-2a0d:3341:b100:1e99::1-10ms-1h-2025-03-01-01-00-00.txt,bruhl,active,20.069478908188582,26.109423828125,20.8537343358396,5.2556894922853985,0,1,313.709,22.510293523651853,27.74297332763672,22.621783423953307,0.351164033150341,5.232679803984865,24.341731455046556,25.911535396242016,23.359115000352713,26.90876192817715,operational_moderate
reactive_greedy,53,inside-out/active/bruhl/2025-03-02/ping-frntdeu1-2a0d:3341:b100:1e99::1-10ms-1h-2025-03-02-08-00-00.txt,bruhl,active,20.596300893743795,22.775910780669147,20.63209197700575,2.1438188036633967,0,1,289.875,24.661967429121432,28.33600616455078,24.585793058215707,0.26345277942561945,3.674038735429349,25.947880986521703,27.050092607150507,25.262222683855544,27.896336521764063,operational_moderate
reactive_greedy,54,inside-out/active/bruhl/2025-03-01/ping-frntdeu1-2a0d:3341:b100:1e99::1-10ms-1h-2025-03-01-11-00-00.txt,bruhl,active,20.62198079838302,22.029937076476283,21.13926191696566,0.890675159510625,0,1,292.542,22.53874366103628,26.765762329101562,22.314335624990594,0.37534332390701897,4.227018668065284,24.018200194859126,25.28630579527871,23.133964800548135,26.247129344712516,operational_moderate
reactive_greedy,55,inside-out/active/bruhl/2025-03-02/ping-frntdeu1-2a0d:3341:b100:1e99::1-10ms-1h-2025-03-02-05-00-00.txt,bruhl,active,21.13926191696566,23.040902255639097,20.780806331931736,2.260095923707361,0,1,315.792,22.632307468482395,27.521825790405273,23.010688288799642,0.37777759914515496,4.889518321922878,24.343638881155403,25.810494377732265,24.00101737794316,27.006442099709204,operational_moderate
reactive_greedy,56,inside-out/active/bruhl/2025-03-01/ping-frntdeu1-2a0d:3341:b100:1e99::1-10ms-1h-2025-03-01-00-00-00.txt,bruhl,active,21.02136168058719,22.863147410358565,21.17579214195184,1.6873552684067263,0,1,283.75,23.008665251352795,26.553701400756836,23.436411490978415,0.6055097015515664,3.5450361494040408,24.24942790364421,25.312938748465424,24.46603912598191,26.242937722245646,operational_moderate
reactive_greedy,57,inside-out/active/bruhl/2025-03-01/ping-frntdeu1-2a0d:3341:b100:1e99::1-10ms-1h-2025-03-01-08-00-00.txt,bruhl,active,21.17579214195184,21.670523345305284,20.59482673267327,1.075696612632015,0,1,277.917,23.24814187551783,27.04966163635254,23.18937864189399,0.3241676883929413,3.801519760834708,24.57867379180998,25.71912972006039,23.990492363639152,26.65726965159432,operational_moderate
reactive_greedy,58,inside-out/active/bruhl/2025-03-02/ping-frntdeu1-2a0d:3341:b100:1e99::1-10ms-1h-2025-03-02-03-00-00.txt,bruhl,active,21.611631860126273,21.0371021135727,20.7749491353001,0.2621529782725993,0,1,282.125,24.070255181552056,26.657968521118164,24.06876671461381,0.3233443133268197,2.5877133395661076,24.975954850400193,25.752268852270024,24.82516501673811,26.524930253355823,operational_moderate
reactive_greedy,59,inside-out/active/bruhl/2025-03-02/ping-frntdeu1-2a0d:3341:b100:1e99::1-10ms-1h-2025-03-02-09-00-00.txt,bruhl,active,20.75279534530736,19.0,19.0,0.0,1,1,272.416,22.61433853746894,24.721969604492188,22.904697090882095,0.44655537023314473,2.1076310670232488,23.352009410927074,23.98429873103405,23.78245664068594,24.73790485986536,operational_moderate
predictive_greedy,47,inside-out/active/brisbane/2025-03-29/ping--2406:2d40:4600:8118::1-10ms-1h-2025-03-29-02-00-00.txt,brisbane,active,62.3717469219675,70.23722819502129,70.23722819502129,0.0,1,0,181.917,31.450242852450174,34.616790771484375,40.04624146490427,5.938879795537512,3.166547919034201,32.55853462411214,33.5084989998224,46.64737731959559,35.97212979976401,operational_moderate
predictive_greedy,48,inside-out/active/brisbane/2025-03-29/ping--2406:2d40:4600:8118::1-10ms-1h-2025-03-29-02-00-00.txt,brisbane,active,64.31612151358051,56.67547490668437,56.67547490668437,0.0,1,1,156.708,32.47668857564713,37.390830993652344,39.20037772139566,5.240114216926138,4.914142418005213,34.196638421948954,35.67088114735052,45.01151416483941,38.04334616990019,operational_moderate
predictive_greedy,49,inside-out/active/brisbane/2025-03-29/ping--2406:2d40:4600:8118::1-10ms-1h-2025-03-29-02-00-00.txt,brisbane,active,62.543281698229144,70.20701369280366,70.20701369280366,0.0,1,0,151.125,30.796722550481718,35.151187896728516,38.80122186299023,6.846696848226036,4.354465346246798,32.3207854216681,33.627125025542135,46.19510859561169,36.32143565661875,operational_moderate
predictive_greedy,50,inside-out/active/bruhl/2025-03-02/ping-frntdeu1-2a0d:3341:b100:1e99::1-10ms-1h-2025-03-02-04-00-00.txt,bruhl,active,50.47443810761254,49.64591266347836,20.572501897293193,29.07341076618517,0,1,300.375,20.74977838333689,28.081844329833984,28.062576514415596,5.732734970461302,7.332065946497096,23.31600146461087,25.51562124856,33.94331985636614,27.83001995731427,operational_moderate
predictive_greedy,51,inside-out/active/bruhl/2025-03-02/ping-frntdeu1-2a0d:3341:b100:1e99::1-10ms-1h-2025-03-02-04-00-00.txt,bruhl,active,54.17614810386578,57.7040680195114,20.069478908188582,37.634589111322825,0,1,295.125,21.08102845008034,26.646648406982422,28.93396088420981,6.530611046738907,5.565619956902083,23.02899543499607,24.698681422066695,35.46482393033068,26.88814817882359,operational_moderate
predictive_greedy,52,inside-out/active/bruhl/2025-03-02/ping-frntdeu1-2a0d:3341:b100:1e99::1-10ms-1h-2025-03-02-02-00-00.txt,bruhl,active,52.65159459156929,54.74604522051615,20.8537343358396,33.89231088467655,0,1,287.75,20.73936425447937,26.346588134765625,28.656043767407873,6.696070160418339,5.607223880286256,22.70189261257956,24.384059776665435,35.29349775279165,26.56018352976409,operational_moderate
predictive_greedy,53,inside-out/active/bruhl/2025-03-01/ping-frntdeu1-2a0d:3341:b100:1e99::1-10ms-1h-2025-03-01-11-00-00.txt,bruhl,active,50.251056308080805,49.693734044161815,20.63209197700575,29.061642067156065,0,1,333.375,21.132591578580104,28.53066635131836,28.24763053923199,5.892177403379267,7.398074772738255,23.721917749038493,25.94134018085997,34.701827920603144,28.716211986970503,operational_moderate
predictive_greedy,54,inside-out/active/bruhl/2025-03-02/ping-frntdeu1-2a0d:3341:b100:1e99::1-10ms-1h-2025-03-02-04-00-00.txt,bruhl,active,50.996716657534144,53.53289462748805,21.13926191696566,32.39363271052239,0,1,284.042,20.785536510265956,27.81683349609375,28.159955621485,5.765326397041749,7.031296985827794,23.246490455305683,25.35587955105402,34.13064776715025,27.70570659752074,operational_moderate
predictive_greedy,55,inside-out/active/bruhl/2025-03-01/ping-frntdeu1-2a0d:3341:b100:1e99::1-10ms-1h-2025-03-01-11-00-00.txt,bruhl,active,49.411569649661146,49.3947351984832,20.780806331931736,28.61392886655146,0,1,283.166,20.275938906281226,27.204511642456055,27.200563798360903,5.500617462825514,6.928572736174829,22.700939363942418,24.779511184794867,32.88480532164906,27.03114688458137,operational_moderate
predictive_greedy,56,inside-out/active/bruhl/2025-03-02/ping-frntdeu1-2a0d:3341:b100:1e99::1-10ms-1h-2025-03-02-09-00-00.txt,bruhl,active,48.82571132995146,52.65593855408385,21.17579214195184,31.480146412132015,0,1,281.875,20.597534146219914,28.115402221679688,27.32207012952499,5.378758290210531,7.5178680754597735,23.228787972630833,25.484148395268765,32.82017893994596,27.69997529557781,operational_moderate
predictive_greedy,57,inside-out/active/bruhl/2025-03-01/ping-frntdeu1-2a0d:3341:b100:1e99::1-10ms-1h-2025-03-01-11-00-00.txt,bruhl,active,58.43484229766342,59.50815255805213,20.59482673267327,38.91332582537886,0,1,282.792,21.05027521259217,28.63134765625,29.499908714836806,6.589830777243984,7.581072443657831,23.70365056787241,25.977972300969757,37.41802376560836,29.711821513174105,operational_moderate
predictive_greedy,58,inside-out/active/bruhl/2025-03-02/ping-frntdeu1-2a0d:3341:b100:1e99::1-10ms-1h-2025-03-02-11-00-00.txt,bruhl,active,50.168375791708954,50.333822034668756,20.7749491353001,29.558872899368655,0,1,280.791,21.17035600487361,26.997604370117188,28.06459527616944,5.500609218695083,5.827248365243577,23.20989293270886,24.958067442281934,33.75103401300043,27.101774101615963,operational_moderate
predictive_greedy,59,inside-out/active/bruhl/2025-03-02/ping-frntdeu1-2a0d:3341:b100:1e99::1-10ms-1h-2025-03-02-09-00-00.txt,bruhl,active,20.75279534530736,19.0,19.0,0.0,1,1,466.708,22.61433853746894,24.721969604492188,22.904697090882095,0.44655537023314473,2.1076310670232488,23.352009410927074,23.98429873103405,23.78245664068594,24.73790485986536,operational_moderate
predictive_graph_greedy,47,inside-out/active/brisbane/2025-03-29/ping--2406:2d40:4600:8118::1-10ms-1h-2025-03-29-02-00-00.txt,brisbane,active,62.3717469219675,70.23722819502129,70.23722819502129,0.0,1,0,166.75,31.450242852450174,34.616790771484375,40.04624146490427,5.938879795537512,3.166547919034201,32.55853462411214,33.5084989998224,46.64737731959559,35.97212979976401,operational_moderate
predictive_graph_greedy,48,inside-out/active/brisbane/2025-03-29/ping--2406:2d40:4600:8118::1-10ms-1h-2025-03-29-02-00-00.txt,brisbane,active,64.31612151358051,56.67547490668437,56.67547490668437,0.0,1,1,153.541,32.47668857564713,37.390830993652344,39.20037772139566,5.240114216926138,4.914142418005213,34.196638421948954,35.67088114735052,45.01151416483941,38.04334616990019,operational_moderate
predictive_graph_greedy,49,inside-out/active/brisbane/2025-03-29/ping--2406:2d40:4600:8118::1-10ms-1h-2025-03-29-02-00-00.txt,brisbane,active,62.543281698229144,70.20701369280366,70.20701369280366,0.0,1,0,149.583,30.796722550481718,35.151187896728516,38.80122186299023,6.846696848226036,4.354465346246798,32.3207854216681,33.627125025542135,46.19510859561169,36.32143565661875,operational_moderate
predictive_graph_greedy,50,inside-out/active/bruhl/2025-03-02/ping-frntdeu1-2a0d:3341:b100:1e99::1-10ms-1h-2025-03-02-06-00-00.txt,bruhl,active,21.906589147286823,22.849779843444228,20.572501897293193,2.2772779461510346,0,1,286.834,22.05065590957929,25.062849044799805,22.213429630611564,0.23604912024847588,3.012193135220514,23.10492350690647,24.008581447472626,22.907371538853553,24.826705829050308,operational_moderate
predictive_graph_greedy,51,inside-out/active/bruhl/2025-03-02/ping-frntdeu1-2a0d:3341:b100:1e99::1-10ms-1h-2025-03-02-05-00-00.txt,bruhl,active,20.50941869021339,24.03044018900771,20.069478908188582,3.9609612808191272,0,1,283.75,23.21326429610599,25.38983154296875,23.042002475939913,0.2823267372817183,2.17656724686276,23.975062832507955,24.628033006566785,23.808042560584312,25.399984762936167,operational_moderate
predictive_graph_greedy,52,inside-out/active/bruhl/2025-03-02/ping-frntdeu1-2a0d:3341:b100:1e99::1-10ms-1h-2025-03-02-04-00-00.txt,bruhl,active,23.986740467404672,24.514007976071785,20.8537343358396,3.660273640232184,0,1,286.208,22.876433661458577,26.25014305114746,23.01893452295103,0.18052008276418408,3.3737093896888837,24.057231947849687,25.06934476475635,24.01716687351276,26.26955799221383,operational_moderate
predictive_graph_greedy,53,inside-out/active/bruhl/2025-03-02/ping-frntdeu1-2a0d:3341:b100:1e99::1-10ms-1h-2025-03-02-02-00-00.txt,bruhl,active,22.22624908603461,28.69517554334846,20.63209197700575,8.063083566342709,0,1,285.0,22.895490925344347,25.72986602783203,22.88052913088544,0.2098762583139292,2.8343751024876838,23.887522211215035,24.73783474196134,23.681741890601803,25.665077818191023,operational_moderate
predictive_graph_greedy,54,inside-out/active/bruhl/2025-03-02/ping-frntdeu1-2a0d:3341:b100:1e99::1-10ms-1h-2025-03-02-02-00-00.txt,bruhl,active,60.90842539899266,61.597896838956146,21.13926191696566,40.45863492199049,0,0,284.0,22.594014531012363,26.663206100463867,30.613813377805357,6.268425914499405,4.069191569451505,24.01823158032039,25.23898905115584,37.208466085151976,27.539241479573057,operational_moderate
predictive_graph_greedy,55,inside-out/active/bruhl/2025-03-01/ping-frntdeu1-2a0d:3341:b100:1e99::1-10ms-1h-2025-03-01-03-00-00.txt,bruhl,active,21.662744140625,23.233048933500623,20.780806331931736,2.452242601568887,0,1,282.209,23.34621539994805,25.74081039428711,23.49449484444178,0.4321611096697566,2.3945949943390588,24.18432364796672,24.90270214626844,24.433483948838685,25.757029917846932,operational_moderate
predictive_graph_greedy,56,inside-out/active/bruhl/2025-03-01/ping-frntdeu1-2a0d:3341:b100:1e99::1-10ms-1h-2025-03-01-11-00-00.txt,bruhl,active,22.01310262529833,25.01591978212429,21.17579214195184,3.840127640172451,0,1,282.5,23.204629161735284,26.05791473388672,23.11536260054024,0.2602601086087341,2.853285572151435,24.203279111988287,25.05926478363372,23.872638420005725,25.906674078857794,operational_moderate
predictive_graph_greedy,57,inside-out/active/bruhl/2025-03-01/ping-frntdeu1-2a0d:3341:b100:1e99::1-10ms-1h-2025-03-01-00-00-00.txt,bruhl,active,22.863147410358565,21.582094763092268,20.59482673267327,0.9872680304189991,0,1,278.667,23.649039571859248,25.648605346679688,23.831562737969065,0.32925807837925813,1.9995657748204394,24.3488875930464,24.94875732549253,25.58770707952239,26.657914685743457,operational_moderate
predictive_graph_greedy,58,inside-out/active/bruhl/2025-03-02/ping-frntdeu1-2a0d:3341:b100:1e99::1-10ms-1h-2025-03-02-09-00-00.txt,bruhl,active,51.07436294164265,51.23233155427673,20.7749491353001,30.457382418976632,0,1,277.625,21.443283692542536,25.92217445373535,28.71773703064048,6.2195574820792405,4.478890761192815,23.01089545896002,24.354562687317866,34.94018760208819,26.36023422332543,operational_moderate
predictive_graph_greedy,59,inside-out/active/bruhl/2025-03-02/ping-frntdeu1-2a0d:3341:b100:1e99::1-10ms-1h-2025-03-02-02-00-00.txt,bruhl,active,60.9064400807269,78.5261150807269,19.0,59.526115080726896,0,0,277.708,24.2085881275234,24.208309173583984,31.868202005897235,6.477893096672662,0.0002789539394143503,24.208490493644604,24.208574179826428,39.33890764254567,26.82099947094007,operational_moderate
predictive_simple_fusion_greedy,47,inside-out/active/brisbane/2025-03-29/ping--2406:2d40:4600:8118::1-10ms-1h-2025-03-29-02-00-00.txt,brisbane,active,62.3717469219675,70.23722819502129,70.23722819502129,0.0,1,0,153.667,31.450242852450174,34.616790771484375,40.04624146490427,5.938879795537512,3.166547919034201,32.55853462411214,33.5084989998224,46.64737731959559,35.97212979976401,operational_moderate
predictive_simple_fusion_greedy,48,inside-out/active/brisbane/2025-03-29/ping--2406:2d40:4600:8118::1-10ms-1h-2025-03-29-02-00-00.txt,brisbane,active,64.31612151358051,56.67547490668437,56.67547490668437,0.0,1,1,148.291,32.47668857564713,37.390830993652344,39.20037772139566,5.240114216926138,4.914142418005213,34.196638421948954,35.67088114735052,45.01151416483941,38.04334616990019,operational_moderate
predictive_simple_fusion_greedy,49,inside-out/active/brisbane/2025-03-29/ping--2406:2d40:4600:8118::1-10ms-1h-2025-03-29-02-00-00.txt,brisbane,active,62.543281698229144,70.20701369280366,70.20701369280366,0.0,1,0,145.208,30.796722550481718,35.151187896728516,38.80122186299023,6.846696848226036,4.354465346246798,32.3207854216681,33.627125025542135,46.19510859561169,36.32143565661875,operational_moderate
predictive_simple_fusion_greedy,50,inside-out/active/bruhl/2025-03-02/ping-frntdeu1-2a0d:3341:b100:1e99::1-10ms-1h-2025-03-02-06-00-00.txt,bruhl,active,21.906589147286823,22.849779843444228,20.572501897293193,2.2772779461510346,0,1,281.209,22.05065590957929,25.062849044799805,22.213429630611564,0.23604912024847588,3.012193135220514,23.10492350690647,24.008581447472626,22.907371538853553,24.826705829050308,operational_moderate
predictive_simple_fusion_greedy,51,inside-out/active/bruhl/2025-03-02/ping-frntdeu1-2a0d:3341:b100:1e99::1-10ms-1h-2025-03-02-04-00-00.txt,bruhl,active,54.17614810386578,57.7040680195114,20.069478908188582,37.634589111322825,0,1,279.584,21.08102845008034,26.646648406982422,28.93396088420981,6.530611046738907,5.565619956902083,23.02899543499607,24.698681422066695,35.46482393033068,26.88814817882359,operational_moderate
predictive_simple_fusion_greedy,52,inside-out/active/bruhl/2025-03-02/ping-frntdeu1-2a0d:3341:b100:1e99::1-10ms-1h-2025-03-02-02-00-00.txt,bruhl,active,52.65159459156929,54.74604522051615,20.8537343358396,33.89231088467655,0,1,279.458,20.73936425447937,26.346588134765625,28.656043767407873,6.696070160418339,5.607223880286256,22.70189261257956,24.384059776665435,35.29349775279165,26.56018352976409,operational_moderate
predictive_simple_fusion_greedy,53,inside-out/active/bruhl/2025-03-01/ping-frntdeu1-2a0d:3341:b100:1e99::1-10ms-1h-2025-03-01-01-00-00.txt,bruhl,active,54.17402410702487,52.26553217854145,20.63209197700575,31.6334402015357,0,1,278.5,21.767436107464164,26.93160057067871,28.970072143136463,5.497315923039569,5.164164463214547,23.574893669589258,25.124143008553624,34.76134388446942,27.308844253928356,operational_moderate
predictive_simple_fusion_greedy,54,inside-out/active/bruhl/2025-03-02/ping-frntdeu1-2a0d:3341:b100:1e99::1-10ms-1h-2025-03-02-04-00-00.txt,bruhl,active,50.996716657534144,53.53289462748805,21.13926191696566,32.39363271052239,0,1,278.042,20.785536510265956,27.81683349609375,28.159955621485,5.765326397041749,7.031296985827794,23.246490455305683,25.35587955105402,34.13064776715025,27.70570659752074,operational_moderate
predictive_simple_fusion_greedy,55,inside-out/active/bruhl/2025-03-01/ping-frntdeu1-2a0d:3341:b100:1e99::1-10ms-1h-2025-03-01-11-00-00.txt,bruhl,active,49.411569649661146,49.3947351984832,20.780806331931736,28.61392886655146,0,1,278.958,20.275938906281226,27.204511642456055,27.200563798360903,5.500617462825514,6.928572736174829,22.700939363942418,24.779511184794867,32.88480532164906,27.03114688458137,operational_moderate
predictive_simple_fusion_greedy,56,inside-out/active/bruhl/2025-03-02/ping-frntdeu1-2a0d:3341:b100:1e99::1-10ms-1h-2025-03-02-00-00-00.txt,bruhl,active,50.48358511884294,51.07299781111891,21.17579214195184,29.89720566916707,0,1,529.334,21.111303781695824,26.97463035583496,28.313335633299875,5.9797043749252605,5.863326574139137,23.16346808264452,24.92246605488626,34.28083292953317,26.991517727339527,operational_moderate
predictive_simple_fusion_greedy,57,inside-out/active/bruhl/2025-03-01/ping-frntdeu1-2a0d:3341:b100:1e99::1-10ms-1h-2025-03-01-04-00-00.txt,bruhl,active,57.1361855181784,57.73892105622403,20.59482673267327,37.14409432355076,0,1,308.916,21.30235468498904,27.2076473236084,29.661665364271773,7.051153736956219,5.905292638619358,23.369207108505815,25.140794900091624,36.85051997686367,27.631813473828295,operational_moderate
predictive_simple_fusion_greedy,58,inside-out/active/bruhl/2025-03-02/ping-frntdeu1-2a0d:3341:b100:1e99::1-10ms-1h-2025-03-02-09-00-00.txt,bruhl,active,51.07436294164265,51.23233155427673,20.7749491353001,30.457382418976632,0,1,309.791,21.443283692542536,25.92217445373535,28.71773703064048,6.2195574820792405,4.478890761192815,23.01089545896002,24.354562687317866,34.94018760208819,26.36023422332543,operational_moderate
predictive_simple_fusion_greedy,59,inside-out/active/bruhl/2025-03-02/ping-frntdeu1-2a0d:3341:b100:1e99::1-10ms-1h-2025-03-02-09-00-00.txt,bruhl,active,20.75279534530736,19.0,19.0,0.0,1,1,307.25,22.61433853746894,24.721969604492188,22.904697090882095,0.44655537023314473,2.1076310670232488,23.352009410927074,23.98429873103405,23.78245664068594,24.73790485986536,operational_moderate
predictive_consensus_greedy,47,inside-out/active/brisbane/2025-03-29/ping--2406:2d40:4600:8118::1-10ms-1h-2025-03-29-02-00-00.txt,brisbane,active,62.3717469219675,70.23722819502129,70.23722819502129,0.0,1,0,177.417,31.450242852450174,34.616790771484375,40.04624146490427,5.938879795537512,3.166547919034201,32.55853462411214,33.5084989998224,46.64737731959559,35.97212979976401,operational_moderate
predictive_consensus_greedy,48,inside-out/active/brisbane/2025-03-29/ping--2406:2d40:4600:8118::1-10ms-1h-2025-03-29-02-00-00.txt,brisbane,active,64.31612151358051,56.67547490668437,56.67547490668437,0.0,1,1,160.459,32.47668857564713,37.390830993652344,39.20037772139566,5.240114216926138,4.914142418005213,34.196638421948954,35.67088114735052,45.01151416483941,38.04334616990019,operational_moderate
predictive_consensus_greedy,49,inside-out/active/brisbane/2025-03-29/ping--2406:2d40:4600:8118::1-10ms-1h-2025-03-29-02-00-00.txt,brisbane,active,62.543281698229144,70.20701369280366,70.20701369280366,0.0,1,0,146.667,30.796722550481718,35.151187896728516,38.80122186299023,6.846696848226036,4.354465346246798,32.3207854216681,33.627125025542135,46.19510859561169,36.32143565661875,operational_moderate
predictive_consensus_greedy,50,inside-out/active/bruhl/2025-03-02/ping-frntdeu1-2a0d:3341:b100:1e99::1-10ms-1h-2025-03-02-06-00-00.txt,bruhl,active,21.906589147286823,22.849779843444228,20.572501897293193,2.2772779461510346,0,1,298.625,22.05065590957929,25.062849044799805,22.213429630611564,0.23604912024847588,3.012193135220514,23.10492350690647,24.008581447472626,22.907371538853553,24.826705829050308,operational_moderate
predictive_consensus_greedy,51,inside-out/active/bruhl/2025-03-02/ping-frntdeu1-2a0d:3341:b100:1e99::1-10ms-1h-2025-03-02-05-00-00.txt,bruhl,active,20.50941869021339,24.03044018900771,20.069478908188582,3.9609612808191272,0,1,287.75,23.21326429610599,25.38983154296875,23.042002475939913,0.2823267372817183,2.17656724686276,23.975062832507955,24.628033006566785,23.808042560584312,25.399984762936167,operational_moderate
predictive_consensus_greedy,52,inside-out/active/bruhl/2025-03-02/ping-frntdeu1-2a0d:3341:b100:1e99::1-10ms-1h-2025-03-02-02-00-00.txt,bruhl,active,52.65159459156929,54.74604522051615,20.8537343358396,33.89231088467655,0,1,297.875,20.73936425447937,26.346588134765625,28.656043767407873,6.696070160418339,5.607223880286256,22.70189261257956,24.384059776665435,35.29349775279165,26.56018352976409,operational_moderate
predictive_consensus_greedy,53,inside-out/active/bruhl/2025-03-02/ping-frntdeu1-2a0d:3341:b100:1e99::1-10ms-1h-2025-03-02-02-00-00.txt,bruhl,active,22.22624908603461,28.69517554334846,20.63209197700575,8.063083566342709,0,1,279.459,22.895490925344347,25.72986602783203,22.88052913088544,0.2098762583139292,2.8343751024876838,23.887522211215035,24.73783474196134,23.681741890601803,25.665077818191023,operational_moderate
predictive_consensus_greedy,54,inside-out/active/bruhl/2025-03-02/ping-frntdeu1-2a0d:3341:b100:1e99::1-10ms-1h-2025-03-02-00-00-00.txt,bruhl,active,52.97800826172221,52.56326643766419,21.13926191696566,31.42400452069853,0,1,282.917,21.593888491892358,27.019689559936523,28.867150342561885,5.87477253566379,5.425801068044166,23.492918865707814,25.120659186121063,34.86320503872603,27.253214587341773,operational_moderate
predictive_consensus_greedy,55,inside-out/active/bruhl/2025-03-01/ping-frntdeu1-2a0d:3341:b100:1e99::1-10ms-1h-2025-03-01-11-00-00.txt,bruhl,active,49.411569649661146,49.3947351984832,20.780806331931736,28.61392886655146,0,1,294.209,20.275938906281226,27.204511642456055,27.200563798360903,5.500617462825514,6.928572736174829,22.700939363942418,24.779511184794867,32.88480532164906,27.03114688458137,operational_moderate
predictive_consensus_greedy,56,inside-out/active/bruhl/2025-03-02/ping-frntdeu1-2a0d:3341:b100:1e99::1-10ms-1h-2025-03-02-00-00-00.txt,bruhl,active,50.48358511884294,51.07299781111891,21.17579214195184,29.89720566916707,0,1,285.917,21.111303781695824,26.97463035583496,28.313335633299875,5.9797043749252605,5.863326574139137,23.16346808264452,24.92246605488626,34.28083292953317,26.991517727339527,operational_moderate
predictive_consensus_greedy,57,inside-out/active/bruhl/2025-03-02/ping-frntdeu1-2a0d:3341:b100:1e99::1-10ms-1h-2025-03-02-01-00-00.txt,bruhl,active,22.1087841191067,23.286052894211576,20.59482673267327,2.6912261615383066,0,1,340.75,22.831931665656157,25.979368209838867,22.912560658814858,0.2619626290707997,3.1474365441827103,23.933534456120107,24.87776541937492,23.683054639631067,25.7665310828063,operational_moderate
predictive_consensus_greedy,58,inside-out/active/bruhl/2025-03-02/ping-frntdeu1-2a0d:3341:b100:1e99::1-10ms-1h-2025-03-02-09-00-00.txt,bruhl,active,51.07436294164265,51.23233155427673,20.7749491353001,30.457382418976632,0,1,282.958,21.443283692542536,25.92217445373535,28.71773703064048,6.2195574820792405,4.478890761192815,23.01089545896002,24.354562687317866,34.94018760208819,26.36023422332543,operational_moderate
predictive_consensus_greedy,59,inside-out/active/bruhl/2025-03-02/ping-frntdeu1-2a0d:3341:b100:1e99::1-10ms-1h-2025-03-02-09-00-00.txt,bruhl,active,20.75279534530736,19.0,19.0,0.0,1,1,282.875,22.61433853746894,24.721969604492188,22.904697090882095,0.44655537023314473,2.1076310670232488,23.352009410927074,23.98429873103405,23.78245664068594,24.73790485986536,operational_moderate
ensemble_uncertainty_selector,47,inside-out/active/brisbane/2025-03-29/ping--2406:2d40:4600:8118::1-10ms-1h-2025-03-29-02-00-00.txt,brisbane,active,62.3717469219675,70.23722819502129,70.23722819502129,0.0,1,0,159.667,31.450242852450174,34.616790771484375,40.04624146490427,5.938879795537512,3.166547919034201,32.55853462411214,33.5084989998224,46.64737731959559,35.97212979976401,operational_moderate
ensemble_uncertainty_selector,48,inside-out/active/brisbane/2025-03-29/ping--2406:2d40:4600:8118::1-10ms-1h-2025-03-29-02-00-00.txt,brisbane,active,64.31612151358051,56.67547490668437,56.67547490668437,0.0,1,1,151.041,32.47668857564713,37.390830993652344,39.20037772139566,5.240114216926138,4.914142418005213,34.196638421948954,35.67088114735052,45.01151416483941,38.04334616990019,operational_moderate
ensemble_uncertainty_selector,49,inside-out/active/brisbane/2025-03-29/ping--2406:2d40:4600:8118::1-10ms-1h-2025-03-29-02-00-00.txt,brisbane,active,62.543281698229144,70.20701369280366,70.20701369280366,0.0,1,0,144.084,30.796722550481718,35.151187896728516,38.80122186299023,6.846696848226036,4.354465346246798,32.3207854216681,33.627125025542135,46.19510859561169,36.32143565661875,operational_moderate
ensemble_uncertainty_selector,50,inside-out/active/bruhl/2025-03-02/ping-frntdeu1-2a0d:3341:b100:1e99::1-10ms-1h-2025-03-02-06-00-00.txt,bruhl,active,21.906589147286823,22.849779843444228,20.572501897293193,2.2772779461510346,0,1,288.833,22.05065590957929,25.062849044799805,22.213429630611564,0.23604912024847588,3.012193135220514,23.10492350690647,24.008581447472626,22.907371538853553,24.826705829050308,operational_moderate
ensemble_uncertainty_selector,51,inside-out/active/bruhl/2025-03-02/ping-frntdeu1-2a0d:3341:b100:1e99::1-10ms-1h-2025-03-02-01-00-00.txt,bruhl,active,21.37237145049885,22.205426917510852,20.069478908188582,2.13594800932227,0,1,289.708,22.448084770177957,27.688953399658203,22.7327180870047,0.3033732841851514,5.2408686294802465,24.282388790496043,25.854649379340117,23.559135608494262,26.977623800638842,operational_moderate
ensemble_uncertainty_selector,52,inside-out/active/bruhl/2025-03-01/ping-frntdeu1-2a0d:3341:b100:1e99::1-10ms-1h-2025-03-01-01-00-00.txt,bruhl,active,20.069478908188582,26.109423828125,20.8537343358396,5.2556894922853985,0,1,300.333,22.510293523651853,27.74297332763672,22.621783423953307,0.351164033150341,5.232679803984865,24.341731455046556,25.911535396242016,23.359115000352713,26.90876192817715,operational_moderate
ensemble_uncertainty_selector,53,inside-out/active/bruhl/2025-03-01/ping-frntdeu1-2a0d:3341:b100:1e99::1-10ms-1h-2025-03-01-04-00-00.txt,bruhl,active,20.8537343358396,20.851403061224488,20.63209197700575,0.21931108421873802,0,1,413.958,22.936189328087494,27.60559844970703,22.881777949848892,0.21655765804118954,4.6694091216195375,24.57048252065433,25.97130525714019,23.574609768100018,26.968659744022375,operational_moderate
ensemble_uncertainty_selector,54,inside-out/active/bruhl/2025-03-01/ping-frntdeu1-2a0d:3341:b100:1e99::1-10ms-1h-2025-03-01-11-00-00.txt,bruhl,active,20.62198079838302,22.029937076476283,21.13926191696566,0.890675159510625,0,1,335.834,22.53874366103628,26.765762329101562,22.314335624990594,0.37534332390701897,4.227018668065284,24.018200194859126,25.28630579527871,23.133964800548135,26.247129344712516,operational_moderate
ensemble_uncertainty_selector,55,inside-out/active/bruhl/2025-03-02/ping-frntdeu1-2a0d:3341:b100:1e99::1-10ms-1h-2025-03-02-01-00-00.txt,bruhl,active,21.65060613876709,20.780806331931736,20.780806331931736,0.0,1,1,484.584,22.388744793292062,26.77954864501953,22.761706494599515,0.2998772142391139,4.390803851727469,23.925526141396674,25.242767296914913,23.574219322583748,26.26945259939256,operational_moderate
ensemble_uncertainty_selector,56,inside-out/active/bruhl/2025-03-01/ping-frntdeu1-2a0d:3341:b100:1e99::1-10ms-1h-2025-03-01-04-00-00.txt,bruhl,active,21.42508450024143,22.9062954602458,21.17579214195184,1.7305033182939624,0,1,324.209,22.835732736917635,27.954191207885742,22.853564187335408,0.2712723269149609,5.118458470968108,24.62719320175647,26.1627307430469,23.551442172766844,27.169000330388926,operational_moderate
ensemble_uncertainty_selector,57,inside-out/active/bruhl/2025-03-02/ping-frntdeu1-2a0d:3341:b100:1e99::1-10ms-1h-2025-03-02-00-00-00.txt,bruhl,active,21.458488196885988,21.655938697318007,20.59482673267327,1.0611119646447378,0,1,296.834,22.78562441629765,26.62249183654785,22.83527336287752,0.24802553701632382,3.8368674202502007,24.12852801338522,25.27958823946028,23.516636370975192,26.15861883682073,operational_moderate
ensemble_uncertainty_selector,58,inside-out/active/bruhl/2025-03-02/ping-frntdeu1-2a0d:3341:b100:1e99::1-10ms-1h-2025-03-02-00-00-00.txt,bruhl,active,21.655938697318007,25.23721722208708,20.7749491353001,4.4622680867869775,0,1,286.375,22.39887959891712,27.476877212524414,22.500418654947055,0.3003509647650503,5.077997613607295,24.176178763679673,25.69957804776186,23.276558182547674,26.758254113149423,operational_moderate
ensemble_uncertainty_selector,59,inside-out/active/bruhl/2025-03-02/ping-frntdeu1-2a0d:3341:b100:1e99::1-10ms-1h-2025-03-02-09-00-00.txt,bruhl,active,20.75279534530736,19.0,19.0,0.0,1,1,281.125,22.61433853746894,24.721969604492188,22.904697090882095,0.44655537023314473,2.1076310670232488,23.352009410927074,23.98429873103405,23.78245664068594,24.73790485986536,operational_moderate
disagreement_aware_selector,47,inside-out/active/brisbane/2025-03-29/ping--2406:2d40:4600:8118::1-10ms-1h-2025-03-29-02-00-00.txt,brisbane,active,62.3717469219675,70.23722819502129,70.23722819502129,0.0,1,0,153.208,31.450242852450174,34.616790771484375,40.04624146490427,5.938879795537512,3.166547919034201,32.55853462411214,33.5084989998224,46.64737731959559,35.97212979976401,operational_moderate
disagreement_aware_selector,48,inside-out/active/brisbane/2025-03-29/ping--2406:2d40:4600:8118::1-10ms-1h-2025-03-29-02-00-00.txt,brisbane,active,64.31612151358051,56.67547490668437,56.67547490668437,0.0,1,1,149.375,32.47668857564713,37.390830993652344,39.20037772139566,5.240114216926138,4.914142418005213,34.196638421948954,35.67088114735052,45.01151416483941,38.04334616990019,operational_moderate
disagreement_aware_selector,49,inside-out/active/brisbane/2025-03-29/ping--2406:2d40:4600:8118::1-10ms-1h-2025-03-29-02-00-00.txt,brisbane,active,62.543281698229144,70.20701369280366,70.20701369280366,0.0,1,0,142.334,30.796722550481718,35.151187896728516,38.80122186299023,6.846696848226036,4.354465346246798,32.3207854216681,33.627125025542135,46.19510859561169,36.32143565661875,operational_moderate
disagreement_aware_selector,50,inside-out/active/bruhl/2025-03-02/ping-frntdeu1-2a0d:3341:b100:1e99::1-10ms-1h-2025-03-02-06-00-00.txt,bruhl,active,21.906589147286823,22.849779843444228,20.572501897293193,2.2772779461510346,0,1,286.209,22.05065590957929,25.062849044799805,22.213429630611564,0.23604912024847588,3.012193135220514,23.10492350690647,24.008581447472626,22.907371538853553,24.826705829050308,operational_moderate
disagreement_aware_selector,51,inside-out/active/bruhl/2025-03-02/ping-frntdeu1-2a0d:3341:b100:1e99::1-10ms-1h-2025-03-02-05-00-00.txt,bruhl,active,20.50941869021339,24.03044018900771,20.069478908188582,3.9609612808191272,0,1,281.375,23.21326429610599,25.38983154296875,23.042002475939913,0.2823267372817183,2.17656724686276,23.975062832507955,24.628033006566785,23.808042560584312,25.399984762936167,operational_moderate
disagreement_aware_selector,52,inside-out/active/bruhl/2025-03-02/ping-frntdeu1-2a0d:3341:b100:1e99::1-10ms-1h-2025-03-02-04-00-00.txt,bruhl,active,23.986740467404672,24.514007976071785,20.8537343358396,3.660273640232184,0,1,274.5,22.876433661458577,26.25014305114746,23.01893452295103,0.18052008276418408,3.3737093896888837,24.057231947849687,25.06934476475635,24.01716687351276,26.26955799221383,operational_moderate
disagreement_aware_selector,53,inside-out/active/bruhl/2025-03-02/ping-frntdeu1-2a0d:3341:b100:1e99::1-10ms-1h-2025-03-02-02-00-00.txt,bruhl,active,22.22624908603461,28.69517554334846,20.63209197700575,8.063083566342709,0,1,281.333,22.895490925344347,25.72986602783203,22.88052913088544,0.2098762583139292,2.8343751024876838,23.887522211215035,24.73783474196134,23.681741890601803,25.665077818191023,operational_moderate
disagreement_aware_selector,54,inside-out/active/bruhl/2025-03-01/ping-frntdeu1-2a0d:3341:b100:1e99::1-10ms-1h-2025-03-01-11-00-00.txt,bruhl,active,20.62198079838302,22.029937076476283,21.13926191696566,0.890675159510625,0,1,277.083,22.53874366103628,26.765762329101562,22.314335624990594,0.37534332390701897,4.227018668065284,24.018200194859126,25.28630579527871,23.133964800548135,26.247129344712516,operational_moderate
disagreement_aware_selector,55,inside-out/active/bruhl/2025-03-01/ping-frntdeu1-2a0d:3341:b100:1e99::1-10ms-1h-2025-03-01-03-00-00.txt,bruhl,active,21.662744140625,23.233048933500623,20.780806331931736,2.452242601568887,0,1,292.375,23.34621539994805,25.74081039428711,23.49449484444178,0.4321611096697566,2.3945949943390588,24.18432364796672,24.90270214626844,24.433483948838685,25.757029917846932,operational_moderate
disagreement_aware_selector,56,inside-out/active/bruhl/2025-03-01/ping-frntdeu1-2a0d:3341:b100:1e99::1-10ms-1h-2025-03-01-11-00-00.txt,bruhl,active,22.01310262529833,25.01591978212429,21.17579214195184,3.840127640172451,0,1,276.125,23.204629161735284,26.05791473388672,23.11536260054024,0.2602601086087341,2.853285572151435,24.203279111988287,25.05926478363372,23.872638420005725,25.906674078857794,operational_moderate
disagreement_aware_selector,57,inside-out/active/bruhl/2025-03-02/ping-frntdeu1-2a0d:3341:b100:1e99::1-10ms-1h-2025-03-02-01-00-00.txt,bruhl,active,22.1087841191067,23.286052894211576,20.59482673267327,2.6912261615383066,0,1,273.458,22.831931665656157,25.979368209838867,22.912560658814858,0.2619626290707997,3.1474365441827103,23.933534456120107,24.87776541937492,23.683054639631067,25.7665310828063,operational_moderate
disagreement_aware_selector,58,inside-out/active/bruhl/2025-03-02/ping-frntdeu1-2a0d:3341:b100:1e99::1-10ms-1h-2025-03-02-09-00-00.txt,bruhl,active,51.07436294164265,51.23233155427673,20.7749491353001,30.457382418976632,0,1,284.459,21.443283692542536,25.92217445373535,28.71773703064048,6.2195574820792405,4.478890761192815,23.01089545896002,24.354562687317866,34.94018760208819,26.36023422332543,operational_moderate
disagreement_aware_selector,59,inside-out/active/bruhl/2025-03-02/ping-frntdeu1-2a0d:3341:b100:1e99::1-10ms-1h-2025-03-02-09-00-00.txt,bruhl,active,20.75279534530736,19.0,19.0,0.0,1,1,272.75,22.61433853746894,24.721969604492188,22.904697090882095,0.44655537023314473,2.1076310670232488,23.352009410927074,23.98429873103405,23.78245664068594,24.73790485986536,operational_moderate
random,47,inside-out/active/brisbane/2025-03-29/ping--2406:2d40:4600:8118::1-10ms-1h-2025-03-29-02-00-00.txt,brisbane,active,72.35903573163465,80.22451700468844,80.22451700468844,0.0,1,0,296.375,29.063514686578856,34.54063034057617,40.666899941314334,7.9007238814342955,5.477115653997316,30.980505165477915,32.62363986167711,48.14764211262189,34.726550687308674,operational_severe
random,48,inside-out/active/brisbane/2025-03-29/ping--2406:2d40:4600:8118::1-10ms-1h-2025-03-29-02-00-00.txt,brisbane,active,92.36244234312201,84.72179573622587,84.72179573622587,0.0,1,0,250.375,32.8038998430693,37.284324645996094,45.65927440689106,10.784295433678704,4.480424802926791,34.37204852409368,35.71617596497172,55.51879956973703,37.93552203285134,operational_severe
random,49,inside-out/active/brisbane/2025-03-29/ping--2406:2d40:4600:8118::1-10ms-1h-2025-03-29-02-00-00.txt,brisbane,active,81.68573520930988,89.3494672038844,89.3494672038844,0.0,1,0,292.292,29.816054444601832,35.7642707824707,42.40188535377737,10.639506900185001,5.948216337868871,31.897930162855936,33.6823950642166,52.20599511687351,36.10169628596088,operational_severe
random,50,inside-out/active/brisbane/2025-03-30/ping--2406:2d40:4600:8118::1-10ms-1h-2025-03-30-14-00-00.txt,brisbane,active,41.56910290882425,38.12887029288703,20.572501897293193,17.556368395593836,0,1,384.208,37.99636981672484,32.05038833618164,38.7525646371208,0.4485675846456944,5.945981480543196,35.91527629853472,37.69907074269768,40.00280609849589,41.5858772558601,operational_severe
random,51,inside-out/active/brisbane/2025-03-21/ping-sydyaus1-2406:2d40:4600:8118::1-10ms-1h-2025-03-21-08-00-00.txt,brisbane,active,74.77590228026858,76.14291295794887,20.069478908188582,56.07343404976028,0,0,305.75,32.53456935403301,31.687393188476562,43.77086861602413,8.36887224666291,0.8471761655564478,32.238057696088255,32.49221054575519,51.58059622921934,34.44887205673143,operational_severe
random,52,inside-out/active/bruhl/2025-03-01/ping-frntdeu1-2a0d:3341:b100:1e99::1-10ms-1h-2025-03-01-04-00-00.txt,bruhl,active,68.08344362056454,65.91888253026067,20.735811648079306,45.18307088218137,0,0,300.208,20.376800820669814,27.413646697998047,31.46881738964162,8.993965345559555,7.036845877328233,22.839696877734696,24.950750640933165,39.67406061696013,27.11420444681483,operational_severe
random,53,inside-out/active/bruhl/2025-03-02/ping-frntdeu1-2a0d:3341:b100:1e99::1-10ms-1h-2025-03-02-07-00-00.txt,bruhl,active,66.37627810006248,68.69098042899027,20.851403061224488,47.839577367765784,0,0,290.416,20.846267580895073,27.417423248291016,31.64920164672838,8.91000891891864,6.571155667395942,23.14617206448365,25.11751876470243,39.763754564152855,27.206680559677533,operational_severe
random,54,inside-out/active/brisbane/2025-03-30/ping--2406:2d40:4600:8118::1-10ms-1h-2025-03-30-02-00-00.txt,brisbane,active,38.62191610821544,39.81591350826045,21.662744140625,18.15316936763545,0,1,284.583,38.26489834480526,32.324459075927734,38.12592867525632,0.6589554710178891,5.940439268877526,36.18574460069813,37.967876381361386,39.64073687804183,41.95868761532223,operational_severe
random,55,inside-out/active/bruhl/2025-03-01/ping-frntdeu1-2a0d:3341:b100:1e99::1-10ms-1h-2025-03-01-19-00-00.txt,bruhl,active,71.99971073385495,75.29942874484105,20.780806331931736,54.518622412909316,0,0,282.708,21.872990405769087,27.03472328186035,33.40066079803817,9.477282789441883,5.161732876091264,23.67959691240103,25.22811677522841,41.95297504967678,27.188642222394733,operational_severe
random,56,inside-out/active/brisbane/2025-03-30/ping--2406:2d40:4600:8118::1-10ms-1h-2025-03-30-14-00-00.txt,brisbane,active,88.54237385625709,82.11015531833897,21.17579214195184,60.93436317638713,0,0,284.333,35.267223205561095,35.46334457397461,47.9217760418477,10.436418010891874,0.19612136841351457,35.335865684505826,35.39470209502988,57.41980057624057,37.08502525809519,operational_severe
random,57,inside-out/active/bruhl/2025-03-01/ping-frntdeu1-2a0d:3341:b100:1e99::1-10ms-1h-2025-03-01-08-00-00.txt,bruhl,active,68.84474397801566,69.3394751813691,21.582094763092268,47.757380418276824,0,0,280.625,20.582109601500633,27.846811294555664,32.005586589839254,9.335585858984661,7.264701693055031,23.12475519406989,25.3041657019864,40.37074763029033,27.394107517504487,operational_severe
random,58,inside-out/active/bruhl/2025-03-02/ping-frntdeu1-2a0d:3341:b100:1e99::1-10ms-1h-2025-03-02-11-00-00.txt,bruhl,active,22.93319338108175,23.098639624041553,21.75798062213157,1.3406590019099838,0,1,275.042,23.376246755382454,27.8116455078125,23.485531492960202,0.23278239720382224,4.435398752430046,24.92863631873297,26.259255944461984,24.061346908481262,27.104024437323183,operational_severe
random,59,inside-out/active/bruhl/2025-03-01/ping-frntdeu1-2a0d:3341:b100:1e99::1-10ms-1h-2025-03-01-08-00-00.txt,bruhl,active,26.699448621553884,24.6,19.0,5.600000000000001,0,1,278.375,23.449451307409618,26.342735290527344,23.65853064460366,0.492257585785379,2.893283983117726,24.462100701500823,25.33008589643614,24.438336320916854,26.030026781722075,operational_severe
best_historical_path,47,inside-out/active/brisbane/2025-03-29/ping--2406:2d40:4600:8118::1-10ms-1h-2025-03-29-02-00-00.txt,brisbane,active,72.35903573163465,80.22451700468844,80.22451700468844,0.0,1,0,162.917,29.063514686578856,34.54063034057617,40.666899941314334,7.9007238814342955,5.477115653997316,30.980505165477915,32.62363986167711,48.14764211262189,34.726550687308674,operational_severe
best_historical_path,48,inside-out/active/brisbane/2025-03-29/ping--2406:2d40:4600:8118::1-10ms-1h-2025-03-29-02-00-00.txt,brisbane,active,92.36244234312201,84.72179573622587,84.72179573622587,0.0,1,0,145.125,32.8038998430693,37.284324645996094,45.65927440689106,10.784295433678704,4.480424802926791,34.37204852409368,35.71617596497172,55.51879956973703,37.93552203285134,operational_severe
best_historical_path,49,inside-out/active/brisbane/2025-03-29/ping--2406:2d40:4600:8118::1-10ms-1h-2025-03-29-02-00-00.txt,brisbane,active,81.68573520930988,89.3494672038844,89.3494672038844,0.0,1,0,145.5,29.816054444601832,35.7642707824707,42.40188535377737,10.639506900185001,5.948216337868871,31.897930162855936,33.6823950642166,52.20599511687351,36.10169628596088,operational_severe
best_historical_path,50,inside-out/active/bruhl/2025-03-01/ping-frntdeu1-2a0d:3341:b100:1e99::1-10ms-1h-2025-03-01-06-00-00.txt,bruhl,active,83.05160727352433,77.48872718013322,20.572501897293193,56.91622528284003,0,0,281.209,23.160309040418724,28.285734176635742,36.16506091785229,10.9671348483243,5.125425136217018,24.954207838094682,26.491835378959788,46.477719332279314,29.091685170765288,operational_severe
best_historical_path,51,inside-out/active/bruhl/2025-03-01/ping-frntdeu1-2a0d:3341:b100:1e99::1-10ms-1h-2025-03-01-06-00-00.txt,bruhl,active,68.28049145696086,70.99397104648375,20.069478908188582,50.924492138295165,0,0,287.583,21.357705454811367,27.823087692260742,32.409812410672274,8.985848538867133,6.465382237449376,23.620589237918647,25.56020390915346,40.60364867178261,27.66119198985838,operational_severe
best_historical_path,52,inside-out/active/bruhl/2025-03-01/ping-frntdeu1-2a0d:3341:b100:1e99::1-10ms-1h-2025-03-01-06-00-00.txt,bruhl,active,81.24200767782446,85.30758243605274,20.735811648079306,64.57177078797343,0,0,333.0,23.691376141510773,27.690540313720703,36.63495011859305,11.077676474027038,3.9991641722099303,25.09108360178425,26.290832853447228,46.71518601717469,28.46272781372957,operational_severe
best_historical_path,53,inside-out/active/bruhl/2025-03-01/ping-frntdeu1-2a0d:3341:b100:1e99::1-10ms-1h-2025-03-01-06-00-00.txt,bruhl,active,79.459733513576,85.79230192959454,20.851403061224488,64.94089886837006,0,0,281.25,23.73120811476656,29.03019142150879,35.53537449386384,9.778953831976612,5.29898330674223,25.58585227212634,27.175547264149007,44.869438837968744,29.70529456494567,operational_severe
best_historical_path,54,inside-out/active/bruhl/2025-03-01/ping-frntdeu1-2a0d:3341:b100:1e99::1-10ms-1h-2025-03-01-06-00-00.txt,bruhl,active,36.54894357444693,25.29561320754717,21.662744140625,3.6328690669221686,0,1,273.958,28.224850532486016,26.968671798706055,28.62379586509691,0.49431006988641846,1.2561787337799615,27.78518797566303,28.162041595797017,30.32530781437171,30.120910359546986,operational_severe
best_historical_path,55,inside-out/active/bruhl/2025-03-01/ping-frntdeu1-2a0d:3341:b100:1e99::1-10ms-1h-2025-03-01-06-00-00.txt,bruhl,active,25.29561320754717,23.24929542645241,20.780806331931736,2.468489094520674,0,1,273.541,25.708981591093107,27.60565757751465,26.30404259262838,0.7564375077343443,1.896675986421542,26.37281818634065,26.94182098226711,27.371393554974688,27.63151141245481,operational_severe
best_historical_path,56,inside-out/active/bruhl/2025-03-01/ping-frntdeu1-2a0d:3341:b100:1e99::1-10ms-1h-2025-03-01-06-00-00.txt,bruhl,active,81.1872859567533,81.0595328188581,21.17579214195184,59.883740676906264,0,0,324.042,24.548554812508883,29.22504425048828,38.31252825860511,11.628083348558258,4.676489437979399,26.185326115801672,27.58827294719549,48.668880026900666,29.691211147870288,operational_severe
best_historical_path,57,inside-out/active/bruhl/2025-03-01/ping-frntdeu1-2a0d:3341:b100:1e99::1-10ms-1h-2025-03-01-06-00-00.txt,bruhl,active,72.04660711566939,77.81781428870586,21.582094763092268,56.23571952561359,0,0,397.75,22.436927535625728,28.1208438873291,34.4050619057563,9.435959876082505,5.683916351703374,24.426298258721907,26.13147316423292,42.96603169374571,28.183864680330792,operational_severe
best_historical_path,58,inside-out/active/bruhl/2025-03-01/ping-frntdeu1-2a0d:3341:b100:1e99::1-10ms-1h-2025-03-01-06-00-00.txt,bruhl,active,28.892749461593684,27.91916948334138,21.75798062213157,6.161188861209812,0,1,311.25,26.19971711340804,27.8648681640625,26.334536620502945,0.515433610191548,1.6651510506544582,26.782519981137103,27.28206529633344,27.255069025524044,27.982537598776325,operational_severe
best_historical_path,59,inside-out/active/bruhl/2025-03-02/ping-frntdeu1-2a0d:3341:b100:1e99::1-10ms-1h-2025-03-02-05-00-00.txt,bruhl,active,22.933486590038314,27.2,19.0,8.2,0,1,307.25,22.94273458322823,26.61371421813965,23.403493481518197,0.39784307861027374,3.6709796349114185,24.227577455447225,25.32887134592065,24.30569298268779,26.299786501623682,operational_severe
highest_reply_availability,47,inside-out/active/brisbane/2025-03-29/ping--2406:2d40:4600:8118::1-10ms-1h-2025-03-29-02-00-00.txt,brisbane,active,72.35903573163465,80.22451700468844,80.22451700468844,0.0,1,0,170.417,29.063514686578856,34.54063034057617,40.666899941314334,7.9007238814342955,5.477115653997316,30.980505165477915,32.62363986167711,48.14764211262189,34.726550687308674,operational_severe
highest_reply_availability,48,inside-out/active/brisbane/2025-03-29/ping--2406:2d40:4600:8118::1-10ms-1h-2025-03-29-02-00-00.txt,brisbane,active,92.36244234312201,84.72179573622587,84.72179573622587,0.0,1,0,157.291,32.8038998430693,37.284324645996094,45.65927440689106,10.784295433678704,4.480424802926791,34.37204852409368,35.71617596497172,55.51879956973703,37.93552203285134,operational_severe
highest_reply_availability,49,inside-out/active/brisbane/2025-03-29/ping--2406:2d40:4600:8118::1-10ms-1h-2025-03-29-02-00-00.txt,brisbane,active,81.68573520930988,89.3494672038844,89.3494672038844,0.0,1,0,162.792,29.816054444601832,35.7642707824707,42.40188535377737,10.639506900185001,5.948216337868871,31.897930162855936,33.6823950642166,52.20599511687351,36.10169628596088,operational_severe
highest_reply_availability,50,inside-out/active/bruhl/2025-03-02/ping-frntdeu1-2a0d:3341:b100:1e99::1-10ms-1h-2025-03-02-12-00-00.txt,bruhl,active,26.027478622602263,28.21679980634229,20.572501897293193,7.644297909049097,0,1,282.75,26.477979052840965,29.75118637084961,26.54499462530747,0.45610467517559133,3.2732073180086445,27.62360161414399,28.605563809546585,27.29300029307391,29.338811702732194,operational_severe
highest_reply_availability,51,inside-out/active/brisbane/2025-03-20/ping-sydyaus1-2406:2d40:4600:8118::1-10ms-1h-2025-03-20-20-00-00.txt,brisbane,active,29.969971484974774,38.223700092850514,20.069478908188582,18.15422118466193,0,1,286.958,35.915311603497685,32.121498107910156,36.12781853087178,0.5710386868155797,3.7938134955875285,34.58747688004205,35.72562092871831,37.32123041616099,38.387660546689595,operational_severe
highest_reply_availability,52,inside-out/active/brisbane/2025-03-21/ping-sydyaus1-2406:2d40:4600:8118::1-10ms-1h-2025-03-21-08-00-00.txt,brisbane,active,31.51180555555555,41.203552440792656,20.735811648079306,20.46774079271335,0,1,286.167,37.288852883457366,38.935279846191406,37.60187264851272,0.9670799725841878,1.64642696273404,37.86510232041428,38.35903040923449,39.090599885720785,39.28709036327782,operational_severe
highest_reply_availability,53,inside-out/active/brisbane/2025-03-23/ping--2406:2d40:4600:8118::1-10ms-1h-2025-03-23-14-00-00.txt,brisbane,active,41.81538283062645,40.50706713780919,20.851403061224488,19.6556640765847,0,1,282.5,35.58838727447073,35.930755615234375,36.23251864331665,0.5427390429016129,0.34236834076364175,35.70821619373801,35.810926695967105,37.395771574163945,36.601362178714545,operational_severe
highest_reply_availability,54,inside-out/active/brisbane/2025-03-31/ping--2406:2d40:4600:8118::1-10ms-1h-2025-03-31-08-00-00.txt,brisbane,active,39.785419532324624,49.165757000474606,21.662744140625,27.503012859849605,0,1,285.333,39.71730318581467,40.707427978515625,39.3838007025785,0.5305440267946863,0.9901247927009535,40.063846863260004,40.36088430107029,41.00537986338164,41.68356792104751,operational_severe
highest_reply_availability,55,inside-out/active/brisbane/2025-03-20/ping-sydyaus1-2406:2d40:4600:8118::1-10ms-1h-2025-03-20-20-00-00.txt,brisbane,active,35.82728548047697,33.74127810650887,20.780806331931736,12.960471774577137,0,1,278.0,35.96398690125716,37.2036018371582,35.944935057144754,0.33640786883505536,1.239614935901045,36.39785212882252,36.76973660959283,37.06845011919698,37.76490726360887,operational_severe
highest_reply_availability,56,inside-out/active/brisbane/2025-03-31/ping--2406:2d40:4600:8118::1-10ms-1h-2025-03-31-20-00-00.txt,brisbane,active,36.1142340713963,33.584454649827784,21.17579214195184,12.408662507875945,0,1,277.042,38.1764587248872,38.32955551147461,37.770645585069325,0.46029203226368426,0.15309678658741177,38.23004260019279,38.27597163616901,38.82168431094731,38.997101016507976,operational_severe
highest_reply_availability,57,inside-out/active/brisbane/2025-03-23/ping--2406:2d40:4600:8118::1-10ms-1h-2025-03-23-20-00-00.txt,brisbane,active,30.367749887942622,51.548770002388345,21.582094763092268,29.966675239296077,0,1,284.375,34.605089347231115,34.089378356933594,34.6401455181377,0.42379205243719353,0.5157109902975208,34.42459050062698,34.579303797716236,35.70428262741714,35.583452362816544,operational_severe
highest_reply_availability,58,inside-out/active/brisbane/2025-03-22/ping-sydyaus1-2406:2d40:4600:8118::1-10ms-1h-2025-03-22-08-00-00.txt,brisbane,active,30.59706154558075,34.96113310242454,21.75798062213157,13.203152480292971,0,1,284.0,34.05307406517022,31.027822494506836,33.714540102074274,0.8090884332876574,3.025251570663386,32.994236015438034,33.90181148663705,34.85401625831205,35.947097103240786,operational_severe
highest_reply_availability,59,inside-out/active/brisbane/2025-03-20/ping-sydyaus1-2406:2d40:4600:8118::1-10ms-1h-2025-03-20-08-00-00.txt,brisbane,active,31.580920897284532,26.24,19.0,7.239999999999998,0,1,284.459,35.73230740058898,33.59819030761719,35.74841016608463,0.9784505586901265,2.134117092971792,34.985366418048855,35.62560154594039,37.24437283121731,37.454784838541364,operational_severe
reactive_greedy,47,inside-out/active/brisbane/2025-03-29/ping--2406:2d40:4600:8118::1-10ms-1h-2025-03-29-02-00-00.txt,brisbane,active,72.35903573163465,80.22451700468844,80.22451700468844,0.0,1,0,206.0,29.063514686578856,34.54063034057617,40.666899941314334,7.9007238814342955,5.477115653997316,30.980505165477915,32.62363986167711,48.14764211262189,34.726550687308674,operational_severe
reactive_greedy,48,inside-out/active/brisbane/2025-03-29/ping--2406:2d40:4600:8118::1-10ms-1h-2025-03-29-02-00-00.txt,brisbane,active,92.36244234312201,84.72179573622587,84.72179573622587,0.0,1,0,194.625,32.8038998430693,37.284324645996094,45.65927440689106,10.784295433678704,4.480424802926791,34.37204852409368,35.71617596497172,55.51879956973703,37.93552203285134,operational_severe
reactive_greedy,49,inside-out/active/brisbane/2025-03-29/ping--2406:2d40:4600:8118::1-10ms-1h-2025-03-29-02-00-00.txt,brisbane,active,81.68573520930988,89.3494672038844,89.3494672038844,0.0,1,0,157.542,29.816054444601832,35.7642707824707,42.40188535377737,10.639506900185001,5.948216337868871,31.897930162855936,33.6823950642166,52.20599511687351,36.10169628596088,operational_severe
reactive_greedy,50,inside-out/active/bruhl/2025-03-01/ping-frntdeu1-2a0d:3341:b100:1e99::1-10ms-1h-2025-03-01-02-00-00.txt,bruhl,active,21.08513931888545,20.572501897293193,20.572501897293193,0.0,1,1,323.458,22.27023346495662,27.655275344848633,22.52256884493521,0.28982880549126794,5.3850418798920145,24.154998122918823,25.77051068688643,23.15354742540877,26.722621851230734,operational_severe
reactive_greedy,51,inside-out/active/bruhl/2025-03-02/ping-frntdeu1-2a0d:3341:b100:1e99::1-10ms-1h-2025-03-02-04-00-00.txt,bruhl,active,20.458820551759047,23.986740467404672,20.069478908188582,3.91726155921609,0,1,318.708,22.18159424091391,26.367902755737305,22.17130476630839,0.33968561223009713,4.186308514823395,23.6468022211021,24.90269477554912,22.73524369998797,25.630500351538462,operational_severe
reactive_greedy,52,inside-out/active/bruhl/2025-03-01/ping-frntdeu1-2a0d:3341:b100:1e99::1-10ms-1h-2025-03-01-01-00-00.txt,bruhl,active,20.069478908188582,26.109423828125,20.735811648079306,5.3736121800456935,0,1,296.042,22.510293523651853,27.74297332763672,22.621783423953307,0.351164033150341,5.232679803984865,24.341731455046556,25.911535396242016,23.187235173251242,26.73688210107568,operational_severe
reactive_greedy,53,inside-out/active/bruhl/2025-03-01/ping-frntdeu1-2a0d:3341:b100:1e99::1-10ms-1h-2025-03-01-04-00-00.txt,bruhl,active,20.8537343358396,20.851403061224488,20.851403061224488,0.0,1,1,292.75,22.936189328087494,27.997434616088867,22.881777949848892,0.21655765804118954,5.061245288001373,24.707625178887973,26.225998765288384,23.379036720717014,27.066963821425748,operational_severe
reactive_greedy,54,inside-out/active/bruhl/2025-03-02/ping-frntdeu1-2a0d:3341:b100:1e99::1-10ms-1h-2025-03-02-09-00-00.txt,bruhl,active,20.63209197700575,23.170796019900497,21.662744140625,1.508051879275495,0,1,293.208,22.569258963912944,27.14838981628418,22.62620756318154,0.19674470660635116,4.579130852371236,24.171954762242876,25.545694017954247,23.056287234308183,26.286128244363248,operational_severe
reactive_greedy,55,inside-out/active/bruhl/2025-03-02/ping-frntdeu1-2a0d:3341:b100:1e99::1-10ms-1h-2025-03-02-05-00-00.txt,bruhl,active,21.13926191696566,23.040902255639097,20.780806331931736,2.260095923707361,0,1,293.625,22.632307468482395,27.60232925415039,23.010688288799642,0.37777759914515496,4.970021785667996,24.371815093466196,25.862821629166596,23.75821200692698,26.82401432650186,operational_severe
reactive_greedy,56,inside-out/active/bruhl/2025-03-02/ping-frntdeu1-2a0d:3341:b100:1e99::1-10ms-1h-2025-03-02-00-00-00.txt,bruhl,active,20.869075504610016,21.458488196885988,21.17579214195184,0.2826960549341493,0,1,282.583,22.91255665155404,27.409870147705078,22.933490798128748,0.24674302393829228,4.497313496151037,24.486616375206903,25.835810424052216,23.420469027104602,26.587462734689453,operational_severe
reactive_greedy,57,inside-out/active/bruhl/2025-03-02/ping-frntdeu1-2a0d:3341:b100:1e99::1-10ms-1h-2025-03-02-02-00-00.txt,bruhl,active,21.5524621667067,21.58591091091091,21.582094763092268,0.0038161478186431452,0,1,290.875,24.175397989220073,31.439538955688477,24.661038203690158,0.7099534526015686,7.264140966468403,26.717847327484016,28.897089617424538,25.578123122091924,30.008123543021966,operational_severe
reactive_greedy,58,inside-out/active/bruhl/2025-03-02/ping-frntdeu1-2a0d:3341:b100:1e99::1-10ms-1h-2025-03-02-11-00-00.txt,bruhl,active,22.93319338108175,23.098639624041553,21.75798062213157,1.3406590019099838,0,1,284.375,23.376246755382454,27.8116455078125,23.485531492960202,0.23278239720382224,4.435398752430046,24.92863631873297,26.259255944461984,24.061346908481262,27.104024437323183,operational_severe
reactive_greedy,59,inside-out/active/bruhl/2025-03-02/ping-frntdeu1-2a0d:3341:b100:1e99::1-10ms-1h-2025-03-02-09-00-00.txt,bruhl,active,20.75279534530736,19.0,19.0,0.0,1,1,278.834,22.61433853746894,25.499021530151367,22.904697090882095,0.44655537023314473,2.8846829926824284,23.623977584907788,24.489382482712518,23.604894609579794,25.1431317730036,operational_severe
predictive_greedy,47,inside-out/active/brisbane/2025-03-29/ping--2406:2d40:4600:8118::1-10ms-1h-2025-03-29-02-00-00.txt,brisbane,active,72.35903573163465,80.22451700468844,80.22451700468844,0.0,1,0,164.25,29.063514686578856,34.54063034057617,40.666899941314334,7.9007238814342955,5.477115653997316,30.980505165477915,32.62363986167711,48.14764211262189,34.726550687308674,operational_severe
predictive_greedy,48,inside-out/active/brisbane/2025-03-29/ping--2406:2d40:4600:8118::1-10ms-1h-2025-03-29-02-00-00.txt,brisbane,active,92.36244234312201,84.72179573622587,84.72179573622587,0.0,1,0,146.625,32.8038998430693,37.284324645996094,45.65927440689106,10.784295433678704,4.480424802926791,34.37204852409368,35.71617596497172,55.51879956973703,37.93552203285134,operational_severe
predictive_greedy,49,inside-out/active/brisbane/2025-03-29/ping--2406:2d40:4600:8118::1-10ms-1h-2025-03-29-02-00-00.txt,brisbane,active,81.68573520930988,89.3494672038844,89.3494672038844,0.0,1,0,150.042,29.816054444601832,35.7642707824707,42.40188535377737,10.639506900185001,5.948216337868871,31.897930162855936,33.6823950642166,52.20599511687351,36.10169628596088,operational_severe
predictive_greedy,50,inside-out/active/bruhl/2025-03-01/ping-frntdeu1-2a0d:3341:b100:1e99::1-10ms-1h-2025-03-01-05-00-00.txt,bruhl,active,68.3219231421268,69.73208288897393,20.572501897293193,49.15958099168074,0,0,293.166,19.5047523236517,26.07296371459961,30.682173423193817,8.803754318361351,6.5682113909479085,21.803626310483466,23.774089727767837,38.72992519612578,25.87584690102358,operational_severe
predictive_greedy,51,inside-out/active/bruhl/2025-03-02/ping-frntdeu1-2a0d:3341:b100:1e99::1-10ms-1h-2025-03-02-06-00-00.txt,bruhl,active,71.55090356187769,72.59234163489043,20.069478908188582,52.522862726701845,0,0,283.75,19.551779942377834,26.433406829833984,31.984345116651454,9.843852890651902,6.88162688745615,21.960349352987485,24.02483741922433,40.78309180489039,26.128857128219952,operational_severe
predictive_greedy,52,inside-out/active/bruhl/2025-03-02/ping-frntdeu1-2a0d:3341:b100:1e99::1-10ms-1h-2025-03-02-02-00-00.txt,bruhl,active,71.03249369654284,73.1269443254897,20.735811648079306,52.3911326774104,0,0,283.625,19.622325096168424,26.406309127807617,31.99579933565628,10.326310711160366,6.783984031639193,21.99671950724214,24.031914716733898,41.14046687957665,26.110247630447915,operational_severe
predictive_greedy,53,inside-out/active/bruhl/2025-03-02/ping-frntdeu1-2a0d:3341:b100:1e99::1-10ms-1h-2025-03-02-06-00-00.txt,bruhl,active,69.28884009999744,71.46019806361582,20.851403061224488,50.60879500239133,0,0,333.042,20.560143238040837,27.308246612548828,32.07969801453348,9.514260700154022,6.748103374507991,22.921979419118635,24.946410431471033,40.57425805808135,26.980085287354186,operational_severe
predictive_greedy,54,inside-out/active/bruhl/2025-03-02/ping-frntdeu1-2a0d:3341:b100:1e99::1-10ms-1h-2025-03-02-04-00-00.txt,bruhl,active,69.10141699288711,71.637594962841,21.662744140625,49.974850822216005,0,0,284.75,19.79335011252806,27.898008346557617,31.52202601444948,9.351057983468122,8.104658234029557,22.629980494438406,25.061377964647274,39.959169260327826,27.295693546327485,operational_severe
predictive_greedy,55,inside-out/active/bruhl/2025-03-01/ping-frntdeu1-2a0d:3341:b100:1e99::1-10ms-1h-2025-03-01-11-00-00.txt,bruhl,active,66.97829651404096,66.961462062863,20.780806331931736,46.18065573093127,0,0,285.042,19.057687240594532,26.8095760345459,30.29129251526101,8.972513676984137,7.751888793951366,21.770848318477512,24.096414956662922,38.36794930462328,26.218875367682223,operational_severe
predictive_greedy,56,inside-out/active/bruhl/2025-03-02/ping-frntdeu1-2a0d:3341:b100:1e99::1-10ms-1h-2025-03-02-01-00-00.txt,bruhl,active,66.37906580393138,67.70704359110636,21.17579214195184,46.53125144915452,0,0,279.541,19.42984245815751,27.012346267700195,30.82124767196059,9.055496336786103,7.582503809542686,22.083718791497446,24.35846993436025,38.946820454555926,26.450670845320285,operational_severe
predictive_greedy,57,inside-out/active/bruhl/2025-03-02/ping-frntdeu1-2a0d:3341:b100:1e99::1-10ms-1h-2025-03-02-09-00-00.txt,bruhl,active,70.82863448343194,66.05497622325147,21.582094763092268,44.4728814601592,0,0,282.333,20.141676220006048,27.746326446533203,31.787605649448096,9.171378540261113,7.604650226527156,22.803303799290553,25.0846988672487,40.204900129499094,27.38392446475657,operational_severe
predictive_greedy,58,inside-out/active/bruhl/2025-03-01/ping-frntdeu1-2a0d:3341:b100:1e99::1-10ms-1h-2025-03-01-00-00-00.txt,bruhl,active,65.67954280937398,66.25330648721908,21.75798062213157,44.49532586508751,0,0,279.625,19.64794499371419,26.462921142578125,30.60533822525788,8.62047361377071,6.814976148863934,22.033186645816567,24.07767949047575,38.323621069771235,26.012104739547457,operational_severe
predictive_greedy,59,inside-out/active/bruhl/2025-03-02/ping-frntdeu1-2a0d:3341:b100:1e99::1-10ms-1h-2025-03-02-00-00-00.txt,bruhl,active,70.91512518585,71.87790796376292,19.0,52.87790796376292,0,0,274.833,20.07689239555475,27.130516052246094,31.594669899867046,9.10385972983763,7.053623656691343,22.545660675396718,24.66174777240412,39.914642291957776,26.859187732785767,operational_severe
predictive_graph_greedy,47,inside-out/active/brisbane/2025-03-29/ping--2406:2d40:4600:8118::1-10ms-1h-2025-03-29-02-00-00.txt,brisbane,active,72.35903573163465,80.22451700468844,80.22451700468844,0.0,1,0,170.042,29.063514686578856,34.54063034057617,40.666899941314334,7.9007238814342955,5.477115653997316,30.980505165477915,32.62363986167711,48.14764211262189,34.726550687308674,operational_severe
predictive_graph_greedy,48,inside-out/active/brisbane/2025-03-29/ping--2406:2d40:4600:8118::1-10ms-1h-2025-03-29-02-00-00.txt,brisbane,active,92.36244234312201,84.72179573622587,84.72179573622587,0.0,1,0,146.708,32.8038998430693,37.284324645996094,45.65927440689106,10.784295433678704,4.480424802926791,34.37204852409368,35.71617596497172,55.51879956973703,37.93552203285134,operational_severe
predictive_graph_greedy,49,inside-out/active/brisbane/2025-03-29/ping--2406:2d40:4600:8118::1-10ms-1h-2025-03-29-02-00-00.txt,brisbane,active,81.68573520930988,89.3494672038844,89.3494672038844,0.0,1,0,143.041,29.816054444601832,35.7642707824707,42.40188535377737,10.639506900185001,5.948216337868871,31.897930162855936,33.6823950642166,52.20599511687351,36.10169628596088,operational_severe
predictive_graph_greedy,50,inside-out/active/bruhl/2025-03-02/ping-frntdeu1-2a0d:3341:b100:1e99::1-10ms-1h-2025-03-02-06-00-00.txt,bruhl,active,73.93517799388785,74.87836869004525,20.572501897293193,54.305866792752056,0,0,298.709,20.2088096313837,25.112754821777344,32.55243430797095,10.301409765119924,4.903945190393642,21.925190448021475,23.396374005139567,41.70231647949162,25.310593371859657,operational_severe
predictive_graph_greedy,51,inside-out/active/bruhl/2025-03-01/ping-frntdeu1-2a0d:3341:b100:1e99::1-10ms-1h-2025-03-01-11-00-00.txt,bruhl,active,71.03670080182064,68.56232989208702,20.069478908188582,48.492850983898435,0,0,292.584,20.895616221474484,25.941957473754883,32.569900103818384,9.542849722389958,5.046341252280399,22.66183565977262,24.17573803545674,41.102591751727395,26.055926516801325,operational_severe
predictive_graph_greedy,52,inside-out/active/bruhl/2025-03-02/ping-frntdeu1-2a0d:3341:b100:1e99::1-10ms-1h-2025-03-02-02-00-00.txt,bruhl,active,71.03249369654284,73.1269443254897,20.735811648079306,52.3911326774104,0,0,279.125,19.622325096168424,26.406309127807617,31.99579933565628,10.326310711160366,6.783984031639193,21.99671950724214,24.031914716733898,41.14046687957665,26.110247630447915,operational_severe
predictive_graph_greedy,53,inside-out/active/bruhl/2025-03-02/ping-frntdeu1-2a0d:3341:b100:1e99::1-10ms-1h-2025-03-02-02-00-00.txt,bruhl,active,22.22624908603461,28.69517554334846,20.851403061224488,7.8437724821239705,0,1,279.583,22.895490925344347,26.119400024414062,22.88052913088544,0.2098762583139292,3.223909099069715,24.023859110018748,24.991031839739662,23.44095618517573,25.716442610201472,operational_severe
predictive_graph_greedy,54,inside-out/active/bruhl/2025-03-02/ping-frntdeu1-2a0d:3341:b100:1e99::1-10ms-1h-2025-03-02-11-00-00.txt,bruhl,active,72.95553736993162,74.88667142095954,21.662744140625,53.22392728033454,0,0,276.583,21.911273654544857,26.47068214416504,34.45106028112693,10.37178444269436,4.559408489620182,23.507066625911918,24.87488917279797,43.68893823346489,26.78986964207719,operational_severe
predictive_graph_greedy,55,inside-out/active/bruhl/2025-03-01/ping-frntdeu1-2a0d:3341:b100:1e99::1-10ms-1h-2025-03-01-03-00-00.txt,bruhl,active,73.75048818306169,75.32079297593732,20.780806331931736,54.53998664400559,0,0,279.584,20.95552058514113,25.507383346557617,33.4784537493489,10.52305649663145,4.551862761416487,22.5486725516369,23.914231380061846,42.857146516442256,25.85581805082326,operational_severe
predictive_graph_greedy,56,inside-out/active/bruhl/2025-03-01/ping-frntdeu1-2a0d:3341:b100:1e99::1-10ms-1h-2025-03-01-11-00-00.txt,bruhl,active,22.01310262529833,25.01591978212429,21.17579214195184,3.840127640172451,0,1,281.833,23.204629161735284,26.05791473388672,23.11536260054024,0.2602601086087341,2.853285572151435,24.203279111988287,25.05926478363372,23.662418107912462,25.69645376676453,operational_severe
predictive_graph_greedy,57,inside-out/active/bruhl/2025-03-01/ping-frntdeu1-2a0d:3341:b100:1e99::1-10ms-1h-2025-03-01-00-00-00.txt,bruhl,active,22.863147410358565,21.582094763092268,21.582094763092268,0.0,1,1,275.209,23.649039571859248,26.354602813720703,23.831562737969065,0.32925807837925813,2.705563241861455,24.595986706510757,25.407655679069194,25.023260305044897,26.622966011546726,operational_severe
predictive_graph_greedy,58,inside-out/active/bruhl/2025-03-01/ping-frntdeu1-2a0d:3341:b100:1e99::1-10ms-1h-2025-03-01-02-00-00.txt,bruhl,active,26.89884236453202,27.556603773584907,21.75798062213157,5.798623151453338,0,1,276.167,24.211293435020707,26.021709442138672,24.40945573861237,0.2930795233767051,1.810416007117965,24.844939037511995,25.388063839647383,25.289262362970433,26.229102422184717,operational_severe
predictive_graph_greedy,59,inside-out/active/bruhl/2025-03-02/ping-frntdeu1-2a0d:3341:b100:1e99::1-10ms-1h-2025-03-02-02-00-00.txt,bruhl,active,27.980325,45.6,19.0,26.6,0,1,276.209,25.4988957219266,25.410825729370117,25.408856570611484,0.5134958630166547,0.08806999255648407,25.468071224531833,25.494492222298778,26.74520061722817,26.489749367931214,operational_severe
predictive_simple_fusion_greedy,47,inside-out/active/brisbane/2025-03-29/ping--2406:2d40:4600:8118::1-10ms-1h-2025-03-29-02-00-00.txt,brisbane,active,72.35903573163465,80.22451700468844,80.22451700468844,0.0,1,0,152.75,29.063514686578856,34.54063034057617,40.666899941314334,7.9007238814342955,5.477115653997316,30.980505165477915,32.62363986167711,48.14764211262189,34.726550687308674,operational_severe
predictive_simple_fusion_greedy,48,inside-out/active/brisbane/2025-03-29/ping--2406:2d40:4600:8118::1-10ms-1h-2025-03-29-02-00-00.txt,brisbane,active,92.36244234312201,84.72179573622587,84.72179573622587,0.0,1,0,147.166,32.8038998430693,37.284324645996094,45.65927440689106,10.784295433678704,4.480424802926791,34.37204852409368,35.71617596497172,55.51879956973703,37.93552203285134,operational_severe
predictive_simple_fusion_greedy,49,inside-out/active/brisbane/2025-03-29/ping--2406:2d40:4600:8118::1-10ms-1h-2025-03-29-02-00-00.txt,brisbane,active,81.68573520930988,89.3494672038844,89.3494672038844,0.0,1,0,151.75,29.816054444601832,35.7642707824707,42.40188535377737,10.639506900185001,5.948216337868871,31.897930162855936,33.6823950642166,52.20599511687351,36.10169628596088,operational_severe
predictive_simple_fusion_greedy,50,inside-out/active/bruhl/2025-03-01/ping-frntdeu1-2a0d:3341:b100:1e99::1-10ms-1h-2025-03-01-05-00-00.txt,bruhl,active,68.3219231421268,69.73208288897393,20.572501897293193,49.15958099168074,0,0,277.584,19.5047523236517,26.07296371459961,30.682173423193817,8.803754318361351,6.5682113909479085,21.803626310483466,23.774089727767837,38.72992519612578,25.87584690102358,operational_severe
predictive_simple_fusion_greedy,51,inside-out/active/bruhl/2025-03-02/ping-frntdeu1-2a0d:3341:b100:1e99::1-10ms-1h-2025-03-02-06-00-00.txt,bruhl,active,71.55090356187769,72.59234163489043,20.069478908188582,52.522862726701845,0,0,281.083,19.551779942377834,26.433406829833984,31.984345116651454,9.843852890651902,6.88162688745615,21.960349352987485,24.02483741922433,40.78309180489039,26.128857128219952,operational_severe
predictive_simple_fusion_greedy,52,inside-out/active/bruhl/2025-03-02/ping-frntdeu1-2a0d:3341:b100:1e99::1-10ms-1h-2025-03-02-02-00-00.txt,bruhl,active,71.03249369654284,73.1269443254897,20.735811648079306,52.3911326774104,0,0,279.708,19.622325096168424,26.406309127807617,31.99579933565628,10.326310711160366,6.783984031639193,21.99671950724214,24.031914716733898,41.14046687957665,26.110247630447915,operational_severe
predictive_simple_fusion_greedy,53,inside-out/active/bruhl/2025-03-02/ping-frntdeu1-2a0d:3341:b100:1e99::1-10ms-1h-2025-03-02-06-00-00.txt,bruhl,active,69.28884009999744,71.46019806361582,20.851403061224488,50.60879500239133,0,0,279.417,20.560143238040837,27.308246612548828,32.07969801453348,9.514260700154022,6.748103374507991,22.921979419118635,24.946410431471033,40.57425805808135,26.980085287354186,operational_severe
predictive_simple_fusion_greedy,54,inside-out/active/bruhl/2025-03-02/ping-frntdeu1-2a0d:3341:b100:1e99::1-10ms-1h-2025-03-02-01-00-00.txt,bruhl,active,67.28074722099835,66.255627430066,21.662744140625,44.592883289441,0,0,278.75,19.99214591681084,27.270605087280273,31.126868231468976,8.957805435878946,7.278459170469432,22.53960662647514,24.72314437761597,39.25264315452072,26.858411140805455,operational_severe
predictive_simple_fusion_greedy,55,inside-out/active/bruhl/2025-03-01/ping-frntdeu1-2a0d:3341:b100:1e99::1-10ms-1h-2025-03-01-11-00-00.txt,bruhl,active,66.97829651404096,66.961462062863,20.780806331931736,46.18065573093127,0,0,277.458,19.057687240594532,26.8095760345459,30.29129251526101,8.972513676984137,7.751888793951366,21.770848318477512,24.096414956662922,38.36794930462328,26.218875367682223,operational_severe
predictive_simple_fusion_greedy,56,inside-out/active/bruhl/2025-03-02/ping-frntdeu1-2a0d:3341:b100:1e99::1-10ms-1h-2025-03-02-01-00-00.txt,bruhl,active,66.37906580393138,67.70704359110636,21.17579214195184,46.53125144915452,0,0,273.0,19.42984245815751,27.012346267700195,30.82124767196059,9.055496336786103,7.582503809542686,22.083718791497446,24.35846993436025,38.946820454555926,26.450670845320285,operational_severe
predictive_simple_fusion_greedy,57,inside-out/active/bruhl/2025-03-02/ping-frntdeu1-2a0d:3341:b100:1e99::1-10ms-1h-2025-03-02-01-00-00.txt,bruhl,active,71.49801747705074,72.67528625215562,21.582094763092268,51.093191489063344,0,0,276.125,20.21027885235526,26.832536697387695,32.14124729337081,9.761325881211919,6.622257845032436,22.52806909811661,24.51474645162634,40.86600731198357,26.58073784383341,operational_severe
predictive_simple_fusion_greedy,58,inside-out/active/bruhl/2025-03-01/ping-frntdeu1-2a0d:3341:b100:1e99::1-10ms-1h-2025-03-01-00-00-00.txt,bruhl,active,65.67954280937398,66.25330648721908,21.75798062213157,44.49532586508751,0,0,274.125,19.64794499371419,26.462921142578125,30.60533822525788,8.62047361377071,6.814976148863934,22.033186645816567,24.07767949047575,38.323621069771235,26.012104739547457,operational_severe
predictive_simple_fusion_greedy,59,inside-out/active/bruhl/2025-03-02/ping-frntdeu1-2a0d:3341:b100:1e99::1-10ms-1h-2025-03-02-00-00-00.txt,bruhl,active,70.91512518585,71.87790796376292,19.0,52.87790796376292,0,0,272.084,20.07689239555475,27.130516052246094,31.594669899867046,9.10385972983763,7.053623656691343,22.545660675396718,24.66174777240412,39.914642291957776,26.859187732785767,operational_severe
predictive_consensus_greedy,47,inside-out/active/brisbane/2025-03-29/ping--2406:2d40:4600:8118::1-10ms-1h-2025-03-29-02-00-00.txt,brisbane,active,72.35903573163465,80.22451700468844,80.22451700468844,0.0,1,0,154.333,29.063514686578856,34.54063034057617,40.666899941314334,7.9007238814342955,5.477115653997316,30.980505165477915,32.62363986167711,48.14764211262189,34.726550687308674,operational_severe
predictive_consensus_greedy,48,inside-out/active/brisbane/2025-03-29/ping--2406:2d40:4600:8118::1-10ms-1h-2025-03-29-02-00-00.txt,brisbane,active,92.36244234312201,84.72179573622587,84.72179573622587,0.0,1,0,146.042,32.8038998430693,37.284324645996094,45.65927440689106,10.784295433678704,4.480424802926791,34.37204852409368,35.71617596497172,55.51879956973703,37.93552203285134,operational_severe
predictive_consensus_greedy,49,inside-out/active/brisbane/2025-03-29/ping--2406:2d40:4600:8118::1-10ms-1h-2025-03-29-02-00-00.txt,brisbane,active,81.68573520930988,89.3494672038844,89.3494672038844,0.0,1,0,149.292,29.816054444601832,35.7642707824707,42.40188535377737,10.639506900185001,5.948216337868871,31.897930162855936,33.6823950642166,52.20599511687351,36.10169628596088,operational_severe
predictive_consensus_greedy,50,inside-out/active/bruhl/2025-03-02/ping-frntdeu1-2a0d:3341:b100:1e99::1-10ms-1h-2025-03-02-06-00-00.txt,bruhl,active,73.93517799388785,74.87836869004525,20.572501897293193,54.305866792752056,0,0,285.292,20.2088096313837,25.112754821777344,32.55243430797095,10.301409765119924,4.903945190393642,21.925190448021475,23.396374005139567,41.70231647949162,25.310593371859657,operational_severe
predictive_consensus_greedy,51,inside-out/active/bruhl/2025-03-02/ping-frntdeu1-2a0d:3341:b100:1e99::1-10ms-1h-2025-03-02-06-00-00.txt,bruhl,active,71.55090356187769,72.59234163489043,20.069478908188582,52.522862726701845,0,0,283.708,19.551779942377834,26.433406829833984,31.984345116651454,9.843852890651902,6.88162688745615,21.960349352987485,24.02483741922433,40.78309180489039,26.128857128219952,operational_severe
predictive_consensus_greedy,52,inside-out/active/bruhl/2025-03-02/ping-frntdeu1-2a0d:3341:b100:1e99::1-10ms-1h-2025-03-02-02-00-00.txt,bruhl,active,71.03249369654284,73.1269443254897,20.735811648079306,52.3911326774104,0,0,276.958,19.622325096168424,26.406309127807617,31.99579933565628,10.326310711160366,6.783984031639193,21.99671950724214,24.031914716733898,41.14046687957665,26.110247630447915,operational_severe
predictive_consensus_greedy,53,inside-out/active/bruhl/2025-03-02/ping-frntdeu1-2a0d:3341:b100:1e99::1-10ms-1h-2025-03-02-03-00-00.txt,bruhl,active,67.36290397697078,69.559378884338,20.851403061224488,48.707975823113514,0,0,280.959,20.75720865641233,27.135639190673828,32.203912323598516,9.28736693827037,6.378430534261497,22.989659343403858,24.90318850368231,40.457392534416165,26.828986564223328,operational_severe
predictive_consensus_greedy,54,inside-out/active/bruhl/2025-03-02/ping-frntdeu1-2a0d:3341:b100:1e99::1-10ms-1h-2025-03-02-01-00-00.txt,bruhl,active,67.28074722099835,66.255627430066,21.662744140625,44.592883289441,0,0,274.375,19.99214591681084,27.270605087280273,31.126868231468976,8.957805435878946,7.278459170469432,22.53960662647514,24.72314437761597,39.25264315452072,26.858411140805455,operational_severe
predictive_consensus_greedy,55,inside-out/active/bruhl/2025-03-01/ping-frntdeu1-2a0d:3341:b100:1e99::1-10ms-1h-2025-03-01-03-00-00.txt,bruhl,active,73.75048818306169,75.32079297593732,20.780806331931736,54.53998664400559,0,0,274.791,20.95552058514113,25.507383346557617,33.4784537493489,10.52305649663145,4.551862761416487,22.5486725516369,23.914231380061846,42.857146516442256,25.85581805082326,operational_severe
predictive_consensus_greedy,56,inside-out/active/bruhl/2025-03-02/ping-frntdeu1-2a0d:3341:b100:1e99::1-10ms-1h-2025-03-02-01-00-00.txt,bruhl,active,66.37906580393138,67.70704359110636,21.17579214195184,46.53125144915452,0,0,278.292,19.42984245815751,27.012346267700195,30.82124767196059,9.055496336786103,7.582503809542686,22.083718791497446,24.35846993436025,38.946820454555926,26.450670845320285,operational_severe
predictive_consensus_greedy,57,inside-out/active/bruhl/2025-03-02/ping-frntdeu1-2a0d:3341:b100:1e99::1-10ms-1h-2025-03-02-01-00-00.txt,bruhl,active,71.49801747705074,72.67528625215562,21.582094763092268,51.093191489063344,0,0,359.542,20.21027885235526,26.832536697387695,32.14124729337081,9.761325881211919,6.622257845032436,22.52806909811661,24.51474645162634,40.86600731198357,26.58073784383341,operational_severe
predictive_consensus_greedy,58,inside-out/active/bruhl/2025-03-02/ping-frntdeu1-2a0d:3341:b100:1e99::1-10ms-1h-2025-03-02-00-00-00.txt,bruhl,active,69.88087554681893,73.462154071588,21.75798062213157,51.704173449456434,0,0,281.333,19.888036823356742,26.23247718811035,31.544426846667267,9.478722214411128,6.344440364753609,22.108590951020506,24.011923060446588,40.031077240908154,26.02397583035449,operational_severe
predictive_consensus_greedy,59,inside-out/active/bruhl/2025-03-02/ping-frntdeu1-2a0d:3341:b100:1e99::1-10ms-1h-2025-03-02-09-00-00.txt,bruhl,active,20.75279534530736,19.0,19.0,0.0,1,1,273.833,22.61433853746894,25.499021530151367,22.904697090882095,0.44655537023314473,2.8846829926824284,23.623977584907788,24.489382482712518,23.604894609579794,25.1431317730036,operational_severe
ensemble_uncertainty_selector,47,inside-out/active/brisbane/2025-03-29/ping--2406:2d40:4600:8118::1-10ms-1h-2025-03-29-02-00-00.txt,brisbane,active,72.35903573163465,80.22451700468844,80.22451700468844,0.0,1,0,171.708,29.063514686578856,34.54063034057617,40.666899941314334,7.9007238814342955,5.477115653997316,30.980505165477915,32.62363986167711,48.14764211262189,34.726550687308674,operational_severe
ensemble_uncertainty_selector,48,inside-out/active/brisbane/2025-03-29/ping--2406:2d40:4600:8118::1-10ms-1h-2025-03-29-02-00-00.txt,brisbane,active,92.36244234312201,84.72179573622587,84.72179573622587,0.0,1,0,152.125,32.8038998430693,37.284324645996094,45.65927440689106,10.784295433678704,4.480424802926791,34.37204852409368,35.71617596497172,55.51879956973703,37.93552203285134,operational_severe
ensemble_uncertainty_selector,49,inside-out/active/brisbane/2025-03-29/ping--2406:2d40:4600:8118::1-10ms-1h-2025-03-29-02-00-00.txt,brisbane,active,81.68573520930988,89.3494672038844,89.3494672038844,0.0,1,0,148.542,29.816054444601832,35.7642707824707,42.40188535377737,10.639506900185001,5.948216337868871,31.897930162855936,33.6823950642166,52.20599511687351,36.10169628596088,operational_severe
ensemble_uncertainty_selector,50,inside-out/active/bruhl/2025-03-02/ping-frntdeu1-2a0d:3341:b100:1e99::1-10ms-1h-2025-03-02-11-00-00.txt,bruhl,active,22.19843631778058,26.92907554671968,20.572501897293193,6.356573649426487,0,1,288.416,22.693073269898377,27.50005340576172,22.626424792796556,0.153418820189325,4.806980135863341,24.375516317450547,25.81761035820955,23.1402687480962,26.69708821195353,operational_severe
ensemble_uncertainty_selector,51,inside-out/active/bruhl/2025-03-02/ping-frntdeu1-2a0d:3341:b100:1e99::1-10ms-1h-2025-03-02-04-00-00.txt,bruhl,active,20.458820551759047,23.986740467404672,20.069478908188582,3.91726155921609,0,1,282.375,22.18159424091391,26.367902755737305,22.17130476630839,0.33968561223009713,4.186308514823395,23.6468022211021,24.90269477554912,22.73524369998797,25.630500351538462,operational_severe
ensemble_uncertainty_selector,52,inside-out/active/bruhl/2025-03-01/ping-frntdeu1-2a0d:3341:b100:1e99::1-10ms-1h-2025-03-01-00-00-00.txt,bruhl,active,20.901080673536065,24.760024183796855,20.735811648079306,4.024212535717549,0,1,280.291,22.77438573809377,27.680910110473633,22.699977814698464,0.18808319779582616,4.906524372379863,24.49166926842672,25.963626580140676,23.176247482671535,26.78948628700487,operational_severe
ensemble_uncertainty_selector,53,inside-out/active/bruhl/2025-03-01/ping-frntdeu1-2a0d:3341:b100:1e99::1-10ms-1h-2025-03-01-04-00-00.txt,bruhl,active,20.8537343358396,20.851403061224488,20.851403061224488,0.0,1,1,280.791,22.936189328087494,27.997434616088867,22.881777949848892,0.21655765804118954,5.061245288001373,24.707625178887973,26.225998765288384,23.379036720717014,27.066963821425748,operational_severe
ensemble_uncertainty_selector,54,inside-out/active/bruhl/2025-03-01/ping-frntdeu1-2a0d:3341:b100:1e99::1-10ms-1h-2025-03-01-04-00-00.txt,bruhl,active,20.851403061224488,23.254050037156304,21.662744140625,1.5913058965313027,0,1,278.584,22.424536740139956,28.164716720581055,22.48622515094202,0.2230905494615123,5.7401799804410985,24.43359973329434,26.15565372742667,23.017841801729816,27.09397046416244,operational_severe
ensemble_uncertainty_selector,55,inside-out/active/bruhl/2025-03-02/ping-frntdeu1-2a0d:3341:b100:1e99::1-10ms-1h-2025-03-02-01-00-00.txt,bruhl,active,21.65060613876709,20.780806331931736,20.780806331931736,0.0,1,1,277.0,22.388744793292062,26.86005210876465,22.761706494599515,0.2998772142391139,4.471307315472586,23.953702353707467,25.295094548349244,23.37428139711657,26.129892271734214,operational_severe
ensemble_uncertainty_selector,56,inside-out/active/bruhl/2025-03-02/ping-frntdeu1-2a0d:3341:b100:1e99::1-10ms-1h-2025-03-02-09-00-00.txt,bruhl,active,21.538257768721344,25.36848499285374,21.17579214195184,4.192692850901903,0,1,274.666,22.605816392191628,28.533294677734375,22.598808183480187,0.2448843081628963,5.9274782855427475,24.680433792131588,26.45867727779441,23.13513596662405,27.404089658370374,operational_severe
ensemble_uncertainty_selector,57,inside-out/active/bruhl/2025-03-01/ping-frntdeu1-2a0d:3341:b100:1e99::1-10ms-1h-2025-03-01-04-00-00.txt,bruhl,active,22.9062954602458,23.509030998291433,21.582094763092268,1.9269362351991646,0,1,274.833,22.38277182657839,27.489646911621094,22.77146389057098,0.31909784374606065,5.106875085042702,24.170178106343336,25.702240631856146,23.49238493304278,26.69452580002267,operational_severe
ensemble_uncertainty_selector,58,inside-out/active/bruhl/2025-03-02/ping-frntdeu1-2a0d:3341:b100:1e99::1-10ms-1h-2025-03-02-11-00-00.txt,bruhl,active,22.93319338108175,23.098639624041553,21.75798062213157,1.3406590019099838,0,1,278.167,23.376246755382454,27.8116455078125,23.485531492960202,0.23278239720382224,4.435398752430046,24.92863631873297,26.259255944461984,24.061346908481262,27.104024437323183,operational_severe
ensemble_uncertainty_selector,59,inside-out/active/bruhl/2025-03-02/ping-frntdeu1-2a0d:3341:b100:1e99::1-10ms-1h-2025-03-02-09-00-00.txt,bruhl,active,20.75279534530736,19.0,19.0,0.0,1,1,267.959,22.61433853746894,25.499021530151367,22.904697090882095,0.44655537023314473,2.8846829926824284,23.623977584907788,24.489382482712518,23.604894609579794,25.1431317730036,operational_severe
disagreement_aware_selector,47,inside-out/active/brisbane/2025-03-29/ping--2406:2d40:4600:8118::1-10ms-1h-2025-03-29-02-00-00.txt,brisbane,active,72.35903573163465,80.22451700468844,80.22451700468844,0.0,1,0,154.875,29.063514686578856,34.54063034057617,40.666899941314334,7.9007238814342955,5.477115653997316,30.980505165477915,32.62363986167711,48.14764211262189,34.726550687308674,operational_severe
disagreement_aware_selector,48,inside-out/active/brisbane/2025-03-29/ping--2406:2d40:4600:8118::1-10ms-1h-2025-03-29-02-00-00.txt,brisbane,active,92.36244234312201,84.72179573622587,84.72179573622587,0.0,1,0,147.792,32.8038998430693,37.284324645996094,45.65927440689106,10.784295433678704,4.480424802926791,34.37204852409368,35.71617596497172,55.51879956973703,37.93552203285134,operational_severe
disagreement_aware_selector,49,inside-out/active/brisbane/2025-03-29/ping--2406:2d40:4600:8118::1-10ms-1h-2025-03-29-02-00-00.txt,brisbane,active,81.68573520930988,89.3494672038844,89.3494672038844,0.0,1,0,145.916,29.816054444601832,35.7642707824707,42.40188535377737,10.639506900185001,5.948216337868871,31.897930162855936,33.6823950642166,52.20599511687351,36.10169628596088,operational_severe
disagreement_aware_selector,50,inside-out/active/bruhl/2025-03-02/ping-frntdeu1-2a0d:3341:b100:1e99::1-10ms-1h-2025-03-02-06-00-00.txt,bruhl,active,73.93517799388785,74.87836869004525,20.572501897293193,54.305866792752056,0,0,303.541,20.2088096313837,25.112754821777344,32.55243430797095,10.301409765119924,4.903945190393642,21.925190448021475,23.396374005139567,41.70231647949162,25.310593371859657,operational_severe
disagreement_aware_selector,51,inside-out/active/bruhl/2025-03-02/ping-frntdeu1-2a0d:3341:b100:1e99::1-10ms-1h-2025-03-02-04-00-00.txt,bruhl,active,20.458820551759047,23.986740467404672,20.069478908188582,3.91726155921609,0,1,289.5,22.18159424091391,26.367902755737305,22.17130476630839,0.33968561223009713,4.186308514823395,23.6468022211021,24.90269477554912,22.73524369998797,25.630500351538462,operational_severe
disagreement_aware_selector,52,inside-out/active/bruhl/2025-03-02/ping-frntdeu1-2a0d:3341:b100:1e99::1-10ms-1h-2025-03-02-02-00-00.txt,bruhl,active,71.03249369654284,73.1269443254897,20.735811648079306,52.3911326774104,0,0,279.25,19.622325096168424,26.406309127807617,31.99579933565628,10.326310711160366,6.783984031639193,21.99671950724214,24.031914716733898,41.14046687957665,26.110247630447915,operational_severe
disagreement_aware_selector,53,inside-out/active/bruhl/2025-03-02/ping-frntdeu1-2a0d:3341:b100:1e99::1-10ms-1h-2025-03-02-02-00-00.txt,bruhl,active,22.22624908603461,28.69517554334846,20.851403061224488,7.8437724821239705,0,1,278.209,22.895490925344347,26.119400024414062,22.88052913088544,0.2098762583139292,3.223909099069715,24.023859110018748,24.991031839739662,23.44095618517573,25.716442610201472,operational_severe
disagreement_aware_selector,54,inside-out/active/bruhl/2025-03-02/ping-frntdeu1-2a0d:3341:b100:1e99::1-10ms-1h-2025-03-02-09-00-00.txt,bruhl,active,20.63209197700575,23.170796019900497,21.662744140625,1.508051879275495,0,1,277.958,22.569258963912944,27.14838981628418,22.62620756318154,0.19674470660635116,4.579130852371236,24.171954762242876,25.545694017954247,23.056287234308183,26.286128244363248,operational_severe
disagreement_aware_selector,55,inside-out/active/bruhl/2025-03-02/ping-frntdeu1-2a0d:3341:b100:1e99::1-10ms-1h-2025-03-02-09-00-00.txt,bruhl,active,23.170796019900497,21.538257768721344,20.780806331931736,0.7574514367896086,0,1,281.875,22.937509793999197,26.331737518310547,23.0018101321282,0.3111506013495955,3.3942277243113494,24.12548949750817,25.143757814801575,23.599212071749694,25.847219575842008,operational_severe
disagreement_aware_selector,56,inside-out/active/bruhl/2025-03-01/ping-frntdeu1-2a0d:3341:b100:1e99::1-10ms-1h-2025-03-01-11-00-00.txt,bruhl,active,22.01310262529833,25.01591978212429,21.17579214195184,3.840127640172451,0,1,277.583,23.204629161735284,26.05791473388672,23.11536260054024,0.2602601086087341,2.853285572151435,24.203279111988287,25.05926478363372,23.662418107912462,25.69645376676453,operational_severe
disagreement_aware_selector,57,inside-out/active/bruhl/2025-03-02/ping-frntdeu1-2a0d:3341:b100:1e99::1-10ms-1h-2025-03-02-00-00-00.txt,bruhl,active,72.78349446726237,72.9809449676944,21.582094763092268,51.39885020460213,0,0,275.458,20.56472416468023,26.701417922973633,32.76345831879476,10.209807746035333,6.136693758293404,22.71256698008292,24.55357510757094,41.81626313605965,26.56269349113867,operational_severe
disagreement_aware_selector,58,inside-out/active/bruhl/2025-03-01/ping-frntdeu1-2a0d:3341:b100:1e99::1-10ms-1h-2025-03-01-04-00-00.txt,bruhl,active,23.509030998291433,24.01265854265108,21.75798062213157,2.254677920519512,0,1,275.25,23.227937813460812,26.081663131713867,23.34238397894475,0.32933947741545117,2.853725318253055,24.226741674849382,25.082859270325297,24.0685238683478,25.847367083492067,operational_severe
disagreement_aware_selector,59,inside-out/active/bruhl/2025-03-02/ping-frntdeu1-2a0d:3341:b100:1e99::1-10ms-1h-2025-03-02-09-00-00.txt,bruhl,active,20.75279534530736,19.0,19.0,0.0,1,1,270.917,22.61433853746894,25.499021530151367,22.904697090882095,0.44655537023314473,2.8846829926824284,23.623977584907788,24.489382482712518,23.604894609579794,25.1431317730036,operational_severe
