model_name,mae,rmse,mape,row_count
persistence,6.471216085455196,9.428586008860089,0.1544127499325422,162
linear_regression,4.710511219721537,7.467878511667374,0.11061945374933263,162
